t,src,ex,ey,area,age,pan_cmd,tilt_cmd,status,pan_pos,tilt_pos
1.9282,cmd,,,,,0.00000,0.00000,,,
1.9284,status,,,,,,,LOST,,
1.9445,target,-0.31730,0.94100,0.004047,3978.7463,,,,,
1.9734,cmd,,,,,0.60000,0.40000,,,
1.9740,status,,,,,,,TRACKING,,
1.9750,target,-0.32433,0.87029,0.011406,3978.7435,,,,,
2.0112,target,-0.32619,0.75584,0.015093,3978.7462,,,,,
2.0242,cmd,,,,,0.60000,0.40000,,,
2.0254,status,,,,,,,TRACKING,,
2.0447,target,-0.31555,0.63351,0.016263,3978.7464,,,,,
2.0731,cmd,,,,,0.60000,0.40000,,,
2.0760,target,-0.30805,0.52508,0.017138,3978.7444,,,,,
2.0761,status,,,,,,,TRACKING,,
2.1105,target,-0.30284,0.42613,0.017687,3978.7454,,,,,
2.1254,cmd,,,,,0.60000,0.34091,,,
2.1284,status,,,,,,,TRACKING,,
2.1436,target,-0.29463,0.33149,0.018791,3978.7452,,,,,
2.1762,cmd,,,,,0.60000,0.26519,,,
2.1763,status,,,,,,,TRACKING,,
2.1766,target,-0.28157,0.25283,0.020056,3978.7449,,,,,
2.2128,target,-0.26437,0.17946,0.020141,3978.7477,,,,,
2.2252,cmd,,,,,0.60000,0.14357,,,
2.2255,status,,,,,,,TRACKING,,
2.2472,target,-0.24440,0.10564,0.020488,3978.7488,,,,,
2.2733,cmd,,,,,0.60000,0.08451,,,
2.2734,status,,,,,,,TRACKING,,
2.2770,target,-0.22235,0.03608,0.020384,3978.7452,,,,,
2.3113,target,-0.20235,-0.02740,0.020260,3978.7462,,,,,
2.3248,cmd,,,,,0.50587,0.00000,,,
2.3249,status,,,,,,,TRACKING,,
2.3446,target,-0.17748,-0.08466,0.020180,3978.7460,,,,,
2.3733,cmd,,,,,0.44371,-0.06772,,,
2.3755,status,,,,,,,TRACKING,,
2.3774,target,-0.14252,-0.13901,0.020718,3978.7455,,,,,
2.4122,target,-0.10513,-0.18425,0.022075,3978.7470,,,,,
2.4252,cmd,,,,,0.26283,-0.14740,,,
2.4253,status,,,,,,,TRACKING,,
2.4460,target,-0.06944,-0.22723,0.023177,3978.7474,,,,,
2.4732,cmd,,,,,0.17359,-0.18178,,,
2.4756,status,,,,,,,TRACKING,,
2.4780,target,-0.03515,-0.27013,0.024249,3978.7461,,,,,
2.5112,target,-0.00226,-0.30718,0.025117,3978.7459,,,,,
2.5250,cmd,,,,,0.00000,-0.24575,,,
2.5273,status,,,,,,,TRACKING,,
2.5456,target,0.02870,-0.34227,0.026126,3978.7469,,,,,
2.5732,cmd,,,,,0.00000,-0.27382,,,
2.5774,status,,,,,,,TRACKING,,
2.5793,target,0.05852,-0.36575,0.026955,3978.7473,,,,,
2.6111,target,0.08564,-0.38188,0.027593,3978.7458,,,,,
2.6246,cmd,,,,,-0.21410,-0.30550,,,
2.6258,status,,,,,,,TRACKING,,
2.6441,target,0.10897,-0.39421,0.028479,3978.7454,,,,,
2.6731,cmd,,,,,-0.27243,-0.31537,,,
2.6732,status,,,,,,,TRACKING,,
2.6762,target,0.12811,-0.39897,0.029158,3978.7442,,,,,
2.7112,target,0.14362,-0.39320,0.029720,3978.7458,,,,,
2.7243,cmd,,,,,-0.35906,-0.31456,,,
2.7281,status,,,,,,,TRACKING,,
2.7439,target,0.15659,-0.38154,0.029993,3978.7451,,,,,
2.7732,cmd,,,,,-0.39149,-0.30523,,,
2.7748,status,,,,,,,TRACKING,,
2.7773,target,0.16646,-0.36646,0.030228,3978.7452,,,,,
2.8120,target,0.17163,-0.34822,0.030731,3978.7465,,,,,
2.8273,cmd,,,,,-0.42907,-0.27857,,,
2.8274,status,,,,,,,TRACKING,,
2.8432,target,0.17295,-0.32490,0.030703,3978.7443,,,,,
2.8733,cmd,,,,,-0.43237,-0.25992,,,
2.8737,status,,,,,,,TRACKING,,
2.8760,target,0.17125,-0.30291,0.030592,3978.7438,,,,,
2.9114,target,0.17137,-0.27846,0.030410,3978.7458,,,,,
2.9271,cmd,,,,,-0.42842,-0.22276,,,
2.9273,status,,,,,,,TRACKING,,
2.9430,target,0.17091,-0.25399,0.030375,3978.7441,,,,,
2.9751,cmd,,,,,-0.42728,-0.20319,,,
2.9752,status,,,,,,,TRACKING,,
2.9785,target,0.16593,-0.22591,0.030265,3978.7462,,,,,
3.0101,target,0.16021,-0.19693,0.030234,3978.7444,,,,,
3.0247,cmd,,,,,-0.40053,-0.15755,,,
3.0271,status,,,,,,,TRACKING,,
3.0466,target,0.15303,-0.17206,0.030011,3978.7476,,,,,
3.0732,cmd,,,,,-0.38257,-0.13765,,,
3.0756,target,0.14371,-0.14549,0.029720,3978.7433,,,,,
3.0758,status,,,,,,,TRACKING,,
3.1112,target,0.13267,-0.11615,0.029371,3978.7455,,,,,
3.1267,cmd,,,,,-0.33168,-0.09292,,,
3.1279,status,,,,,,,TRACKING,,
3.1416,target,0.12033,-0.09509,0.029182,3978.7425,,,,,
3.1732,cmd,,,,,-0.30082,-0.07607,,,
3.1759,target,0.10678,-0.07160,0.028971,3978.7435,,,,,
3.1760,status,,,,,,,TRACKING,,
3.2118,target,0.09056,-0.05284,0.028865,3978.7460,,,,,
3.2243,cmd,,,,,-0.22639,-0.04227,,,
3.2259,status,,,,,,,TRACKING,,
3.2289,joint,,,,,,,,-0.07670,0.06596
3.2441,target,0.07283,-0.03912,0.028598,3978.7450,,,,,
3.2731,cmd,,,,,-0.18208,0.00000,,,
3.2732,status,,,,,,,TRACKING,,
3.2765,target,0.05369,-0.03038,0.028403,3978.7440,,,,,
3.3102,target,0.03444,-0.02087,0.028262,3978.7443,,,,,
3.3254,cmd,,,,,0.00000,0.00000,,,
3.3255,status,,,,,,,CENTERED,,
3.3436,target,0.01384,-0.01309,0.028355,3978.7444,,,,,
3.3731,cmd,,,,,0.00000,0.00000,,,
3.3732,status,,,,,,,CENTERED,,
3.3771,target,-0.00752,-0.00342,0.028316,3978.7445,,,,,
3.4108,target,-0.02964,-0.00084,0.028611,3978.7449,,,,,
3.4246,cmd,,,,,0.00000,0.00000,,,
3.4265,status,,,,,,,CENTERED,,
3.4432,target,-0.04966,0.00609,0.028856,3978.7439,,,,,
3.4734,cmd,,,,,0.00000,0.00000,,,
3.4736,status,,,,,,,CENTERED,,
3.4775,target,-0.06742,0.00085,0.029041,3978.7449,,,,,
3.5117,target,-0.08299,-0.00242,0.029316,3978.7458,,,,,
3.5242,cmd,,,,,0.20747,0.00000,,,
3.5271,status,,,,,,,TRACKING,,
3.5441,target,-0.09435,-0.00934,0.029635,3978.7448,,,,,
3.5732,cmd,,,,,0.23588,0.00000,,,
3.5743,status,,,,,,,TRACKING,,
3.5771,target,-0.10112,-0.01706,0.029694,3978.7444,,,,,
3.6136,target,-0.10342,-0.02627,0.029718,3978.7475,,,,,
3.6252,cmd,,,,,0.25855,0.00000,,,
3.6253,status,,,,,,,TRACKING,,
3.6442,target,-0.10373,-0.03338,0.029820,3978.7448,,,,,
3.6736,cmd,,,,,0.25934,0.00000,,,
3.6738,status,,,,,,,TRACKING,,
3.6784,target,-0.10098,-0.03713,0.029622,3978.7456,,,,,
3.7118,target,-0.09652,-0.03890,0.029727,3978.7457,,,,,
3.7252,cmd,,,,,0.24131,0.00000,,,
3.7270,status,,,,,,,TRACKING,,
3.7432,target,-0.09428,-0.03845,0.029735,3978.7437,,,,,
3.7442,joint,,,,,,,,-0.15493,0.09051
3.7735,cmd,,,,,0.23570,0.00000,,,
3.7737,status,,,,,,,TRACKING,,
3.7790,target,-0.09152,-0.03864,0.029831,3978.7462,,,,,
3.8127,target,-0.08857,-0.04025,0.029946,3978.7465,,,,,
3.8263,cmd,,,,,0.22143,0.00000,,,
3.8266,status,,,,,,,TRACKING,,
3.8429,target,-0.08368,-0.04306,0.029915,3978.7433,,,,,
3.8734,cmd,,,,,0.20919,0.00000,,,
3.8742,status,,,,,,,TRACKING,,
3.8780,target,-0.07743,-0.04636,0.030046,3978.7451,,,,,
3.9108,target,-0.07068,-0.05085,0.029907,3978.7445,,,,,
3.9254,cmd,,,,,0.17670,-0.04068,,,
3.9268,status,,,,,,,TRACKING,,
3.9454,target,-0.06441,-0.05721,0.029963,3978.7458,,,,,
3.9731,cmd,,,,,0.16103,-0.04577,,,
3.9732,status,,,,,,,TRACKING,,
3.9786,target,-0.05739,-0.06222,0.029891,3978.7456,,,,,
4.0103,target,-0.04976,-0.06459,0.029978,3978.7439,,,,,
4.0253,cmd,,,,,0.00000,-0.05167,,,
4.0254,status,,,,,,,TRACKING,,
4.0458,target,-0.04088,-0.06388,0.029907,3978.7461,,,,,
4.0732,cmd,,,,,0.00000,-0.05111,,,
4.0733,status,,,,,,,TRACKING,,
4.0766,target,-0.03142,-0.05894,0.029896,3978.7435,,,,,
4.1126,target,-0.02044,-0.05650,0.029813,3978.7462,,,,,
4.1246,cmd,,,,,0.00000,-0.04520,,,
4.1248,status,,,,,,,TRACKING,,
4.1439,target,-0.00968,-0.05072,0.029718,3978.7441,,,,,
4.1735,cmd,,,,,0.00000,-0.04058,,,
4.1738,status,,,,,,,TRACKING,,
4.1790,target,-0.00016,-0.04610,0.029807,3978.7459,,,,,
4.2126,target,0.00668,-0.04304,0.029829,3978.7461,,,,,
4.2253,cmd,,,,,0.00000,0.00000,,,
4.2263,status,,,,,,,CENTERED,,
4.2445,joint,,,,,,,,-0.07823,0.09204
4.2449,target,0.01065,-0.03874,0.029792,3978.7451,,,,,
4.2732,cmd,,,,,0.00000,0.00000,,,
4.2735,status,,,,,,,CENTERED,,
4.2774,target,0.01225,-0.03138,0.029985,3978.7442,,,,,
4.3126,target,0.01137,-0.02774,0.029761,3978.7461,,,,,
4.3243,cmd,,,,,0.00000,0.00000,,,
4.3259,status,,,,,,,CENTERED,,
4.3445,target,0.00601,-0.01849,0.029941,3978.7446,,,,,
4.3732,cmd,,,,,0.00000,0.00000,,,
4.3733,status,,,,,,,CENTERED,,
4.3766,target,0.00205,-0.01910,0.030161,3978.7434,,,,,
4.4116,target,0.00168,-0.01365,0.029881,3978.7449,,,,,
4.4254,cmd,,,,,0.00000,0.00000,,,
4.4268,status,,,,,,,CENTERED,,
4.4428,target,0.00236,-0.01398,0.030345,3978.7428,,,,,
4.4732,cmd,,,,,0.00000,0.00000,,,
4.4751,status,,,,,,,CENTERED,,
4.4775,target,0.00323,-0.01415,0.030273,3978.7442,,,,,
4.5113,target,0.00612,-0.00917,0.030417,3978.7446,,,,,
4.5246,cmd,,,,,0.00000,0.00000,,,
4.5261,status,,,,,,,CENTERED,,
4.5443,target,0.00722,-0.01147,0.030584,3978.7443,,,,,
4.5733,cmd,,,,,0.00000,0.00000,,,
4.5734,status,,,,,,,CENTERED,,
4.5782,target,0.00841,-0.00564,0.030575,3978.7448,,,,,
4.6120,target,0.01070,-0.00505,0.030354,3978.7452,,,,,
4.6252,cmd,,,,,0.00000,0.00000,,,
4.6253,status,,,,,,,CENTERED,,
4.6456,target,0.01167,-0.00153,0.030171,3978.7455,,,,,
4.6734,cmd,,,,,0.00000,0.00000,,,
4.6737,status,,,,,,,CENTERED,,
4.6778,target,0.01242,0.00564,0.030827,3978.7443,,,,,
4.7127,target,0.01424,0.00577,0.030781,3978.7458,,,,,
4.7249,cmd,,,,,0.00000,0.00000,,,
4.7269,status,,,,,,,CENTERED,,
4.7298,joint,,,,,,,,-0.08590,0.09511
4.7432,target,0.01690,0.01246,0.030888,3978.7430,,,,,
4.7731,cmd,,,,,0.00000,0.00000,,,
4.7747,status,,,,,,,CENTERED,,
4.7772,target,0.01931,0.01288,0.030951,3978.7436,,,,,
4.8121,target,0.02165,0.01286,0.030866,3978.7451,,,,,
4.8280,cmd,,,,,0.00000,0.00000,,,
4.8281,status,,,,,,,CENTERED,,
4.8430,target,0.02372,0.01029,0.031076,3978.7427,,,,,
4.8733,cmd,,,,,0.00000,0.00000,,,
4.8736,status,,,,,,,CENTERED,,
4.8782,target,0.02661,0.00516,0.031007,3978.7445,,,,,
4.9106,target,0.03021,0.00332,0.030888,3978.7436,,,,,
4.9248,cmd,,,,,0.00000,0.00000,,,
4.9286,status,,,,,,,CENTERED,,
4.9436,target,0.03458,-0.00121,0.031016,3978.7432,,,,,
4.9732,cmd,,,,,0.00000,0.00000,,,
4.9735,status,,,,,,,CENTERED,,
4.9785,target,0.03827,-0.00345,0.030816,3978.7448,,,,,
5.0115,target,0.04180,-0.00550,0.030918,3978.7444,,,,,
5.0243,cmd,,,,,0.00000,0.00000,,,
5.0244,status,,,,,,,CENTERED,,
5.0460,target,0.04457,-0.00862,0.030809,3978.7455,,,,,
5.0734,cmd,,,,,0.00000,0.00000,,,
5.0735,status,,,,,,,CENTERED,,
5.0785,target,0.04579,-0.00926,0.030851,3978.7447,,,,,
5.1126,target,0.04744,-0.00887,0.030968,3978.7454,,,,,
5.1274,cmd,,,,,0.00000,0.00000,,,
5.1290,status,,,,,,,CENTERED,,
5.1456,target,0.04950,-0.00400,0.030940,3978.7451,,,,,
5.1742,cmd,,,,,0.00000,0.00000,,,
5.1743,status,,,,,,,CENTERED,,
5.1812,target,0.04975,0.00301,0.031250,3978.7473,,,,,
5.2149,target,0.04954,0.01011,0.031213,3978.7477,,,,,
5.2259,cmd,,,,,0.00000,0.00000,,,
5.2277,status,,,,,,,CENTERED,,
5.2458,target,0.04905,0.01504,0.031220,3978.7452,,,,,
5.2648,joint,,,,,,,,-0.08590,0.09511
5.2752,cmd,,,,,0.00000,0.00000,,,
5.2753,status,,,,,,,CENTERED,,
5.2803,target,0.04765,0.01568,0.031131,3978.7463,,,,,
5.3134,target,0.04501,0.01786,0.031209,3978.7461,,,,,
5.3245,cmd,,,,,0.00000,0.00000,,,
5.3255,status,,,,,,,CENTERED,,
5.3447,target,0.04251,0.02246,0.031155,3978.7440,,,,,
5.3744,cmd,,,,,0.00000,0.00000,,,
5.3746,status,,,,,,,CENTERED,,
5.3806,target,0.03999,0.02941,0.031089,3978.7465,,,,,
5.4129,target,0.03640,0.04250,0.031113,3978.7455,,,,,
5.4245,cmd,,,,,0.00000,0.00000,,,
5.4246,status,,,,,,,CENTERED,,
5.4464,target,0.03506,0.05329,0.030968,3978.7457,,,,,
5.4735,cmd,,,,,0.00000,0.04263,,,
5.4748,status,,,,,,,TRACKING,,
5.4786,target,0.03471,0.05921,0.030840,3978.7445,,,,,
5.5146,target,0.03292,0.06268,0.030838,3978.7472,,,,,
5.5252,cmd,,,,,0.00000,0.05014,,,
5.5253,status,,,,,,,TRACKING,,
5.5456,target,0.03257,0.05879,0.030985,3978.7448,,,,,
5.5733,cmd,,,,,0.00000,0.04703,,,
5.5735,status,,,,,,,TRACKING,,
5.5778,target,0.03480,0.04932,0.030944,3978.7436,,,,,
5.6124,target,0.03808,0.03195,0.031016,3978.7449,,,,,
5.6250,cmd,,,,,0.00000,0.00000,,,
5.6278,status,,,,,,,CENTERED,,
5.6450,target,0.04306,0.00556,0.031016,3978.7441,,,,,
5.6734,cmd,,,,,0.00000,0.00000,,,
5.6737,status,,,,,,,CENTERED,,
5.6776,target,0.04917,-0.02490,0.030898,3978.7434,,,,,
5.7120,target,0.05475,-0.05985,0.031009,3978.7444,,,,,
5.7251,cmd,,,,,-0.13688,-0.04788,,,
5.7252,status,,,,,,,TRACKING,,
5.7471,target,0.06024,-0.09571,0.031139,3978.7462,,,,,
5.7655,joint,,,,,,,,-0.08437,0.09511
5.7751,cmd,,,,,-0.15060,-0.07657,,,
5.7752,status,,,,,,,TRACKING,,
5.7800,target,0.06490,-0.12677,0.031393,3978.7457,,,,,
5.8129,target,0.06985,-0.15695,0.031671,3978.7453,,,,,
5.8252,cmd,,,,,-0.17462,-0.12556,,,
5.8264,status,,,,,,,TRACKING,,
5.8473,target,0.07407,-0.18287,0.031858,3978.7463,,,,,
5.8739,cmd,,,,,-0.18518,-0.14629,,,
5.8746,status,,,,,,,TRACKING,,
5.8793,target,0.07781,-0.20631,0.032070,3978.7449,,,,,
5.9139,target,0.08019,-0.22703,0.032363,3978.7461,,,,,
5.9248,cmd,,,,,-0.20048,-0.18162,,,
5.9249,status,,,,,,,TRACKING,,
5.9459,target,0.07970,-0.24480,0.032517,3978.7448,,,,,
5.9732,cmd,,,,,-0.19924,-0.19584,,,
5.9733,status,,,,,,,TRACKING,,
5.9774,target,0.07723,-0.26206,0.032773,3978.7430,,,,,
6.0136,target,0.07229,-0.27365,0.033003,3978.7458,,,,,
6.0252,cmd,,,,,-0.18071,-0.21892,,,
6.0253,status,,,,,,,TRACKING,,
6.0438,target,0.06531,-0.28114,0.033277,3978.7426,,,,,
6.0736,cmd,,,,,-0.16329,-0.22491,,,
6.0737,status,,,,,,,TRACKING,,
6.0790,target,0.05820,-0.28301,0.033546,3978.7445,,,,,
6.1121,target,0.05000,-0.28391,0.033678,3978.7442,,,,,
6.1265,cmd,,,,,-0.12500,-0.22713,,,
6.1266,status,,,,,,,TRACKING,,
6.1483,target,0.04325,-0.28710,0.034271,3978.7471,,,,,
6.1741,cmd,,,,,0.00000,-0.22968,,,
6.1751,status,,,,,,,TRACKING,,
6.1807,target,0.03882,-0.28774,0.034481,3978.7461,,,,,
6.2139,target,0.03446,-0.28912,0.034746,3978.7460,,,,,
6.2243,cmd,,,,,0.00000,-0.23129,,,
6.2258,status,,,,,,,TRACKING,,
6.2465,target,0.03159,-0.29089,0.035007,3978.7452,,,,,
6.2733,cmd,,,,,0.00000,-0.23271,,,
6.2747,status,,,,,,,TRACKING,,
6.2780,target,0.03029,-0.28997,0.035080,3978.7433,,,,,
6.3043,joint,,,,,,,,-0.12118,0.12732
6.3139,target,0.02842,-0.29186,0.035030,3978.7458,,,,,
6.3251,cmd,,,,,0.00000,-0.23348,,,
6.3252,status,,,,,,,TRACKING,,
6.3466,target,0.02692,-0.29310,0.035082,3978.7452,,,,,
6.3738,cmd,,,,,0.00000,-0.23448,,,
6.3759,status,,,,,,,TRACKING,,
6.3795,target,0.02793,-0.28707,0.034920,3978.7447,,,,,
6.4145,target,0.03010,-0.28070,0.034729,3978.7464,,,,,
6.4253,cmd,,,,,0.00000,-0.22456,,,
6.4254,status,,,,,,,TRACKING,,
6.4470,target,0.03563,-0.26578,0.034390,3978.7455,,,,,
6.4763,cmd,,,,,0.00000,-0.21262,,,
6.4764,status,,,,,,,TRACKING,,
6.4819,target,0.04149,-0.24506,0.034182,3978.7470,,,,,
6.5136,target,0.04482,-0.22472,0.034036,3978.7455,,,,,
6.5252,cmd,,,,,0.00000,-0.17978,,,
6.5254,status,,,,,,,TRACKING,,
6.5479,target,0.04880,-0.20243,0.033813,3978.7463,,,,,
6.5742,cmd,,,,,0.00000,-0.16194,,,
6.5750,status,,,,,,,TRACKING,,
6.5803,target,0.04956,-0.18569,0.033709,3978.7454,,,,,
6.6141,target,0.04984,-0.17112,0.033453,3978.7459,,,,,
6.6253,cmd,,,,,0.00000,-0.13690,,,
6.6255,status,,,,,,,TRACKING,,
6.6453,target,0.04995,-0.15634,0.033299,3978.7437,,,,,
6.6752,cmd,,,,,0.00000,-0.12507,,,
6.6753,status,,,,,,,TRACKING,,
6.6798,target,0.05002,-0.13829,0.033205,3978.7448,,,,,
6.7138,target,0.05028,-0.11926,0.033064,3978.7455,,,,,
6.7245,cmd,,,,,-0.12570,-0.09541,,,
6.7248,status,,,,,,,TRACKING,,
6.7468,target,0.05012,-0.09935,0.032804,3978.7451,,,,,
6.7742,cmd,,,,,-0.12530,-0.07948,,,
6.7743,status,,,,,,,TRACKING,,
6.7809,target,0.05035,-0.07695,0.032717,3978.7459,,,,,
6.8042,joint,,,,,,,,-0.11505,0.22703
6.8143,target,0.04889,-0.05594,0.032569,3978.7459,,,,,
6.8252,cmd,,,,,0.00000,-0.04475,,,
6.8254,status,,,,,,,TRACKING,,
6.8500,target,0.04776,-0.03319,0.032352,3978.7482,,,,,
6.8741,cmd,,,,,0.00000,0.00000,,,
6.8745,status,,,,,,,CENTERED,,
6.8796,target,0.04576,-0.01383,0.032313,3978.7445,,,,,
6.9142,target,0.04341,0.00522,0.032174,3978.7457,,,,,
6.9245,cmd,,,,,0.00000,0.00000,,,
6.9246,status,,,,,,,CENTERED,,
6.9467,target,0.03824,0.01987,0.032209,3978.7448,,,,,
6.9742,cmd,,,,,0.00000,0.00000,,,
6.9751,status,,,,,,,CENTERED,,
6.9805,target,0.03352,0.03075,0.032140,3978.7453,,,,,
7.0150,target,0.03170,0.03411,0.032010,3978.7464,,,,,
7.0253,cmd,,,,,0.00000,0.00000,,,
7.0254,status,,,,,,,CENTERED,,
7.0467,target,0.03032,0.03484,0.031905,3978.7447,,,,,
7.0734,cmd,,,,,0.00000,0.00000,,,
7.0735,status,,,,,,,CENTERED,,
7.0783,target,0.02833,0.03171,0.032005,3978.7430,,,,,
7.1149,target,0.02668,0.02906,0.031912,3978.7462,,,,,
7.1245,cmd,,,,,0.00000,0.00000,,,
7.1253,status,,,,,,,CENTERED,,
7.1483,target,0.02606,0.02878,0.031931,3978.7463,,,,,
7.1753,cmd,,,,,0.00000,0.00000,,,
7.1754,status,,,,,,,CENTERED,,
7.1813,target,0.02557,0.03296,0.031966,3978.7460,,,,,
7.2148,target,0.02358,0.04005,0.031957,3978.7461,,,,,
7.2238,cmd,,,,,0.00000,0.00000,,,
7.2240,status,,,,,,,CENTERED,,
7.2452,target,0.02153,0.04677,0.032066,3978.7431,,,,,
7.2740,cmd,,,,,0.00000,0.00000,,,
7.2742,status,,,,,,,CENTERED,,
7.2794,target,0.01972,0.06007,0.032079,3978.7439,,,,,
7.3149,target,0.01964,0.07691,0.032094,3978.7461,,,,,
7.3238,cmd,,,,,0.00000,0.06153,,,
7.3252,status,,,,,,,TRACKING,,
7.3254,joint,,,,,,,,-0.11965,0.25311
7.3480,target,0.02061,0.09810,0.032333,3978.7458,,,,,
7.3735,cmd,,,,,0.00000,0.07848,,,
7.3749,status,,,,,,,TRACKING,,
7.3819,target,0.02288,0.12142,0.032339,3978.7464,,,,,
7.4159,target,0.02360,0.14682,0.032576,3978.7470,,,,,
7.4238,cmd,,,,,0.00000,0.11746,,,
7.4239,status,,,,,,,TRACKING,,
7.4469,target,0.02318,0.16842,0.032945,3978.7447,,,,,
7.4735,cmd,,,,,0.00000,0.13474,,,
7.4750,status,,,,,,,TRACKING,,
7.4785,target,0.02139,0.18321,0.033103,3978.7429,,,,,
7.5152,target,0.02181,0.19312,0.033247,3978.7462,,,,,
7.5240,cmd,,,,,0.00000,0.15449,,,
7.5250,status,,,,,,,TRACKING,,
7.5476,target,0.02207,0.19925,0.033329,3978.7453,,,,,
7.5738,cmd,,,,,0.00000,0.15940,,,
7.5739,status,,,,,,,TRACKING,,
7.5791,target,0.02023,0.21235,0.033730,3978.7435,,,,,
7.6145,target,0.01970,0.21369,0.033711,3978.7455,,,,,
7.6255,cmd,,,,,0.00000,0.17095,,,
7.6258,status,,,,,,,TRACKING,,
7.6450,target,0.02130,0.22056,0.033546,3978.7426,,,,,
7.6753,cmd,,,,,0.00000,0.17645,,,
7.6755,status,,,,,,,TRACKING,,
7.6823,target,0.02261,0.21526,0.033340,3978.7465,,,,,
7.7139,target,0.02307,0.20903,0.033084,3978.7448,,,,,
7.7244,cmd,,,,,0.00000,0.16723,,,
7.7247,status,,,,,,,TRACKING,,
7.7499,target,0.02393,0.20078,0.032919,3978.7475,,,,,
7.7752,cmd,,,,,0.00000,0.16062,,,
7.7753,status,,,,,,,TRACKING,,
7.7817,target,0.02369,0.19583,0.032908,3978.7459,,,,,
7.8143,target,0.02344,0.19122,0.033032,3978.7452,,,,,
7.8252,cmd,,,,,0.00000,0.15298,,,
7.8253,status,,,,,,,TRACKING,,
7.8447,joint,,,,,,,,-0.11965,0.22856
7.8494,target,0.02196,0.19126,0.033049,3978.7469,,,,,
7.8760,cmd,,,,,0.00000,0.15301,,,
7.8761,status,,,,,,,TRACKING,,
7.8798,target,0.02069,0.19179,0.033140,3978.7440,,,,,
7.9178,target,0.01943,0.18755,0.033116,3978.7486,,,,,
7.9238,cmd,,,,,0.00000,0.15004,,,
7.9239,status,,,,,,,TRACKING,,
7.9474,target,0.01849,0.18460,0.033214,3978.7448,,,,,
7.9744,cmd,,,,,0.00000,0.14768,,,
7.9747,status,,,,,,,TRACKING,,
7.9799,target,0.01669,0.17634,0.033268,3978.7440,,,,,
8.0150,target,0.01526,0.16886,0.033275,3978.7457,,,,,
8.0252,cmd,,,,,0.00000,0.13509,,,
8.0253,status,,,,,,,TRACKING,,
8.0482,target,0.01261,0.15606,0.033292,3978.7456,,,,,
8.0732,cmd,,,,,0.00000,0.12485,,,
8.0733,status,,,,,,,TRACKING,,
8.0820,target,0.01049,0.14302,0.033077,3978.7461,,,,,
8.1139,target,0.00741,0.12747,0.033385,3978.7445,,,,,
8.1242,cmd,,,,,0.00000,0.10198,,,
8.1250,status,,,,,,,TRACKING,,
8.1507,target,0.00204,0.11102,0.032917,3978.7480,,,,,
8.1735,cmd,,,,,0.00000,0.08881,,,
8.1736,status,,,,,,,TRACKING,,
8.1821,target,-0.00653,0.08647,0.033038,3978.7460,,,,,
8.2176,target,-0.01741,0.06141,0.032509,3978.7481,,,,,
8.2253,cmd,,,,,0.00000,0.04913,,,
8.2256,status,,,,,,,TRACKING,,
8.2468,target,-0.03171,0.03262,0.032576,3978.7440,,,,,
8.2731,cmd,,,,,0.00000,0.00000,,,
8.2732,status,,,,,,,CENTERED,,
8.2836,target,-0.04836,0.00417,0.032318,3978.7474,,,,,
8.3181,target,-0.06998,-0.02598,0.032261,3978.7486,,,,,
8.3238,cmd,,,,,0.17494,0.00000,,,
8.3239,status,,,,,,,TRACKING,,
8.3459,target,-0.09295,-0.05799,0.032606,3978.7431,,,,,
8.3664,joint,,,,,,,,-0.11965,0.15800
8.3748,cmd,,,,,0.23238,-0.04639,,,
8.3749,status,,,,,,,TRACKING,,
8.3818,target,-0.11621,-0.08686,0.032958,3978.7456,,,,,
8.4172,target,-0.13861,-0.11243,0.033457,3978.7477,,,,,
8.4238,cmd,,,,,0.34653,-0.08994,,,
8.4239,status,,,,,,,TRACKING,,
8.4463,target,-0.16051,-0.12883,0.033793,3978.7434,,,,,
8.4733,cmd,,,,,0.40127,-0.10306,,,
8.4742,status,,,,,,,TRACKING,,
8.4829,target,-0.18080,-0.14529,0.034750,3978.7467,,,,,
8.5141,target,-0.19733,-0.15412,0.034803,3978.7445,,,,,
8.5241,cmd,,,,,0.49332,-0.12329,,,
8.5242,status,,,,,,,TRACKING,,
8.5498,target,-0.21201,-0.16904,0.035543,3978.7468,,,,,
8.5767,cmd,,,,,0.53003,-0.13523,,,
8.5769,status,,,,,,,TRACKING,,
8.5825,target,-0.22318,-0.17924,0.035792,3978.7461,,,,,
8.6175,target,-0.23022,-0.18697,0.036467,3978.7478,,,,,
8.6238,cmd,,,,,0.57555,-0.14958,,,
8.6239,status,,,,,,,TRACKING,,
8.6464,target,-0.23313,-0.19426,0.036795,3978.7434,,,,,
8.6733,cmd,,,,,0.58284,-0.15541,,,
8.6744,status,,,,,,,TRACKING,,
8.6825,target,-0.23483,-0.19726,0.036793,3978.7461,,,,,
8.7176,target,-0.23592,-0.19833,0.037170,3978.7478,,,,,
8.7237,cmd,,,,,0.58980,-0.15866,,,
8.7238,status,,,,,,,TRACKING,,
8.7477,target,-0.23647,-0.19087,0.036947,3978.7446,,,,,
8.7733,cmd,,,,,0.59118,-0.15270,,,
8.7771,status,,,,,,,TRACKING,,
8.7825,target,-0.23441,-0.18263,0.036895,3978.7460,,,,,
8.8160,target,-0.23118,-0.17002,0.036656,3978.7462,,,,,
8.8238,cmd,,,,,0.57795,-0.13602,,,
8.8241,status,,,,,,,TRACKING,,
8.8462,target,-0.22496,-0.15576,0.036278,3978.7430,,,,,
8.8660,joint,,,,,,,,-0.05369,0.17027
8.8752,cmd,,,,,0.56241,-0.12461,,,
8.8753,status,,,,,,,TRACKING,,
8.8801,target,-0.21746,-0.14512,0.036009,3978.7436,,,,,
8.9167,target,-0.20896,-0.13226,0.035579,3978.7468,,,,,
8.9244,cmd,,,,,0.52239,-0.10580,,,
8.9245,status,,,,,,,TRACKING,,
8.9475,target,-0.19750,-0.12201,0.035122,3978.7442,,,,,
8.9772,cmd,,,,,0.49375,-0.09761,,,
8.9774,status,,,,,,,TRACKING,,
8.9822,target,-0.18456,-0.10299,0.034852,3978.7456,,,,,
9.0173,target,-0.17371,-0.08682,0.034668,3978.7473,,,,,
9.0237,cmd,,,,,0.43427,-0.06946,,,
9.0238,status,,,,,,,TRACKING,,
9.0480,target,-0.15928,-0.06730,0.034169,3978.7447,,,,,
9.0745,cmd,,,,,0.39820,-0.05384,,,
9.0746,status,,,,,,,TRACKING,,
9.0802,target,-0.14390,-0.05326,0.033934,3978.7435,,,,,
9.1172,target,-0.12806,-0.03663,0.033548,3978.7472,,,,,
9.1237,cmd,,,,,0.32014,0.00000,,,
9.1238,status,,,,,,,TRACKING,,
9.1471,target,-0.11095,-0.02289,0.033340,3978.7437,,,,,
9.1732,cmd,,,,,0.27737,0.00000,,,
9.1735,status,,,,,,,TRACKING,,
9.1836,target,-0.09438,-0.00888,0.033158,3978.7468,,,,,
9.2170,target,-0.07961,0.00424,0.033288,3978.7469,,,,,
9.2252,cmd,,,,,0.19902,0.00000,,,
9.2253,status,,,,,,,TRACKING,,
9.2475,target,-0.06914,0.01679,0.033327,3978.7441,,,,,
9.2730,cmd,,,,,0.17284,0.00000,,,
9.2733,status,,,,,,,TRACKING,,
9.2832,target,-0.05373,0.02583,0.032615,3978.7464,,,,,
9.3161,target,-0.03706,0.02884,0.032734,3978.7459,,,,,
9.3241,cmd,,,,,0.00000,0.00000,,,
9.3242,status,,,,,,,CENTERED,,
9.3515,target,-0.02230,0.03125,0.032780,3978.7479,,,,,
9.3665,joint,,,,,,,,0.19328,0.21936
9.3731,cmd,,,,,0.00000,0.00000,,,
9.3732,status,,,,,,,CENTERED,,
9.3840,target,-0.00864,0.03267,0.032967,3978.7470,,,,,
9.4185,target,0.00094,0.03589,0.033375,3978.7482,,,,,
9.4233,cmd,,,,,0.00000,0.00000,,,
9.4237,status,,,,,,,CENTERED,,
9.4479,target,0.00705,0.03180,0.033299,3978.7443,,,,,
9.4733,cmd,,,,,0.00000,0.00000,,,
9.4734,status,,,,,,,CENTERED,,
9.4824,target,0.00877,0.02774,0.033618,3978.7454,,,,,
9.5148,target,0.00771,0.02512,0.033659,3978.7445,,,,,
9.5240,cmd,,,,,0.00000,0.00000,,,
9.5241,status,,,,,,,CENTERED,,
9.5519,target,0.00284,0.02506,0.033457,3978.7482,,,,,
9.5741,cmd,,,,,0.00000,0.00000,,,
9.5742,status,,,,,,,CENTERED,,
9.5807,target,-0.00523,0.02060,0.033414,3978.7436,,,,,
9.6182,target,-0.01639,0.01710,0.033118,3978.7478,,,,,
9.6246,cmd,,,,,0.00000,0.00000,,,
9.6247,status,,,,,,,CENTERED,,
9.6471,target,-0.03279,0.01541,0.032964,3978.7433,,,,,
9.6733,cmd,,,,,0.00000,0.00000,,,
9.6734,status,,,,,,,CENTERED,,
9.6832,target,-0.05236,0.01236,0.032776,3978.7460,,,,,
9.7167,target,-0.07462,0.00957,0.032884,3978.7462,,,,,
9.7244,cmd,,,,,0.18654,0.00000,,,
9.7245,status,,,,,,,TRACKING,,
9.7520,target,-0.09942,0.00586,0.033056,3978.7481,,,,,
9.7746,cmd,,,,,0.24855,0.00000,,,
9.7747,status,,,,,,,TRACKING,,
9.7810,target,-0.12517,0.00332,0.033207,3978.7438,,,,,
9.8149,target,-0.15245,0.00203,0.033672,3978.7444,,,,,
9.8248,cmd,,,,,0.38112,0.00000,,,
9.8249,status,,,,,,,TRACKING,,
9.8510,target,-0.17593,-0.00282,0.034217,3978.7471,,,,,
9.8665,joint,,,,,,,,0.21629,0.21476
9.8751,cmd,,,,,0.43983,0.00000,,,
9.8752,status,,,,,,,TRACKING,,
9.8824,target,-0.19761,-0.00746,0.034727,3978.7452,,,,,
9.9166,target,-0.21657,-0.01285,0.035564,3978.7460,,,,,
9.9240,cmd,,,,,0.54142,0.00000,,,
9.9241,status,,,,,,,TRACKING,,
9.9498,target,-0.22817,-0.02064,0.036063,3978.7458,,,,,
9.9732,cmd,,,,,0.57043,0.00000,,,
9.9739,status,,,,,,,TRACKING,,
9.9835,target,-0.23730,-0.02969,0.036556,3978.7461,,,,,
10.0179,target,-0.24585,-0.03831,0.036929,3978.7472,,,,,
10.0228,cmd,,,,,0.60000,0.00000,,,
10.0229,status,,,,,,,TRACKING,,
10.0480,target,-0.25025,-0.04909,0.037363,3978.7439,,,,,
10.0734,cmd,,,,,0.60000,0.00000,,,
10.0757,status,,,,,,,TRACKING,,
10.0829,target,-0.25220,-0.06098,0.037624,3978.7455,,,,,
10.1187,target,-0.25109,-0.07315,0.037767,3978.7479,,,,,
10.1228,cmd,,,,,0.60000,-0.05852,,,
10.1231,status,,,,,,,TRACKING,,
10.1508,target,-0.24631,-0.08747,0.037860,3978.7466,,,,,
10.1738,cmd,,,,,0.60000,-0.06997,,,
10.1739,status,,,,,,,TRACKING,,
10.1826,target,-0.23841,-0.10042,0.037839,3978.7451,,,,,
10.2190,target,-0.22805,-0.11111,0.037880,3978.7481,,,,,
10.2228,cmd,,,,,0.57013,-0.08889,,,
10.2230,status,,,,,,,TRACKING,,
10.2514,target,-0.21542,-0.11765,0.037919,3978.7472,,,,,
10.2734,cmd,,,,,0.53855,-0.09412,,,
10.2751,status,,,,,,,TRACKING,,
10.2820,target,-0.20022,-0.12409,0.037691,3978.7444,,,,,
10.3190,target,-0.18277,-0.13142,0.037537,3978.7480,,,,,
10.3228,cmd,,,,,0.45692,-0.10514,,,
10.3232,status,,,,,,,TRACKING,,
10.3510,target,-0.16426,-0.13833,0.037305,3978.7467,,,,,
10.3736,cmd,,,,,0.41066,-0.11067,,,
10.3739,status,,,,,,,TRACKING,,
10.3848,target,-0.14465,-0.14620,0.037135,3978.7472,,,,,
10.4042,joint,,,,,,,,0.34668,0.21629
10.4176,target,-0.12630,-0.15437,0.037075,3978.7466,,,,,
10.4230,cmd,,,,,0.31575,-0.12350,,,
10.4231,status,,,,,,,TRACKING,,
10.4499,target,-0.11171,-0.16281,0.037142,3978.7455,,,,,
10.4731,cmd,,,,,0.27927,-0.13025,,,
10.4732,status,,,,,,,TRACKING,,
10.4840,target,-0.09946,-0.17466,0.036625,3978.7463,,,,,
10.5175,target,-0.08887,-0.18447,0.036656,3978.7465,,,,,
10.5229,cmd,,,,,0.22217,-0.14758,,,
10.5230,status,,,,,,,TRACKING,,
10.5494,target,-0.07898,-0.19575,0.036150,3978.7449,,,,,
10.5763,cmd,,,,,0.19745,-0.15660,,,
10.5764,status,,,,,,,TRACKING,,
10.5820,target,-0.06958,-0.20318,0.035909,3978.7442,,,,,
10.6162,target,-0.06090,-0.21029,0.035527,3978.7451,,,,,
10.6230,cmd,,,,,0.15226,-0.16823,,,
10.6231,status,,,,,,,TRACKING,,
10.6506,target,-0.05126,-0.21064,0.035302,3978.7461,,,,,
10.6731,cmd,,,,,0.12814,-0.16851,,,
10.6734,status,,,,,,,TRACKING,,
10.6837,target,-0.04074,-0.20919,0.035017,3978.7459,,,,,
10.7156,target,-0.03042,-0.20076,0.034794,3978.7444,,,,,
10.7230,cmd,,,,,0.00000,-0.16061,,,
10.7231,status,,,,,,,TRACKING,,
10.7501,target,-0.02101,-0.19060,0.034601,3978.7456,,,,,
10.7732,cmd,,,,,0.00000,-0.15248,,,
10.7747,status,,,,,,,TRACKING,,
10.7848,target,-0.01245,-0.18174,0.034527,3978.7468,,,,,
10.8184,target,-0.00575,-0.16657,0.034253,3978.7471,,,,,
10.8229,cmd,,,,,0.00000,-0.13326,,,
10.8230,status,,,,,,,TRACKING,,
10.8477,target,0.00043,-0.15370,0.034197,3978.7430,,,,,
10.8733,cmd,,,,,0.00000,-0.12296,,,
10.8734,status,,,,,,,TRACKING,,
10.8836,target,0.00489,-0.13993,0.034167,3978.7456,,,,,
10.9044,joint,,,,,,,,0.55377,0.26538
10.9152,target,0.00652,-0.13047,0.034186,3978.7438,,,,,
10.9230,cmd,,,,,0.00000,-0.10438,,,
10.9251,status,,,,,,,TRACKING,,
10.9518,target,0.00567,-0.12786,0.034123,3978.7471,,,,,
10.9730,cmd,,,,,0.00000,-0.10229,,,
10.9731,status,,,,,,,TRACKING,,
10.9840,target,0.00339,-0.12670,0.034151,3978.7459,,,,,
11.0176,target,-0.00055,-0.12969,0.033989,3978.7462,,,,,
11.0229,cmd,,,,,0.00000,-0.10375,,,
11.0231,status,,,,,,,TRACKING,,
11.0501,target,-0.00775,-0.13187,0.033980,3978.7453,,,,,
11.0731,cmd,,,,,0.00000,-0.10549,,,
11.0732,status,,,,,,,TRACKING,,
11.0837,target,-0.01782,-0.13601,0.033856,3978.7455,,,,,
11.1190,target,-0.02858,-0.14022,0.033772,3978.7475,,,,,
11.1227,cmd,,,,,0.00000,-0.11217,,,
11.1228,status,,,,,,,TRACKING,,
11.1470,target,-0.04051,-0.14236,0.033861,3978.7421,,,,,
11.1730,cmd,,,,,0.00000,-0.11389,,,
11.1752,status,,,,,,,TRACKING,,
11.1840,target,-0.05385,-0.14548,0.033455,3978.7457,,,,,
11.2173,target,-0.06559,-0.14746,0.033765,3978.7457,,,,,
11.2230,cmd,,,,,0.16397,-0.11797,,,
11.2231,status,,,,,,,TRACKING,,
11.2500,target,-0.08358,-0.14339,0.032756,3978.7450,,,,,
11.2732,cmd,,,,,0.20895,-0.11471,,,
11.2749,status,,,,,,,TRACKING,,
11.2832,target,-0.10207,-0.13790,0.032337,3978.7450,,,,,
11.3191,target,-0.12228,-0.13188,0.031710,3978.7475,,,,,
11.3228,cmd,,,,,0.30571,-0.10551,,,
11.3229,status,,,,,,,TRACKING,,
11.3478,target,-0.14361,-0.12001,0.031150,3978.7428,,,,,
11.3732,cmd,,,,,0.35904,-0.09601,,,
11.3735,status,,,,,,,TRACKING,,
11.3840,target,-0.16450,-0.11129,0.030959,3978.7457,,,,,
11.4043,joint,,,,,,,,0.53229,0.32520
11.4188,target,-0.18344,-0.09837,0.030697,3978.7471,,,,,
11.4229,cmd,,,,,0.45861,-0.07870,,,
11.4230,status,,,,,,,TRACKING,,
11.4483,target,-0.19992,-0.08328,0.030786,3978.7432,,,,,
11.4732,cmd,,,,,0.49981,-0.06662,,,
11.4755,status,,,,,,,TRACKING,,
11.4838,target,-0.21293,-0.06754,0.030601,3978.7454,,,,,
11.5188,target,-0.22473,-0.04687,0.030499,3978.7470,,,,,
11.5228,cmd,,,,,0.56182,0.00000,,,
11.5229,status,,,,,,,TRACKING,,
11.5480,target,-0.23445,-0.02161,0.030460,3978.7428,,,,,
11.5732,cmd,,,,,0.58614,0.00000,,,
11.5762,status,,,,,,,TRACKING,,
11.5831,target,-0.24048,0.00404,0.030397,3978.7446,,,,,
11.6183,target,-0.24367,0.02938,0.030167,3978.7464,,,,,
11.6230,cmd,,,,,0.60000,0.00000,,,
11.6231,status,,,,,,,TRACKING,,
11.6501,target,-0.24397,0.05318,0.030124,3978.7449,,,,,
11.6734,cmd,,,,,0.60000,0.04255,,,
11.6735,status,,,,,,,TRACKING,,
11.6845,target,-0.24034,0.07357,0.030410,3978.7459,,,,,
11.7168,target,-0.23090,0.09116,0.032146,3978.7449,,,,,
11.7230,cmd,,,,,0.57726,0.07293,,,
11.7232,status,,,,,,,TRACKING,,
11.7513,target,-0.21843,0.09522,0.034286,3978.7460,,,,,
11.7734,cmd,,,,,0.54607,0.07617,,,
11.7765,status,,,,,,,TRACKING,,
11.7834,target,-0.20188,0.09238,0.037708,3978.7448,,,,,
11.8161,target,-0.18655,0.07477,0.040165,3978.7441,,,,,
11.8229,cmd,,,,,0.46637,0.05982,,,
11.8230,status,,,,,,,TRACKING,,
11.8495,target,-0.17317,0.06048,0.040953,3978.7441,,,,,
11.8747,cmd,,,,,0.43293,0.04838,,,
11.8749,status,,,,,,,TRACKING,,
11.8836,target,-0.15934,0.04686,0.040736,3978.7448,,,,,
11.9192,target,-0.14604,0.03140,0.040892,3978.7471,,,,,
11.9228,cmd,,,,,0.36511,0.00000,,,
11.9230,status,,,,,,,TRACKING,,
11.9251,joint,,,,,,,,0.66728,0.34208
11.9502,target,-0.13378,0.01711,0.040130,3978.7448,,,,,
11.9732,cmd,,,,,0.33444,0.00000,,,
11.9753,status,,,,,,,TRACKING,,
11.9842,target,-0.12186,-0.00398,0.040130,3978.7454,,,,,
12.0194,target,-0.11048,-0.01977,0.039844,3978.7472,,,,,
12.0229,cmd,,,,,0.27621,0.00000,,,
12.0230,status,,,,,,,TRACKING,,
12.0480,target,-0.09963,-0.03677,0.039533,3978.7425,,,,,
12.0734,cmd,,,,,0.24908,0.00000,,,
12.0755,status,,,,,,,TRACKING,,
12.0844,target,-0.08912,-0.05097,0.039219,3978.7455,,,,,
12.1190,target,-0.07930,-0.06203,0.039646,3978.7468,,,,,
12.1227,cmd,,,,,0.19826,-0.04962,,,
12.1230,status,,,,,,,TRACKING,,
12.1495,target,-0.07172,-0.07197,0.039282,3978.7439,,,,,
12.1731,cmd,,,,,0.17930,-0.05758,,,
12.1732,status,,,,,,,TRACKING,,
12.1840,target,-0.06441,-0.08055,0.039408,3978.7451,,,,,
12.2175,target,-0.05894,-0.09091,0.039125,3978.7452,,,,,
12.2227,cmd,,,,,0.14736,-0.07273,,,
12.2229,status,,,,,,,TRACKING,,
12.2504,target,-0.05262,-0.09724,0.038926,3978.7447,,,,,
12.2731,cmd,,,,,0.13154,-0.07780,,,
12.2732,status,,,,,,,TRACKING,,
12.2843,target,-0.04852,-0.10843,0.038832,3978.7453,,,,,
12.3207,target,-0.04385,-0.10581,0.038442,3978.7483,,,,,
12.3228,cmd,,,,,0.00000,-0.08465,,,
12.3230,status,,,,,,,TRACKING,,
12.3503,target,-0.03855,-0.10897,0.037949,3978.7445,,,,,
12.3730,cmd,,,,,0.00000,-0.08718,,,
12.3753,status,,,,,,,TRACKING,,
12.3849,target,-0.03000,-0.10542,0.036936,3978.7458,,,,,
12.4188,target,-0.02104,-0.09814,0.035942,3978.7463,,,,,
12.4227,cmd,,,,,0.00000,-0.07851,,,
12.4230,status,,,,,,,TRACKING,,
12.4243,joint,,,,,,,,0.86516,0.34668
12.4511,target,-0.01612,-0.09819,0.035881,3978.7453,,,,,
12.4730,cmd,,,,,0.00000,-0.07855,,,
12.4731,status,,,,,,,TRACKING,,
12.4839,target,-0.01188,-0.08741,0.035395,3978.7448,,,,,
12.5181,target,-0.01203,-0.07993,0.035234,3978.7456,,,,,
12.5228,cmd,,,,,0.00000,-0.06394,,,
12.5229,status,,,,,,,TRACKING,,
12.5517,target,-0.01553,-0.06919,0.034865,3978.7458,,,,,
12.5731,cmd,,,,,0.00000,-0.05535,,,
12.5733,status,,,,,,,TRACKING,,
12.5849,target,-0.02408,-0.06189,0.034492,3978.7456,,,,,
12.6184,target,-0.03435,-0.04898,0.033861,3978.7458,,,,,
12.6228,cmd,,,,,0.00000,0.00000,,,
12.6230,status,,,,,,,CENTERED,,
12.6514,target,-0.04851,-0.03880,0.032600,3978.7454,,,,,
12.6730,cmd,,,,,0.00000,0.00000,,,
12.6735,status,,,,,,,CENTERED,,
12.6850,target,-0.06434,-0.03278,0.031803,3978.7457,,,,,
12.7177,target,-0.07912,-0.03331,0.031224,3978.7450,,,,,
12.7227,cmd,,,,,0.19780,0.00000,,,
12.7229,status,,,,,,,TRACKING,,
12.7522,target,-0.08899,-0.03867,0.030135,3978.7462,,,,,
12.7732,cmd,,,,,0.22246,0.00000,,,
12.7736,status,,,,,,,TRACKING,,
12.7836,target,-0.09810,-0.04698,0.029353,3978.7442,,,,,
12.8199,target,-0.10323,-0.05687,0.028377,3978.7472,,,,,
12.8228,cmd,,,,,0.25808,-0.04550,,,
12.8229,status,,,,,,,TRACKING,,
12.8512,target,-0.11004,-0.06409,0.026806,3978.7450,,,,,
12.8744,cmd,,,,,0.27509,-0.05127,,,
12.8745,status,,,,,,,TRACKING,,
12.8846,target,-0.11776,-0.07056,0.026432,3978.7451,,,,,
12.9197,target,-0.12365,-0.07676,0.025469,3978.7469,,,,,
12.9227,cmd,,,,,0.30913,-0.06141,,,
12.9229,status,,,,,,,TRACKING,,
12.9446,joint,,,,,,,,0.87130,0.36969
12.9500,target,-0.13002,-0.07978,0.024690,3978.7438,,,,,
12.9729,cmd,,,,,0.32504,-0.06382,,,
12.9730,status,,,,,,,TRACKING,,
12.9846,target,-0.13804,-0.08293,0.024349,3978.7451,,,,,
13.0195,target,-0.14695,-0.07951,0.024193,3978.7466,,,,,
13.0226,cmd,,,,,0.36737,-0.06360,,,
13.0228,status,,,,,,,TRACKING,,
13.0516,target,-0.15356,-0.07685,0.024023,3978.7454,,,,,
13.0745,cmd,,,,,0.38389,-0.06148,,,
13.0747,status,,,,,,,TRACKING,,
13.0851,target,-0.16140,-0.07906,0.024345,3978.7455,,,,,
13.1204,target,-0.16537,-0.07444,0.024533,3978.7474,,,,,
13.1229,cmd,,,,,0.41344,-0.05955,,,
13.1230,status,,,,,,,TRACKING,,
13.1506,target,-0.16756,-0.06908,0.024086,3978.7443,,,,,
13.1732,cmd,,,,,0.41889,-0.05527,,,
13.1739,status,,,,,,,TRACKING,,
13.1852,target,-0.16989,-0.06376,0.024052,3978.7455,,,,,
13.2206,target,-0.17347,-0.06030,0.024536,3978.7475,,,,,
13.2231,cmd,,,,,0.43368,-0.04824,,,
13.2235,status,,,,,,,TRACKING,,
13.2509,target,-0.17736,-0.04944,0.024418,3978.7445,,,,,
13.2731,cmd,,,,,0.44340,0.00000,,,
13.2732,status,,,,,,,TRACKING,,
13.2850,target,-0.18514,-0.04384,0.025673,3978.7453,,,,,
13.3201,target,-0.19222,-0.03425,0.026552,3978.7470,,,,,
13.3228,cmd,,,,,0.48054,0.00000,,,
13.3229,status,,,,,,,TRACKING,,
13.3517,target,-0.19642,-0.01431,0.026684,3978.7452,,,,,
13.3731,cmd,,,,,0.49105,0.00000,,,
13.3735,status,,,,,,,TRACKING,,
13.3846,target,-0.19980,-0.00525,0.027582,3978.7448,,,,,
13.4217,target,-0.19999,0.00053,0.028422,3978.7485,,,,,
13.4237,cmd,,,,,0.49996,0.00000,,,
13.4238,status,,,,,,,TRACKING,,
13.4456,joint,,,,,,,,0.98175,0.38349
13.4518,target,-0.19786,0.00749,0.028843,3978.7452,,,,,
13.4732,cmd,,,,,0.49465,0.00000,,,
13.4736,status,,,,,,,TRACKING,,
13.4859,target,-0.19644,0.01259,0.029672,3978.7460,,,,,
13.5193,target,-0.19433,0.00926,0.030647,3978.7461,,,,,
13.5225,cmd,,,,,0.48582,0.00000,,,
13.5226,status,,,,,,,TRACKING,,
13.5513,target,-0.18937,0.01286,0.030931,3978.7447,,,,,
13.5731,cmd,,,,,0.47343,0.00000,,,
13.5733,status,,,,,,,TRACKING,,
13.5856,target,-0.18370,0.01405,0.030996,3978.7456,,,,,
13.6196,target,-0.17776,0.01450,0.031109,3978.7463,,,,,
13.6228,cmd,,,,,0.44441,0.00000,,,
13.6229,status,,,,,,,TRACKING,,
13.6517,target,-0.17089,0.01304,0.030937,3978.7450,,,,,
13.6731,cmd,,,,,0.42722,0.00000,,,
13.6740,status,,,,,,,TRACKING,,
13.6854,target,-0.16316,0.01045,0.030751,3978.7453,,,,,
13.7196,target,-0.15487,0.01159,0.030605,3978.7462,,,,,
13.7229,cmd,,,,,0.38719,0.00000,,,
13.7232,status,,,,,,,TRACKING,,
13.7523,target,-0.14865,0.00855,0.030354,3978.7456,,,,,
13.7731,cmd,,,,,0.37162,0.00000,,,
13.7737,status,,,,,,,TRACKING,,
13.7853,target,-0.14232,0.00722,0.029674,3978.7451,,,,,
13.8213,target,-0.13584,0.00288,0.029078,3978.7478,,,,,
13.8238,cmd,,,,,0.33960,0.00000,,,
13.8242,status,,,,,,,TRACKING,,
13.8515,target,-0.12915,-0.00031,0.028778,3978.7447,,,,,
13.8730,cmd,,,,,0.32288,0.00000,,,
13.8750,status,,,,,,,TRACKING,,
13.8862,target,-0.12245,-0.00414,0.028494,3978.7460,,,,,
13.9211,target,-0.11468,-0.01165,0.028045,3978.7476,,,,,
13.9250,cmd,,,,,0.28669,0.00000,,,
13.9252,status,,,,,,,TRACKING,,
13.9525,target,-0.10615,-0.01641,0.027912,3978.7456,,,,,
13.9665,joint,,,,,,,,1.20417,0.38349
13.9731,cmd,,,,,0.26538,0.00000,,,
13.9734,status,,,,,,,TRACKING,,
13.9851,target,-0.09706,-0.02360,0.027559,3978.7449,,,,,
14.0189,target,-0.08704,-0.02693,0.027431,3978.7453,,,,,
14.0228,cmd,,,,,0.21760,0.00000,,,
14.0229,status,,,,,,,TRACKING,,
14.0515,target,-0.07608,-0.02951,0.027331,3978.7446,,,,,
14.0731,cmd,,,,,0.19021,0.00000,,,
14.0733,status,,,,,,,TRACKING,,
14.0841,target,-0.06581,-0.02628,0.027394,3978.7438,,,,,
14.1216,target,-0.05632,-0.02261,0.027363,3978.7479,,,,,
14.1236,cmd,,,,,0.14080,0.00000,,,
14.1236,status,,,,,,,TRACKING,,
14.1519,target,-0.04766,-0.01249,0.027628,3978.7449,,,,,
14.1731,cmd,,,,,0.00000,0.00000,,,
14.1732,status,,,,,,,CENTERED,,
14.1862,target,-0.03912,-0.00182,0.027951,3978.7458,,,,,
14.2200,target,-0.03193,0.00841,0.028268,3978.7463,,,,,
14.2228,cmd,,,,,0.00000,0.00000,,,
14.2229,status,,,,,,,CENTERED,,
14.2523,target,-0.02610,0.01903,0.028440,3978.7452,,,,,
14.2732,cmd,,,,,0.00000,0.00000,,,
14.2735,status,,,,,,,CENTERED,,
14.2840,target,-0.02130,0.03306,0.028589,3978.7435,,,,,
14.3232,target,-0.01875,0.04297,0.028809,3978.7494,,,,,
14.3234,cmd,,,,,0.00000,0.00000,,,
14.3235,status,,,,,,,CENTERED,,
14.3518,target,-0.01957,0.05275,0.028939,3978.7446,,,,,
14.3732,cmd,,,,,0.00000,0.04220,,,
14.3734,status,,,,,,,TRACKING,,
14.3864,target,-0.02312,0.05759,0.029039,3978.7459,,,,,
14.4210,target,-0.03045,0.06193,0.029036,3978.7471,,,,,
14.4228,cmd,,,,,0.00000,0.04954,,,
14.4233,status,,,,,,,TRACKING,,
14.4517,target,-0.03864,0.06310,0.029253,3978.7445,,,,,
14.4731,cmd,,,,,0.00000,0.05048,,,
14.4750,status,,,,,,,TRACKING,,
14.4881,target,-0.04813,0.05976,0.029188,3978.7475,,,,,
14.5206,target,-0.06079,0.05792,0.029243,3978.7467,,,,,
14.5231,cmd,,,,,0.15197,0.04634,,,
14.5232,status,,,,,,,TRACKING,,
14.5241,joint,,,,,,,,1.31616,0.38349
14.5522,target,-0.07425,0.05531,0.029377,3978.7449,,,,,
14.5729,cmd,,,,,0.18561,0.04425,,,
14.5732,status,,,,,,,TRACKING,,
14.5865,target,-0.08769,0.05302,0.029371,3978.7458,,,,,
14.6197,target,-0.10124,0.05231,0.029475,3978.7457,,,,,
14.6227,cmd,,,,,0.25310,0.04184,,,
14.6228,status,,,,,,,TRACKING,,
14.6525,target,-0.11325,0.04982,0.029562,3978.7451,,,,,
14.6733,cmd,,,,,0.28313,0.00000,,,
14.6741,status,,,,,,,TRACKING,,
14.6849,target,-0.12240,0.04232,0.029570,3978.7441,,,,,
14.7206,target,-0.13147,0.03594,0.029494,3978.7465,,,,,
14.7228,cmd,,,,,0.32868,0.00000,,,
14.7229,status,,,,,,,TRACKING,,
14.7526,target,-0.14109,0.03126,0.029089,3978.7452,,,,,
14.7730,cmd,,,,,0.35274,0.00000,,,
14.7732,status,,,,,,,TRACKING,,
14.7871,target,-0.14988,0.01632,0.029321,3978.7463,,,,,
14.8208,target,-0.15683,0.01067,0.028904,3978.7466,,,,,
14.8230,cmd,,,,,0.39207,0.00000,,,
14.8233,status,,,,,,,TRACKING,,
14.8538,target,-0.16092,-0.01119,0.028338,3978.7463,,,,,
14.8732,cmd,,,,,0.40230,0.00000,,,
14.8733,status,,,,,,,TRACKING,,
14.8857,target,-0.16486,-0.01759,0.028568,3978.7448,,,,,
14.9205,target,-0.16540,-0.03236,0.028138,3978.7462,,,,,
14.9230,cmd,,,,,0.41349,0.00000,,,
14.9232,status,,,,,,,TRACKING,,
14.9544,target,-0.16536,-0.04229,0.027810,3978.7468,,,,,
14.9731,cmd,,,,,0.41340,0.00000,,,
14.9733,status,,,,,,,TRACKING,,
14.9870,target,-0.16329,-0.05427,0.027333,3978.7460,,,,,
15.0065,joint,,,,,,,,1.33456,0.37889
15.0220,target,-0.15936,-0.06244,0.027164,3978.7477,,,,,
15.0228,cmd,,,,,0.40821,-0.04342,,,
15.0229,status,,,,,,,TRACKING,,
15.0538,target,-0.15292,-0.06990,0.026691,3978.7461,,,,,
15.0744,cmd,,,,,0.38230,-0.05592,,,
15.0747,status,,,,,,,TRACKING,,
15.0868,target,-0.14446,-0.07445,0.026541,3978.7458,,,,,
15.1227,target,-0.13488,-0.07446,0.026306,3978.7483,,,,,
15.1231,cmd,,,,,0.36114,-0.05956,,,
15.1232,status,,,,,,,TRACKING,,
15.1522,target,-0.12451,-0.07100,0.026135,3978.7444,,,,,
15.1732,cmd,,,,,0.31128,-0.05680,,,
15.1734,status,,,,,,,TRACKING,,
15.1868,target,-0.11332,-0.06318,0.025868,3978.7457,,,,,
15.2210,target,-0.10158,-0.05265,0.025595,3978.7465,,,,,
15.2230,cmd,,,,,0.25395,-0.04212,,,
15.2234,status,,,,,,,TRACKING,,
15.2522,target,-0.08924,-0.04019,0.025362,3978.7444,,,,,
15.2733,cmd,,,,,0.22309,0.00000,,,
15.2734,status,,,,,,,TRACKING,,
15.2871,target,-0.07662,-0.02015,0.025130,3978.7459,,,,,
15.3198,target,-0.06335,-0.00123,0.024744,3978.7452,,,,,
15.3229,cmd,,,,,0.15838,0.00000,,,
15.3230,status,,,,,,,TRACKING,,
15.3527,target,-0.04862,0.01905,0.024575,3978.7448,,,,,
15.3732,cmd,,,,,0.00000,0.00000,,,
15.3734,status,,,,,,,CENTERED,,
15.3857,target,-0.03357,0.03752,0.024336,3978.7444,,,,,
15.4207,target,-0.01830,0.05176,0.024444,3978.7461,,,,,
15.4231,cmd,,,,,0.00000,0.04141,,,
15.4235,status,,,,,,,TRACKING,,
15.4522,target,-0.00331,0.06661,0.024388,3978.7443,,,,,
15.4732,cmd,,,,,0.00000,0.05328,,,
15.4734,status,,,,,,,TRACKING,,
15.4860,target,0.01122,0.06799,0.024742,3978.7447,,,,,
15.5194,target,0.02361,0.07567,0.025002,3978.7447,,,,,
15.5227,cmd,,,,,0.00000,0.06054,,,
15.5230,status,,,,,,,TRACKING,,
15.5453,joint,,,,,,,,1.49256,0.38656
15.5524,target,0.03234,0.07346,0.025352,3978.7443,,,,,
15.5732,cmd,,,,,0.00000,0.05877,,,
15.5734,status,,,,,,,TRACKING,,
15.5875,target,0.03817,0.07411,0.025556,3978.7461,,,,,
15.6212,target,0.04276,0.06782,0.025688,3978.7465,,,,,
15.6232,cmd,,,,,0.00000,0.05426,,,
15.6233,status,,,,,,,TRACKING,,
15.6523,target,0.04557,0.06320,0.025972,3978.7441,,,,,
15.6732,cmd,,,,,0.00000,0.05056,,,
15.6736,status,,,,,,,TRACKING,,
15.6845,target,0.04700,0.05627,0.026115,3978.7430,,,,,
15.7201,target,0.04705,0.04788,0.026415,3978.7453,,,,,
15.7228,cmd,,,,,0.00000,0.00000,,,
15.7229,status,,,,,,,CENTERED,,
15.7523,target,0.04768,0.03807,0.026434,3978.7441,,,,,
15.7732,cmd,,,,,0.00000,0.00000,,,
15.7733,status,,,,,,,CENTERED,,
15.7875,target,0.04734,0.02698,0.027053,3978.7459,,,,,
15.8234,cmd,,,,,0.00000,0.00000,,,
15.8241,target,0.04595,0.01630,0.026862,3978.7492,,,,,
15.8241,status,,,,,,,CENTERED,,
15.8524,target,0.04346,-0.00028,0.027203,3978.7441,,,,,
15.8732,cmd,,,,,0.00000,0.00000,,,
15.8750,status,,,,,,,CENTERED,,
15.8863,target,0.04182,-0.00583,0.027441,3978.7447,,,,,
15.9224,target,0.04195,-0.01823,0.027289,3978.7474,,,,,
15.9232,cmd,,,,,0.00000,0.00000,,,
15.9233,status,,,,,,,CENTERED,,
15.9543,target,0.04153,-0.02549,0.027378,3978.7459,,,,,
15.9737,cmd,,,,,0.00000,0.00000,,,
15.9739,status,,,,,,,CENTERED,,
15.9888,target,0.04164,-0.03675,0.027151,3978.7471,,,,,
16.0218,target,0.04331,-0.04716,0.027183,3978.7468,,,,,
16.0231,cmd,,,,,0.00000,0.00000,,,
16.0232,status,,,,,,,CENTERED,,
16.0246,joint,,,,,,,,1.49870,0.37889
16.0524,target,0.04712,-0.05540,0.027101,3978.7439,,,,,
16.0731,cmd,,,,,0.00000,-0.04432,,,
16.0736,status,,,,,,,TRACKING,,
16.0871,target,0.05107,-0.06310,0.027263,3978.7453,,,,,
16.1215,target,0.05373,-0.06843,0.027318,3978.7463,,,,,
16.1236,cmd,,,,,-0.13432,-0.05474,,,
16.1240,status,,,,,,,TRACKING,,
16.1542,target,0.05559,-0.07059,0.027504,3978.7457,,,,,
16.1744,cmd,,,,,-0.13896,-0.05648,,,
16.1746,status,,,,,,,TRACKING,,
16.1870,target,0.05693,-0.06697,0.027530,3978.7452,,,,,
16.2206,target,0.05753,-0.06144,0.027556,3978.7454,,,,,
16.2228,cmd,,,,,-0.14382,-0.04915,,,
16.2232,status,,,,,,,TRACKING,,
16.2540,target,0.05743,-0.05490,0.027546,3978.7454,,,,,
16.2734,cmd,,,,,-0.14357,-0.04392,,,
16.2735,status,,,,,,,TRACKING,,
16.2865,target,0.05730,-0.05074,0.027548,3978.7446,,,,,
16.3231,cmd,,,,,-0.14324,-0.04059,,,
16.3234,status,,,,,,,TRACKING,,
16.3259,target,0.05760,-0.04710,0.027478,3978.7506,,,,,
16.3522,target,0.05669,-0.04653,0.027420,3978.7436,,,,,
16.3732,cmd,,,,,-0.14172,0.00000,,,
16.3734,status,,,,,,,TRACKING,,
16.3858,target,0.05255,-0.04246,0.027320,3978.7438,,,,,
16.4230,target,0.04826,-0.04309,0.027209,3978.7477,,,,,
16.4232,cmd,,,,,-0.13138,0.00000,,,
16.4235,status,,,,,,,TRACKING,,
16.4552,target,0.04257,-0.04593,0.026936,3978.7465,,,,,
16.4752,cmd,,,,,0.00000,0.00000,,,
16.4754,status,,,,,,,CENTERED,,
16.4870,target,0.03730,-0.04679,0.027040,3978.7449,,,,,
16.5216,target,0.03211,-0.05293,0.026793,3978.7462,,,,,
16.5229,cmd,,,,,0.00000,0.00000,,,
16.5231,status,,,,,,,CENTERED,,
16.5459,joint,,,,,,,,1.47569,0.38349
16.5542,target,0.02622,-0.05749,0.026845,3978.7454,,,,,
16.5732,cmd,,,,,0.00000,-0.04599,,,
16.5738,status,,,,,,,TRACKING,,
16.5881,target,0.02084,-0.05982,0.026721,3978.7459,,,,,
16.6245,target,0.01672,-0.06638,0.026723,3978.7490,,,,,
16.6247,cmd,,,,,0.00000,-0.04786,,,
16.6248,status,,,,,,,TRACKING,,
16.6543,target,0.01539,-0.07166,0.026749,3978.7454,,,,,
16.6732,cmd,,,,,0.00000,-0.05733,,,
16.6736,status,,,,,,,TRACKING,,
16.6864,target,0.01889,-0.08058,0.026595,3978.7442,,,,,
16.7236,cmd,,,,,0.00000,-0.06446,,,
16.7240,target,0.02390,-0.09177,0.026691,3978.7485,,,,,
16.7241,status,,,,,,,TRACKING,,
16.7541,target,0.02897,-0.10327,0.026699,3978.7452,,,,,
16.7733,cmd,,,,,0.00000,-0.08261,,,
16.7734,status,,,,,,,TRACKING,,
16.7880,target,0.03327,-0.11527,0.026795,3978.7457,,,,,
16.8233,cmd,,,,,0.00000,-0.09222,,,
16.8235,status,,,,,,,TRACKING,,
16.8248,target,0.03573,-0.12524,0.026849,3978.7492,,,,,
16.8539,target,0.03614,-0.13541,0.026693,3978.7449,,,,,
16.8731,cmd,,,,,0.00000,-0.10833,,,
16.8733,status,,,,,,,TRACKING,,
16.8873,target,0.03597,-0.13844,0.026641,3978.7450,,,,,
16.9237,target,0.03490,-0.14492,0.026350,3978.7479,,,,,
16.9238,cmd,,,,,0.00000,-0.11075,,,
16.9239,status,,,,,,,TRACKING,,
16.9540,target,0.03383,-0.14580,0.026183,3978.7449,,,,,
16.9732,cmd,,,,,0.00000,-0.11664,,,
16.9733,status,,,,,,,TRACKING,,
16.9858,target,0.03307,-0.14352,0.025903,3978.7433,,,,,
17.0209,target,0.03314,-0.14033,0.025805,3978.7451,,,,,
17.0231,cmd,,,,,0.00000,-0.11226,,,
17.0232,status,,,,,,,TRACKING,,
17.0440,joint,,,,,,,,1.46802,0.39423
17.0549,target,0.03334,-0.13068,0.025614,3978.7458,,,,,
17.0728,cmd,,,,,0.00000,-0.10455,,,
17.0732,status,,,,,,,TRACKING,,
17.0852,target,0.03379,-0.12601,0.025493,3978.7427,,,,,
17.1231,target,0.03440,-0.11458,0.025421,3978.7473,,,,,
17.1233,cmd,,,,,0.00000,-0.10081,,,
17.1236,status,,,,,,,TRACKING,,
17.1539,target,0.03501,-0.10266,0.025332,3978.7447,,,,,
17.1732,cmd,,,,,0.00000,-0.08212,,,
17.1733,status,,,,,,,TRACKING,,
17.1878,target,0.03523,-0.09064,0.025265,3978.7452,,,,,
17.2252,target,0.03568,-0.07372,0.025176,3978.7493,,,,,
17.2254,cmd,,,,,0.00000,-0.07251,,,
17.2255,status,,,,,,,TRACKING,,
17.2541,target,0.03581,-0.06223,0.025226,3978.7448,,,,,
17.2737,cmd,,,,,0.00000,-0.04979,,,
17.2751,status,,,,,,,TRACKING,,
17.2885,target,0.03540,-0.04885,0.025195,3978.7458,,,,,
17.3231,target,0.03492,-0.03562,0.025193,3978.7471,,,,,
17.3231,cmd,,,,,0.00000,0.00000,,,
17.3232,status,,,,,,,CENTERED,,
17.3539,target,0.03411,-0.02444,0.025095,3978.7445,,,,,
17.3731,cmd,,,,,0.00000,0.00000,,,
17.3748,status,,,,,,,CENTERED,,
17.3873,target,0.03347,-0.01347,0.025076,3978.7446,,,,,
17.4248,cmd,,,,,0.00000,0.00000,,,
17.4250,status,,,,,,,CENTERED,,
17.4260,target,0.03343,-0.00615,0.025069,3978.7499,,,,,
17.4541,target,0.03315,0.00292,0.024978,3978.7446,,,,,
17.4731,cmd,,,,,0.00000,0.00000,,,
17.4732,status,,,,,,,CENTERED,,
17.4857,target,0.03332,0.00844,0.024907,3978.7429,,,,,
17.5242,target,0.03322,0.00450,0.024733,3978.7481,,,,,
17.5244,cmd,,,,,0.00000,0.00000,,,
17.5245,status,,,,,,,CENTERED,,
17.5444,joint,,,,,,,,1.46802,0.42798
17.5554,target,0.03346,0.00469,0.024753,3978.7459,,,,,
17.5734,cmd,,,,,0.00000,0.00000,,,
17.5754,status,,,,,,,CENTERED,,
17.5880,target,0.03391,0.00247,0.024629,3978.7451,,,,,
17.6217,target,0.03408,-0.00062,0.024714,3978.7455,,,,,
17.6239,cmd,,,,,0.00000,0.00000,,,
17.6241,status,,,,,,,CENTERED,,
17.6537,target,0.03445,-0.00120,0.024599,3978.7441,,,,,
17.6740,cmd,,,,,0.00000,0.00000,,,
17.6742,status,,,,,,,CENTERED,,
17.6886,target,0.03495,-0.00542,0.024633,3978.7457,,,,,
17.7228,target,0.03524,-0.00492,0.024594,3978.7464,,,,,
17.7240,cmd,,,,,0.00000,0.00000,,,
17.7241,status,,,,,,,CENTERED,,
17.7544,target,0.03543,-0.01178,0.024640,3978.7447,,,,,
17.7737,cmd,,,,,0.00000,0.00000,,,
17.7738,status,,,,,,,CENTERED,,
17.7884,target,0.03586,-0.00828,0.024766,3978.7453,,,,,
17.8232,target,0.03622,-0.00976,0.024653,3978.7469,,,,,
17.8234,cmd,,,,,0.00000,0.00000,,,
17.8237,status,,,,,,,CENTERED,,
17.8546,target,0.03668,-0.00995,0.024759,3978.7448,,,,,
17.8737,cmd,,,,,0.00000,0.00000,,,
17.8751,status,,,,,,,CENTERED,,
17.8883,target,0.03685,-0.00659,0.024718,3978.7452,,,,,
17.9236,cmd,,,,,0.00000,0.00000,,,
17.9238,status,,,,,,,CENTERED,,
17.9242,target,0.03776,-0.00685,0.024705,3978.7477,,,,,
17.9553,target,0.03878,-0.00235,0.024711,3978.7454,,,,,
17.9732,cmd,,,,,0.00000,0.00000,,,
17.9736,status,,,,,,,CENTERED,,
17.9880,target,0.04095,0.00063,0.024727,3978.7449,,,,,
18.0218,target,0.04393,0.00977,0.024846,3978.7453,,,,,
18.0229,cmd,,,,,0.00000,0.00000,,,
18.0230,status,,,,,,,CENTERED,,
18.0556,target,0.04734,0.02425,0.025013,3978.7457,,,,,
18.0652,joint,,,,,,,,1.46802,0.42491
18.0745,cmd,,,,,0.00000,0.00000,,,
18.0746,status,,,,,,,CENTERED,,
18.0869,target,0.05045,0.04172,0.025130,3978.7436,,,,,
18.1240,target,0.05293,0.06953,0.025293,3978.7474,,,,,
18.1244,cmd,,,,,-0.12613,0.00000,,,
18.1245,status,,,,,,,TRACKING,,
18.1539,target,0.05546,0.09253,0.025367,3978.7439,,,,,
18.1750,cmd,,,,,-0.13864,0.07403,,,
18.1751,status,,,,,,,TRACKING,,
18.1891,target,0.05850,0.11899,0.025449,3978.7458,,,,,
18.2226,target,0.06267,0.14144,0.025501,3978.7459,,,,,
18.2252,cmd,,,,,-0.14626,0.09519,,,
18.2254,status,,,,,,,TRACKING,,
18.2553,target,0.06865,0.16366,0.025566,3978.7452,,,,,
18.2745,cmd,,,,,-0.17162,0.13093,,,
18.2759,status,,,,,,,TRACKING,,
18.2902,target,0.07486,0.18521,0.025618,3978.7468,,,,,
18.3234,cmd,,,,,-0.18715,0.14817,,,
18.3236,status,,,,,,,TRACKING,,
18.3248,target,0.08175,0.20076,0.025503,3978.7480,,,,,
18.3558,target,0.08915,0.21212,0.025454,3978.7457,,,,,
18.3744,cmd,,,,,-0.22288,0.16970,,,
18.3763,status,,,,,,,TRACKING,,
18.3896,target,0.09652,0.21314,0.025649,3978.7461,,,,,
18.4225,target,0.10428,0.22257,0.025599,3978.7457,,,,,
18.4231,cmd,,,,,-0.24130,0.17051,,,
18.4232,status,,,,,,,TRACKING,,
18.4561,target,0.11048,0.22191,0.025521,3978.7460,,,,,
18.4731,cmd,,,,,-0.27619,0.17753,,,
18.4732,status,,,,,,,TRACKING,,
18.4869,target,0.11828,0.22030,0.025621,3978.7433,,,,,
18.5238,cmd,,,,,-0.29570,0.17624,,,
18.5239,status,,,,,,,TRACKING,,
18.5248,target,0.12485,0.21887,0.025551,3978.7479,,,,,
18.5552,target,0.13065,0.20861,0.025410,3978.7449,,,,,
18.5647,joint,,,,,,,,1.44501,0.40957
18.5731,cmd,,,,,-0.32663,0.16689,,,
18.5733,status,,,,,,,TRACKING,,
18.5865,target,0.13625,0.19783,0.025365,3978.7429,,,,,
18.6239,cmd,,,,,-0.34062,0.15827,,,
18.6241,status,,,,,,,TRACKING,,
18.6273,target,0.14147,0.17855,0.024963,3978.7503,,,,,
18.6548,target,0.14730,0.15373,0.025063,3978.7444,,,,,
18.6744,cmd,,,,,-0.36826,0.12298,,,
18.6746,status,,,,,,,TRACKING,,
18.6896,target,0.15336,0.13026,0.024924,3978.7459,,,,,
18.7237,cmd,,,,,-0.38341,0.10421,,,
18.7259,target,0.15891,0.10187,0.025000,3978.7488,,,,,
18.7260,status,,,,,,,TRACKING,,
18.7558,target,0.16281,0.08057,0.025326,3978.7454,,,,,
18.7735,cmd,,,,,-0.40703,0.06446,,,
18.7737,status,,,,,,,TRACKING,,
18.7891,target,0.16587,0.06050,0.025315,3978.7454,,,,,
18.8232,target,0.16868,0.04692,0.025829,3978.7461,,,,,
18.8236,cmd,,,,,-0.41467,0.04840,,,
18.8237,status,,,,,,,TRACKING,,
18.8565,target,0.16969,0.03854,0.026074,3978.7461,,,,,
18.8739,cmd,,,,,-0.42422,0.00000,,,
18.8740,status,,,,,,,TRACKING,,
18.8892,target,0.16912,0.03217,0.026159,3978.7453,,,,,
18.9239,cmd,,,,,-0.42281,0.00000,,,
18.9246,status,,,,,,,TRACKING,,
18.9265,target,0.16786,0.02645,0.026283,3978.7493,,,,,
18.9539,target,0.16585,0.02405,0.026367,3978.7434,,,,,
18.9739,cmd,,,,,-0.41461,0.00000,,,
18.9743,status,,,,,,,TRACKING,,
18.9887,target,0.16379,0.02237,0.026528,3978.7448,,,,,
19.0236,cmd,,,,,-0.40947,0.00000,,,
19.0240,status,,,,,,,TRACKING,,
19.0244,target,0.16159,0.02280,0.026649,3978.7471,,,,,
19.0564,target,0.15875,0.02794,0.026532,3978.7458,,,,,
19.0648,joint,,,,,,,,1.32076,0.34975
19.0734,cmd,,,,,-0.39687,0.00000,,,
19.0735,status,,,,,,,TRACKING,,
19.0889,target,0.15619,0.04067,0.026619,3978.7449,,,,,
19.1244,target,0.15314,0.05151,0.026756,3978.7470,,,,,
19.1245,cmd,,,,,-0.39048,0.00000,,,
19.1246,status,,,,,,,TRACKING,,
19.1565,target,0.15034,0.06592,0.026886,3978.7457,,,,,
19.1736,cmd,,,,,-0.37584,0.05273,,,
19.1737,status,,,,,,,TRACKING,,
19.1884,target,0.14945,0.07718,0.027261,3978.7443,,,,,
19.2241,cmd,,,,,-0.37362,0.06174,,,
19.2242,status,,,,,,,TRACKING,,
19.2259,target,0.14742,0.08915,0.027546,3978.7485,,,,,
19.2556,target,0.14681,0.10364,0.028134,3978.7448,,,,,
19.2745,cmd,,,,,-0.36704,0.08291,,,
19.2747,status,,,,,,,TRACKING,,
19.2894,target,0.14637,0.11074,0.028691,3978.7452,,,,,
19.3226,target,0.14484,0.12481,0.029039,3978.7451,,,,,
19.3230,cmd,,,,,-0.36592,0.08859,,,
19.3233,status,,,,,,,TRACKING,,
19.3571,target,0.14361,0.13394,0.029332,3978.7463,,,,,
19.3739,cmd,,,,,-0.35903,0.10715,,,
19.3740,status,,,,,,,TRACKING,,
19.3882,target,0.14470,0.14473,0.029857,3978.7440,,,,,
19.4254,cmd,,,,,-0.36174,0.11579,,,
19.4255,status,,,,,,,TRACKING,,
19.4262,target,0.14756,0.15466,0.030339,3978.7487,,,,,
19.4559,target,0.15064,0.16443,0.030807,3978.7450,,,,,
19.4744,cmd,,,,,-0.37660,0.13155,,,
19.4746,status,,,,,,,TRACKING,,
19.4891,target,0.15351,0.16765,0.031530,3978.7448,,,,,
19.5245,target,0.15547,0.16660,0.031730,3978.7469,,,,,
19.5247,cmd,,,,,-0.38376,0.13412,,,
19.5248,status,,,,,,,TRACKING,,
19.5574,target,0.15672,0.16260,0.031973,3978.7464,,,,,
19.5747,cmd,,,,,-0.39181,0.13008,,,
19.5751,status,,,,,,,TRACKING,,
19.5853,joint,,,,,,,,1.12748,0.34054
19.5898,target,0.15666,0.15064,0.032595,3978.7455,,,,,
19.6237,cmd,,,,,-0.39166,0.12051,,,
19.6239,status,,,,,,,TRACKING,,
19.6244,target,0.15537,0.14620,0.033644,3978.7467,,,,,
19.6561,target,0.15470,0.13286,0.034355,3978.7451,,,,,
19.6753,cmd,,,,,-0.38674,0.10629,,,
19.6759,status,,,,,,,TRACKING,,
19.6914,target,0.15351,0.12114,0.035332,3978.7469,,,,,
19.7254,target,0.15298,0.10129,0.036480,3978.7476,,,,,
19.7256,cmd,,,,,-0.38377,0.09692,,,
19.7257,status,,,,,,,TRACKING,,
19.7573,target,0.15272,0.07910,0.037676,3978.7461,,,,,
19.7740,cmd,,,,,-0.38179,0.06328,,,
19.7742,status,,,,,,,TRACKING,,
19.7889,target,0.15209,0.05300,0.038576,3978.7444,,,,,
19.8234,cmd,,,,,-0.38023,0.04240,,,
19.8239,target,0.15048,0.02761,0.040033,3978.7461,,,,,
19.8240,status,,,,,,,TRACKING,,
19.8563,target,0.15116,0.00475,0.041118,3978.7451,,,,,
19.8749,cmd,,,,,-0.37790,0.00000,,,
19.8752,status,,,,,,,TRACKING,,
19.8899,target,0.14981,-0.01941,0.042170,3978.7453,,,,,
19.9254,cmd,,,,,-0.37453,0.00000,,,
19.9256,status,,,,,,,TRACKING,,
19.9260,target,0.14645,-0.03975,0.043455,3978.7481,,,,,
19.9559,target,0.14311,-0.05658,0.044373,3978.7446,,,,,
19.9745,cmd,,,,,-0.35778,-0.04526,,,
19.9746,status,,,,,,,TRACKING,,
19.9895,target,0.14010,-0.07086,0.045109,3978.7449,,,,,
20.0237,cmd,,,,,-0.35025,-0.05669,,,
20.0239,status,,,,,,,TRACKING,,
20.0260,target,0.13554,-0.07776,0.046402,3978.7480,,,,,
20.0558,target,0.13263,-0.07199,0.047183,3978.7444,,,,,
20.0748,cmd,,,,,-0.33157,-0.05759,,,
20.0750,status,,,,,,,TRACKING,,
20.0848,joint,,,,,,,,0.94186,0.30066
20.0897,target,0.13133,-0.06865,0.047780,3978.7450,,,,,
20.1253,cmd,,,,,-0.32833,-0.05492,,,
20.1255,status,,,,,,,TRACKING,,
20.1259,target,0.12884,-0.05933,0.048500,3978.7479,,,,,
20.1562,target,0.12806,-0.04985,0.049180,3978.7448,,,,,
20.1750,cmd,,,,,-0.32015,0.00000,,,
20.1752,status,,,,,,,TRACKING,,
20.1898,target,0.12542,-0.03824,0.049822,3978.7450,,,,,
20.2240,cmd,,,,,-0.31354,0.00000,,,
20.2242,status,,,,,,,TRACKING,,
20.2248,target,0.12385,-0.01987,0.050163,3978.7467,,,,,
20.2571,target,0.12292,-0.00372,0.050391,3978.7456,,,,,
20.2743,cmd,,,,,-0.30729,0.00000,,,
20.2750,status,,,,,,,TRACKING,,
20.2887,target,0.12401,0.01816,0.050488,3978.7439,,,,,
20.3238,cmd,,,,,-0.31002,0.00000,,,
20.3243,status,,,,,,,TRACKING,,
20.3255,target,0.12785,0.03738,0.050499,3978.7473,,,,,
20.3567,target,0.13226,0.05620,0.050792,3978.7451,,,,,
20.3760,cmd,,,,,-0.33066,0.04496,,,
20.3761,status,,,,,,,TRACKING,,
20.3925,target,0.13950,0.08276,0.051341,3978.7476,,,,,
20.4237,cmd,,,,,-0.34875,0.06621,,,
20.4239,status,,,,,,,TRACKING,,
20.4250,target,0.14580,0.11625,0.051630,3978.7467,,,,,
20.4570,target,0.15087,0.14322,0.052036,3978.7453,,,,,
20.4747,cmd,,,,,-0.37717,0.11458,,,
20.4748,status,,,,,,,TRACKING,,
20.4904,target,0.15369,0.17195,0.051769,3978.7454,,,,,
20.5245,target,0.15576,0.19075,0.051115,3978.7461,,,,,
20.5246,cmd,,,,,-0.38424,0.13756,,,
20.5247,status,,,,,,,TRACKING,,
20.5573,target,0.15455,0.20803,0.049117,3978.7456,,,,,
20.5745,cmd,,,,,-0.38638,0.16642,,,
20.5746,status,,,,,,,TRACKING,,
20.5896,target,0.14989,0.23083,0.045901,3978.7445,,,,,
20.6062,joint,,,,,,,,0.76852,0.30066
20.6251,cmd,,,,,-0.37473,0.18466,,,
20.6253,status,,,,,,,TRACKING,,
20.6261,target,0.15345,0.23797,0.044507,3978.7477,,,,,
20.6575,target,0.16119,0.24733,0.043937,3978.7457,,,,,
20.6744,cmd,,,,,-0.40298,0.19786,,,
20.6748,status,,,,,,,TRACKING,,
20.6896,target,0.17138,0.24278,0.043757,3978.7444,,,,,
20.7247,cmd,,,,,-0.42846,0.19422,,,
20.7248,status,,,,,,,TRACKING,,
20.7257,target,0.18217,0.24040,0.044772,3978.7472,,,,,
20.7559,target,0.19166,0.22938,0.045597,3978.7440,,,,,
20.7748,cmd,,,,,-0.47914,0.18351,,,
20.7752,status,,,,,,,TRACKING,,
20.7911,target,0.19802,0.21811,0.046908,3978.7459,,,,,
20.8242,cmd,,,,,-0.49506,0.17448,,,
20.8243,status,,,,,,,TRACKING,,
20.8262,target,0.20075,0.20582,0.047776,3978.7476,,,,,
20.8580,target,0.20423,0.19547,0.049143,3978.7461,,,,,
20.8751,cmd,,,,,-0.51057,0.15637,,,
20.8755,status,,,,,,,TRACKING,,
20.8902,target,0.20543,0.18632,0.050182,3978.7449,,,,,
20.9252,target,0.20446,0.17813,0.051283,3978.7466,,,,,
20.9254,cmd,,,,,-0.51358,0.14906,,,
20.9255,status,,,,,,,TRACKING,,
20.9582,target,0.20029,0.16855,0.051771,3978.7461,,,,,
20.9746,cmd,,,,,-0.50073,0.13484,,,
20.9749,status,,,,,,,TRACKING,,
20.9895,target,0.19703,0.15761,0.052441,3978.7441,,,,,
21.0242,cmd,,,,,-0.49259,0.12608,,,
21.0244,status,,,,,,,TRACKING,,
21.0250,target,0.19276,0.14266,0.052977,3978.7463,,,,,
21.0568,target,0.18781,0.12868,0.053286,3978.7447,,,,,
21.0746,cmd,,,,,-0.46954,0.10295,,,
21.0748,status,,,,,,,TRACKING,,
21.0901,target,0.18040,0.11313,0.053687,3978.7447,,,,,
21.1068,joint,,,,,,,,0.59365,0.24851
21.1240,cmd,,,,,-0.45100,0.09051,,,
21.1242,status,,,,,,,TRACKING,,
21.1250,target,0.17169,0.09882,0.054293,3978.7463,,,,,
21.1577,target,0.16118,0.08408,0.054698,3978.7456,,,,,
21.1747,cmd,,,,,-0.40295,0.06727,,,
21.1748,status,,,,,,,TRACKING,,
21.1902,target,0.14910,0.07133,0.055154,3978.7447,,,,,
21.2244,cmd,,,,,-0.37275,0.05706,,,
21.2245,status,,,,,,,TRACKING,,
21.2249,target,0.13553,0.05868,0.055480,3978.7461,,,,,
21.2576,target,0.12113,0.04733,0.056053,3978.7454,,,,,
21.2754,cmd,,,,,-0.30281,0.00000,,,
21.2758,status,,,,,,,TRACKING,,
21.2905,target,0.10621,0.04023,0.056363,3978.7449,,,,,
21.3246,target,0.09289,0.03472,0.057051,3978.7456,,,,,
21.3247,cmd,,,,,-0.26553,0.00000,,,
21.3248,status,,,,,,,TRACKING,,
21.3577,target,0.08184,0.03192,0.057439,3978.7454,,,,,
21.3747,cmd,,,,,-0.20459,0.00000,,,
21.3751,status,,,,,,,TRACKING,,
21.3891,target,0.07345,0.03216,0.057962,3978.7435,,,,,
21.4238,cmd,,,,,-0.18362,0.00000,,,
21.4240,status,,,,,,,TRACKING,,
21.4249,target,0.06570,0.03654,0.057836,3978.7459,,,,,
21.4578,target,0.05939,0.04394,0.058132,3978.7454,,,,,
21.4755,cmd,,,,,-0.14847,0.00000,,,
21.4759,status,,,,,,,TRACKING,,
21.4908,target,0.05582,0.05162,0.058171,3978.7450,,,,,
21.5223,target,0.05275,0.06618,0.057893,3978.7432,,,,,
21.5229,cmd,,,,,-0.13954,0.04130,,,
21.5240,status,,,,,,,TRACKING,,
21.5596,target,0.05077,0.07284,0.057834,3978.7471,,,,,
21.5749,cmd,,,,,-0.12691,0.05827,,,
21.5750,status,,,,,,,TRACKING,,
21.5897,target,0.05015,0.08504,0.057580,3978.7438,,,,,
21.6234,cmd,,,,,-0.12537,0.06803,,,
21.6236,status,,,,,,,TRACKING,,
21.6240,target,0.05110,0.09087,0.057309,3978.7448,,,,,
21.6243,joint,,,,,,,,0.38043,0.21322
21.6585,target,0.05519,0.10511,0.056708,3978.7459,,,,,
21.6746,cmd,,,,,-0.13798,0.08409,,,
21.6747,status,,,,,,,TRACKING,,
21.6891,target,0.06029,0.10297,0.056636,3978.7432,,,,,
21.7254,cmd,,,,,-0.15073,0.08238,,,
21.7256,status,,,,,,,TRACKING,,
21.7265,target,0.06931,0.10848,0.055747,3978.7472,,,,,
21.7567,target,0.08113,0.10690,0.055595,3978.7441,,,,,
21.7751,cmd,,,,,-0.20284,0.08552,,,
21.7768,status,,,,,,,TRACKING,,
21.7923,target,0.09384,0.11184,0.054826,3978.7463,,,,,
21.8253,target,0.10899,0.11582,0.054425,3978.7459,,,,,
21.8254,cmd,,,,,-0.23461,0.08947,,,
21.8255,status,,,,,,,TRACKING,,
21.8578,target,0.12668,0.11476,0.053941,3978.7452,,,,,
21.8747,cmd,,,,,-0.31670,0.09181,,,
21.8751,status,,,,,,,TRACKING,,
21.8892,target,0.14472,0.11223,0.053976,3978.7432,,,,,
21.9236,cmd,,,,,-0.36180,0.08978,,,
21.9238,status,,,,,,,TRACKING,,
21.9250,target,0.16161,0.10660,0.054008,3978.7456,,,,,
21.9592,target,0.17761,0.09772,0.054023,3978.7464,,,,,
21.9747,cmd,,,,,-0.44403,0.07818,,,
21.9767,status,,,,,,,TRACKING,,
21.9894,target,0.19273,0.08459,0.054115,3978.7433,,,,,
22.0228,target,0.20711,0.07051,0.054299,3978.7433,,,,,
22.0232,cmd,,,,,-0.48181,0.06767,,,
22.0235,status,,,,,,,TRACKING,,
22.0569,target,0.21888,0.05469,0.054931,3978.7441,,,,,
22.0740,cmd,,,,,-0.54721,0.04375,,,
22.0742,status,,,,,,,TRACKING,,
22.0888,target,0.22799,0.04823,0.055191,3978.7426,,,,,
22.1253,target,0.23533,0.03827,0.055749,3978.7457,,,,,
22.1258,cmd,,,,,-0.56997,0.00000,,,
22.1259,status,,,,,,,TRACKING,,
22.1572,target,0.23985,0.03183,0.055723,3978.7443,,,,,
22.1641,joint,,,,,,,,0.28685,0.19021
22.1754,cmd,,,,,-0.59963,0.00000,,,
22.1758,status,,,,,,,TRACKING,,
22.1921,target,0.24161,0.02355,0.056434,3978.7458,,,,,
22.2233,cmd,,,,,-0.60000,0.00000,,,
22.2233,status,,,,,,,TRACKING,,
22.2235,target,0.24070,0.01934,0.056651,3978.7440,,,,,
22.2582,target,0.23783,0.02081,0.056795,3978.7453,,,,,
22.2746,cmd,,,,,-0.59459,0.00000,,,
22.2749,status,,,,,,,TRACKING,,
22.2896,target,0.23253,0.02569,0.056960,3978.7433,,,,,
22.3243,cmd,,,,,-0.58132,0.00000,,,
22.3245,status,,,,,,,TRACKING,,
22.3249,target,0.22399,0.03337,0.056882,3978.7452,,,,,
22.3587,target,0.21603,0.03633,0.056606,3978.7456,,,,,
22.3751,cmd,,,,,-0.54007,0.00000,,,
22.3754,status,,,,,,,TRACKING,,
22.3892,target,0.20698,0.03900,0.056367,3978.7428,,,,,
22.4242,cmd,,,,,-0.51746,0.00000,,,
22.4244,status,,,,,,,TRACKING,,
22.4255,target,0.19875,0.04071,0.056109,3978.7457,,,,,
22.4591,target,0.18907,0.04360,0.055885,3978.7460,,,,,
22.4746,cmd,,,,,-0.47268,0.00000,,,
22.4748,status,,,,,,,TRACKING,,
22.4896,target,0.17840,0.04747,0.055408,3978.7431,,,,,
22.5244,target,0.16568,0.04944,0.055271,3978.7445,,,,,
22.5245,cmd,,,,,-0.44600,0.00000,,,
22.5246,status,,,,,,,TRACKING,,
22.5587,target,0.15193,0.05391,0.054948,3978.7454,,,,,
22.5743,cmd,,,,,-0.37983,0.04313,,,
22.5761,status,,,,,,,TRACKING,,
22.5905,target,0.13964,0.05855,0.054711,3978.7439,,,,,
22.6240,cmd,,,,,-0.34911,0.04684,,,
22.6244,status,,,,,,,TRACKING,,
22.6261,target,0.12653,0.06440,0.054457,3978.7462,,,,,
22.6597,target,0.11146,0.06958,0.054345,3978.7464,,,,,
22.6642,joint,,,,,,,,0.07670,0.18561
22.6744,cmd,,,,,-0.27866,0.05567,,,
22.6748,status,,,,,,,TRACKING,,
22.6908,target,0.09544,0.07356,0.054180,3978.7441,,,,,
22.7239,target,0.07842,0.07708,0.054008,3978.7439,,,,,
22.7241,cmd,,,,,-0.23860,0.05885,,,
22.7242,status,,,,,,,TRACKING,,
22.7597,target,0.06096,0.08039,0.054121,3978.7463,,,,,
22.7757,cmd,,,,,-0.15241,0.06431,,,
22.7759,status,,,,,,,TRACKING,,
22.7909,target,0.04392,0.08345,0.054184,3978.7442,,,,,
22.8241,cmd,,,,,0.00000,0.06676,,,
22.8245,status,,,,,,,TRACKING,,
22.8249,target,0.02581,0.08470,0.054002,3978.7449,,,,,
22.8584,target,0.00825,0.08148,0.054210,3978.7449,,,,,
22.8763,cmd,,,,,0.00000,0.06518,,,
22.8765,status,,,,,,,TRACKING,,
22.8931,target,-0.00755,0.07901,0.054002,3978.7463,,,,,
22.9253,target,-0.02298,0.07578,0.054635,3978.7451,,,,,
22.9255,cmd,,,,,0.00000,0.06320,,,
22.9256,status,,,,,,,TRACKING,,
22.9589,target,-0.03630,0.07171,0.054414,3978.7454,,,,,
22.9755,cmd,,,,,0.00000,0.05736,,,
22.9757,status,,,,,,,TRACKING,,
22.9901,target,-0.04855,0.06139,0.054674,3978.7432,,,,,
23.0231,target,-0.05861,0.05224,0.055119,3978.7429,,,,,
23.0232,cmd,,,,,0.00000,0.04911,,,
23.0235,status,,,,,,,TRACKING,,
23.0595,target,-0.06391,0.04812,0.055443,3978.7459,,,,,
23.0745,cmd,,,,,0.15977,0.00000,,,
23.0753,status,,,,,,,TRACKING,,
23.0919,target,-0.06387,0.04334,0.055428,3978.7450,,,,,
23.1232,cmd,,,,,0.15968,0.00000,,,
23.1234,status,,,,,,,TRACKING,,
23.1240,target,-0.05799,0.04064,0.055584,3978.7437,,,,,
23.1597,target,-0.05025,0.03941,0.055540,3978.7460,,,,,
23.1746,cmd,,,,,0.12563,0.00000,,,
23.1760,status,,,,,,,TRACKING,,
23.1850,joint,,,,,,,,-0.05676,0.16874
23.1903,target,-0.04111,0.03385,0.055467,3978.7433,,,,,
23.2237,cmd,,,,,0.00000,0.00000,,,
23.2240,status,,,,,,,CENTERED,,
23.2258,target,-0.03351,0.02237,0.054952,3978.7455,,,,,
23.2592,target,-0.02843,0.01807,0.055621,3978.7454,,,,,
23.2761,cmd,,,,,0.00000,0.00000,,,
23.2781,status,,,,,,,CENTERED,,
23.2910,target,-0.02262,0.01241,0.055195,3978.7439,,,,,
23.3276,target,-0.01810,0.00937,0.055382,3978.7472,,,,,
23.3277,cmd,,,,,0.00000,0.00000,,,
23.3278,status,,,,,,,CENTERED,,
23.3595,target,-0.01531,0.00390,0.055462,3978.7457,,,,,
23.3745,cmd,,,,,0.00000,0.00000,,,
23.3764,status,,,,,,,CENTERED,,
23.3908,target,-0.01371,0.00323,0.055530,3978.7436,,,,,
23.4239,cmd,,,,,0.00000,0.00000,,,
23.4240,status,,,,,,,CENTERED,,
23.4269,target,-0.01648,0.00164,0.055914,3978.7464,,,,,
23.4588,target,-0.02070,0.00109,0.055655,3978.7449,,,,,
23.4741,cmd,,,,,0.00000,0.00000,,,
23.4752,status,,,,,,,CENTERED,,
23.4926,target,-0.02697,0.00182,0.056000,3978.7454,,,,,
23.5251,cmd,,,,,0.00000,0.00000,,,
23.5252,status,,,,,,,CENTERED,,
23.5256,target,-0.03287,0.00081,0.056083,3978.7450,,,,,
23.5605,target,-0.03693,0.00362,0.056083,3978.7465,,,,,
23.5750,cmd,,,,,0.00000,0.00000,,,
23.5770,status,,,,,,,CENTERED,,
23.5927,target,-0.03886,0.00235,0.056226,3978.7454,,,,,
23.6228,target,-0.03907,0.00562,0.056291,3978.7421,,,,,
23.6232,cmd,,,,,0.00000,0.00000,,,
23.6233,status,,,,,,,CENTERED,,
23.6599,target,-0.03873,0.00911,0.056467,3978.7459,,,,,
23.6749,cmd,,,,,0.00000,0.00000,,,
23.6762,status,,,,,,,CENTERED,,
23.6852,joint,,,,,,,,-0.04295,0.16720
23.6915,target,-0.03854,0.01048,0.056239,3978.7441,,,,,
23.7242,cmd,,,,,0.00000,0.00000,,,
23.7244,status,,,,,,,CENTERED,,
23.7248,target,-0.03866,0.00954,0.056135,3978.7441,,,,,
23.7585,target,-0.03845,0.00591,0.056133,3978.7444,,,,,
23.7753,cmd,,,,,0.00000,0.00000,,,
23.7762,status,,,,,,,CENTERED,,
23.7913,target,-0.03815,0.00555,0.056174,3978.7438,,,,,
23.8234,cmd,,,,,0.00000,0.00000,,,
23.8240,target,-0.03800,0.00455,0.056345,3978.7432,,,,,
23.8242,status,,,,,,,CENTERED,,
23.8594,target,-0.03835,0.00142,0.056291,3978.7453,,,,,
23.8749,cmd,,,,,0.00000,0.00000,,,
23.8767,status,,,,,,,CENTERED,,
23.8906,target,-0.03920,-0.00300,0.056476,3978.7430,,,,,
23.9252,cmd,,,,,0.00000,0.00000,,,
23.9254,status,,,,,,,CENTERED,,
23.9265,target,-0.04073,-0.00609,0.056389,3978.7457,,,,,
23.9595,target,-0.04156,-0.00899,0.056597,3978.7453,,,,,
23.9750,cmd,,,,,0.00000,0.00000,,,
23.9769,status,,,,,,,CENTERED,,
23.9924,target,-0.04278,-0.01066,0.056686,3978.7447,,,,,
24.0241,cmd,,,,,0.00000,0.00000,,,
24.0242,status,,,,,,,CENTERED,,
24.0258,target,-0.04355,-0.01303,0.056788,3978.7448,,,,,
24.0583,target,-0.04334,-0.01297,0.056717,3978.7440,,,,,
24.0760,cmd,,,,,0.00000,0.00000,,,
24.0766,status,,,,,,,CENTERED,,
24.0917,target,-0.04310,-0.01267,0.056725,3978.7440,,,,,
24.1232,cmd,,,,,0.00000,0.00000,,,
24.1251,status,,,,,,,CENTERED,,
24.1270,target,-0.04265,-0.01147,0.056608,3978.7460,,,,,
24.1585,target,-0.04279,-0.00845,0.056643,3978.7441,,,,,
24.1752,cmd,,,,,0.00000,0.00000,,,
24.1770,status,,,,,,,CENTERED,,
24.1925,target,-0.04380,-0.00361,0.056606,3978.7448,,,,,
24.2058,joint,,,,,,,,-0.04295,0.16720
24.2233,cmd,,,,,0.00000,0.00000,,,
24.2234,status,,,,,,,CENTERED,,
24.2267,target,-0.04543,-0.00046,0.056730,3978.7456,,,,,
24.2578,target,-0.04689,0.00164,0.056632,3978.7434,,,,,
24.2746,cmd,,,,,0.00000,0.00000,,,
24.2760,status,,,,,,,CENTERED,,
24.2917,target,-0.04880,0.00202,0.056719,3978.7438,,,,,
24.3240,cmd,,,,,0.00000,0.00000,,,
24.3242,status,,,,,,,CENTERED,,
24.3250,target,-0.05002,0.00174,0.056725,3978.7438,,,,,
24.3608,target,-0.05064,0.00195,0.056710,3978.7463,,,,,
24.3749,cmd,,,,,0.12661,0.00000,,,
24.3756,status,,,,,,,TRACKING,,
24.3931,target,-0.05187,0.00049,0.056541,3978.7453,,,,,
24.4231,cmd,,,,,0.12968,0.00000,,,
24.4250,target,-0.05387,-0.00152,0.056723,3978.7437,,,,,
24.4253,status,,,,,,,TRACKING,,
24.4608,target,-0.05571,-0.00247,0.056777,3978.7462,,,,,
24.4744,cmd,,,,,0.13926,0.00000,,,
24.4774,status,,,,,,,TRACKING,,
24.4922,target,-0.05736,-0.00194,0.056849,3978.7442,,,,,
24.5252,target,-0.05997,0.00011,0.057066,3978.7439,,,,,
24.5254,cmd,,,,,0.14341,0.00000,,,
24.5255,status,,,,,,,TRACKING,,
24.5595,target,-0.06225,0.00299,0.057146,3978.7448,,,,,
24.5739,cmd,,,,,0.15562,0.00000,,,
24.5769,status,,,,,,,TRACKING,,
24.5914,target,-0.06373,0.00541,0.057103,3978.7433,,,,,
24.6240,cmd,,,,,0.15932,0.00000,,,
24.6242,status,,,,,,,TRACKING,,
24.6245,target,-0.06297,0.00739,0.057049,3978.7431,,,,,
24.6590,target,-0.05891,0.00921,0.056899,3978.7443,,,,,
24.6750,cmd,,,,,0.14728,0.00000,,,
24.6778,status,,,,,,,TRACKING,,
24.6928,target,-0.05221,0.01017,0.056563,3978.7447,,,,,
24.7242,cmd,,,,,0.13052,0.00000,,,
24.7244,status,,,,,,,TRACKING,,
24.7249,target,-0.04572,0.00872,0.056569,3978.7435,,,,,
24.7251,joint,,,,,,,,-0.02915,0.16720
24.7596,target,-0.03940,0.00592,0.056417,3978.7447,,,,,
24.7749,cmd,,,,,0.00000,0.00000,,,
24.7760,status,,,,,,,CENTERED,,
24.7917,target,-0.03222,0.00371,0.056170,3978.7435,,,,,
24.8239,cmd,,,,,0.00000,0.00000,,,
24.8241,status,,,,,,,CENTERED,,
24.8252,target,-0.02458,-0.00133,0.055964,3978.7437,,,,,
24.8587,target,-0.01572,-0.00710,0.055781,3978.7438,,,,,
24.8754,cmd,,,,,0.00000,0.00000,,,
24.8763,status,,,,,,,CENTERED,,
24.8915,target,-0.00516,-0.01177,0.055562,3978.7432,,,,,
24.9235,cmd,,,,,0.00000,0.00000,,,
24.9239,status,,,,,,,CENTERED,,
24.9259,target,0.00573,-0.01295,0.055371,3978.7443,,,,,
24.9592,target,0.01784,-0.01222,0.055017,3978.7443,,,,,
24.9743,cmd,,,,,0.00000,0.00000,,,
24.9751,status,,,,,,,CENTERED,,
24.9918,target,0.02802,-0.00950,0.054664,3978.7435,,,,,
25.0239,cmd,,,,,0.00000,0.00000,,,
25.0240,status,,,,,,,CENTERED,,
25.0250,target,0.03809,-0.00504,0.054158,3978.7433,,,,,
25.0616,target,0.04587,-0.00094,0.053639,3978.7466,,,,,
25.0746,cmd,,,,,0.00000,0.00000,,,
25.0753,status,,,,,,,CENTERED,,
25.0933,target,0.05386,0.00497,0.053162,3978.7449,,,,,
25.1249,target,0.06430,0.01099,0.052661,3978.7432,,,,,
25.1250,cmd,,,,,-0.13466,0.00000,,,
25.1250,status,,,,,,,TRACKING,,
25.1590,target,0.07175,0.01298,0.052376,3978.7439,,,,,
25.1747,cmd,,,,,-0.17939,0.00000,,,
25.1749,status,,,,,,,TRACKING,,
25.1937,target,0.08109,0.01395,0.051953,3978.7452,,,,,
25.2261,target,0.08979,0.01434,0.051682,3978.7443,,,,,
25.2263,cmd,,,,,-0.20273,0.00000,,,
25.2264,status,,,,,,,TRACKING,,
25.2612,target,0.09794,0.01214,0.051556,3978.7461,,,,,
25.2640,joint,,,,,,,,-0.01381,0.16720
25.2744,cmd,,,,,-0.24484,0.00000,,,
25.2753,status,,,,,,,TRACKING,,
25.2926,target,0.10417,0.01156,0.051467,3978.7441,,,,,
25.3237,cmd,,,,,-0.26043,0.00000,,,
25.3239,status,,,,,,,TRACKING,,
25.3255,target,0.10715,0.01220,0.051586,3978.7436,,,,,
25.3608,target,0.11052,0.01244,0.051411,3978.7456,,,,,
25.3747,cmd,,,,,-0.27631,0.00000,,,
25.3785,status,,,,,,,TRACKING,,
25.3942,target,0.11100,0.01574,0.051517,3978.7456,,,,,
25.4251,cmd,,,,,-0.27749,0.00000,,,
25.4252,status,,,,,,,TRACKING,,
25.4261,target,0.10867,0.01772,0.051365,3978.7442,,,,,
25.4613,target,0.10398,0.02068,0.051337,3978.7460,,,,,
25.4763,cmd,,,,,-0.25996,0.00000,,,
25.4765,status,,,,,,,TRACKING,,
25.4930,target,0.09821,0.02584,0.051415,3978.7443,,,,,
25.5232,cmd,,,,,-0.24553,0.00000,,,
25.5237,status,,,,,,,TRACKING,,
25.5261,target,0.09070,0.03247,0.051421,3978.7441,,,,,
25.5601,target,0.08256,0.03774,0.051426,3978.7447,,,,,
25.5741,cmd,,,,,-0.20640,0.00000,,,
25.5754,status,,,,,,,TRACKING,,
25.5923,target,0.07348,0.04220,0.051263,3978.7435,,,,,
25.6251,cmd,,,,,-0.18369,0.00000,,,
25.6252,status,,,,,,,TRACKING,,
25.6256,target,0.06450,0.04703,0.051385,3978.7435,,,,,
25.6613,target,0.05824,0.05005,0.051230,3978.7458,,,,,
25.6753,cmd,,,,,-0.14560,0.04004,,,
25.6765,status,,,,,,,TRACKING,,
25.6926,target,0.05235,0.05212,0.051157,3978.7437,,,,,
25.7236,cmd,,,,,-0.13089,0.04170,,,
25.7246,status,,,,,,,TRACKING,,
25.7268,target,0.04751,0.05327,0.051120,3978.7446,,,,,
25.7600,target,0.04368,0.05423,0.051083,3978.7444,,,,,
25.7640,joint,,,,,,,,-0.08130,0.16720
25.7741,cmd,,,,,0.00000,0.04338,,,
25.7763,status,,,,,,,TRACKING,,
25.7936,target,0.04133,0.05753,0.051022,3978.7446,,,,,
25.8242,cmd,,,,,0.00000,0.04602,,,
25.8243,status,,,,,,,TRACKING,,
25.8278,target,0.04057,0.06007,0.050790,3978.7455,,,,,
25.8623,target,0.04050,0.06202,0.050508,3978.7467,,,,,
25.8751,cmd,,,,,0.00000,0.04962,,,
25.8753,status,,,,,,,TRACKING,,
25.8948,target,0.04163,0.06367,0.050295,3978.7458,,,,,
25.9236,cmd,,,,,0.00000,0.05093,,,
25.9238,status,,,,,,,TRACKING,,
25.9276,target,0.04386,0.06275,0.050176,3978.7452,,,,,
25.9605,target,0.04966,0.06174,0.049379,3978.7448,,,,,
25.9743,cmd,,,,,0.00000,0.04939,,,
25.9781,status,,,,,,,TRACKING,,
25.9934,target,0.05963,0.05592,0.049347,3978.7443,,,,,
26.0251,cmd,,,,,-0.14907,0.04474,,,
26.0252,status,,,,,,,TRACKING,,
26.0269,target,0.07453,0.05419,0.048344,3978.7445,,,,,
26.0622,target,0.08958,0.04851,0.048368,3978.7464,,,,,
26.0743,cmd,,,,,-0.22396,0.00000,,,
26.0769,status,,,,,,,TRACKING,,
26.0940,target,0.11046,0.03927,0.047988,3978.7449,,,,,
26.1248,cmd,,,,,-0.27615,0.00000,,,
26.1250,status,,,,,,,TRACKING,,
26.1275,target,0.12966,0.02518,0.049212,3978.7450,,,,,
26.1627,target,0.14865,0.01105,0.050204,3978.7469,,,,,
26.1742,cmd,,,,,-0.37163,0.00000,,,
26.1773,status,,,,,,,TRACKING,,
26.1949,target,0.16690,-0.00401,0.051543,3978.7457,,,,,
26.2252,cmd,,,,,-0.41724,0.00000,,,
26.2253,status,,,,,,,TRACKING,,
26.2272,target,0.18766,-0.00964,0.052114,3978.7446,,,,,
26.2636,target,0.20586,-0.01355,0.053264,3978.7477,,,,,
26.2748,cmd,,,,,-0.51466,0.00000,,,
26.2752,status,,,,,,,TRACKING,,
26.2843,joint,,,,,,,,-0.10278,0.15493
26.2946,target,0.22446,-0.01824,0.054108,3978.7454,,,,,
26.3238,cmd,,,,,-0.56115,0.00000,,,
26.3239,status,,,,,,,TRACKING,,
26.3279,target,0.24042,-0.01804,0.054590,3978.7452,,,,,
26.3605,target,0.25268,-0.01952,0.055263,3978.7445,,,,,
26.3742,cmd,,,,,-0.60000,0.00000,,,
26.3745,status,,,,,,,TRACKING,,
26.3955,target,0.26249,-0.02003,0.055736,3978.7461,,,,,
26.4236,cmd,,,,,-0.60000,0.00000,,,
26.4237,status,,,,,,,TRACKING,,
26.4277,target,0.26942,-0.02014,0.056009,3978.7450,,,,,
26.4642,target,0.27477,-0.01584,0.055829,3978.7481,,,,,
26.4742,cmd,,,,,-0.60000,0.00000,,,
26.4751,status,,,,,,,TRACKING,,
26.4952,target,0.27677,-0.01400,0.055983,3978.7458,,,,,
26.5243,cmd,,,,,-0.60000,0.00000,,,
26.5245,status,,,,,,,TRACKING,,
26.5269,target,0.27690,-0.00919,0.055723,3978.7441,,,,,
26.5659,target,0.27584,-0.00511,0.055508,3978.7498,,,,,
26.5749,cmd,,,,,-0.60000,0.00000,,,
26.5753,status,,,,,,,TRACKING,,
26.5935,target,0.27309,-0.00148,0.054974,3978.7440,,,,,
26.6257,cmd,,,,,-0.60000,0.00000,,,
26.6258,status,,,,,,,TRACKING,,
26.6290,target,0.26844,0.00174,0.054217,3978.7461,,,,,
26.6621,target,0.26166,0.00224,0.053290,3978.7458,,,,,
26.6746,cmd,,,,,-0.60000,0.00000,,,
26.6751,status,,,,,,,TRACKING,,
26.6945,target,0.25367,0.00253,0.052166,3978.7449,,,,,
26.7242,cmd,,,,,-0.60000,0.00000,,,
26.7243,status,,,,,,,TRACKING,,
26.7282,target,0.24322,0.00150,0.050753,3978.7453,,,,,
26.7640,target,0.23106,-0.00167,0.049208,3978.7477,,,,,
26.7741,cmd,,,,,-0.57766,0.00000,,,
26.7768,status,,,,,,,TRACKING,,
26.7842,joint,,,,,,,,-0.26845,0.15493
26.7952,target,0.21706,-0.00744,0.047691,3978.7456,,,,,
26.8244,cmd,,,,,-0.54265,0.00000,,,
26.8245,status,,,,,,,TRACKING,,
26.8300,target,0.20268,-0.01408,0.046458,3978.7470,,,,,
26.8635,target,0.18932,-0.01927,0.045349,3978.7471,,,,,
26.8744,cmd,,,,,-0.47329,0.00000,,,
26.8752,status,,,,,,,TRACKING,,
26.8935,target,0.17760,-0.02331,0.043539,3978.7437,,,,,
26.9242,cmd,,,,,-0.44400,0.00000,,,
26.9244,status,,,,,,,TRACKING,,
26.9290,target,0.16565,-0.02671,0.041165,3978.7459,,,,,
26.9636,target,0.15187,-0.02626,0.038893,3978.7472,,,,,
26.9739,cmd,,,,,-0.37967,0.00000,,,
26.9750,status,,,,,,,TRACKING,,
26.9951,target,0.13555,-0.03434,0.038770,3978.7453,,,,,
27.0239,cmd,,,,,-0.33887,0.00000,,,
27.0240,status,,,,,,,TRACKING,,
27.0279,target,0.12021,-0.03857,0.039104,3978.7448,,,,,
27.0604,target,0.10701,-0.03760,0.039312,3978.7438,,,,,
27.0753,cmd,,,,,-0.26752,0.00000,,,
27.0754,status,,,,,,,TRACKING,,
27.0952,target,0.09533,-0.03853,0.039293,3978.7453,,,,,
27.1241,cmd,,,,,-0.23833,0.00000,,,
27.1242,status,,,,,,,TRACKING,,
27.1300,target,0.08501,-0.04131,0.039065,3978.7467,,,,,
27.1641,target,0.07530,-0.04647,0.038806,3978.7475,,,,,
27.1744,cmd,,,,,-0.18826,0.00000,,,
27.1762,status,,,,,,,TRACKING,,
27.1934,target,0.06670,-0.05265,0.038635,3978.7434,,,,,
27.2232,cmd,,,,,-0.16675,-0.04212,,,
27.2234,status,,,,,,,TRACKING,,
27.2302,target,0.06037,-0.05929,0.038288,3978.7469,,,,,
27.2634,target,0.05642,-0.06642,0.037778,3978.7468,,,,,
27.2744,cmd,,,,,-0.14105,-0.05313,,,
27.2751,status,,,,,,,TRACKING,,
27.2935,target,0.05319,-0.07419,0.037283,3978.7435,,,,,
27.3244,cmd,,,,,-0.13298,-0.05935,,,
27.3248,joint,,,,,,,,-0.55377,0.15493
27.3255,status,,,,,,,TRACKING,,
27.3297,target,0.05149,-0.08255,0.036764,3978.7463,,,,,
27.3645,target,0.05141,-0.08992,0.036326,3978.7478,,,,,
27.3741,cmd,,,,,-0.12852,-0.07194,,,
27.3763,status,,,,,,,TRACKING,,
27.3947,target,0.05259,-0.09448,0.035957,3978.7446,,,,,
27.4243,cmd,,,,,-0.13148,-0.07559,,,
27.4244,status,,,,,,,TRACKING,,
27.4293,target,0.05585,-0.10034,0.035527,3978.7458,,,,,
27.4610,target,0.05912,-0.10615,0.035356,3978.7442,,,,,
27.4737,cmd,,,,,-0.14781,-0.08492,,,
27.4740,status,,,,,,,TRACKING,,
27.4943,target,0.06348,-0.10928,0.034789,3978.7441,,,,,
27.5233,cmd,,,,,-0.15870,-0.08743,,,
27.5240,status,,,,,,,TRACKING,,
27.5275,target,0.06914,-0.10977,0.034488,3978.7439,,,,,
27.5656,target,0.07779,-0.10472,0.034076,3978.7487,,,,,
27.5740,cmd,,,,,-0.19447,-0.08378,,,
27.5747,status,,,,,,,TRACKING,,
27.5937,target,0.08704,-0.09891,0.033691,3978.7434,,,,,
27.6246,cmd,,,,,-0.21761,-0.07913,,,
27.6247,status,,,,,,,TRACKING,,
27.6270,target,0.09619,-0.09201,0.033524,3978.7434,,,,,
27.6630,target,0.10556,-0.08290,0.033498,3978.7460,,,,,
27.6738,cmd,,,,,-0.26391,-0.06632,,,
27.6747,status,,,,,,,TRACKING,,
27.6939,target,0.11398,-0.07220,0.033325,3978.7436,,,,,
27.7241,cmd,,,,,-0.28496,-0.05776,,,
27.7243,status,,,,,,,TRACKING,,
27.7293,target,0.12152,-0.06235,0.033264,3978.7456,,,,,
27.7654,target,0.12802,-0.05181,0.033147,3978.7484,,,,,
27.7739,cmd,,,,,-0.32005,-0.04144,,,
27.7750,status,,,,,,,TRACKING,,
27.7948,target,0.13498,-0.04128,0.033019,3978.7444,,,,,
27.8048,joint,,,,,,,,-0.64734,0.17487
27.8251,cmd,,,,,-0.33745,0.00000,,,
27.8252,status,,,,,,,TRACKING,,
27.8288,target,0.14191,-0.02841,0.032986,3978.7451,,,,,
27.8640,target,0.14904,-0.01749,0.032867,3978.7469,,,,,
27.8741,cmd,,,,,-0.37259,0.00000,,,
27.8745,status,,,,,,,TRACKING,,
27.8975,target,0.15493,-0.00880,0.032969,3978.7470,,,,,
27.9240,cmd,,,,,-0.38731,0.00000,,,
27.9241,status,,,,,,,TRACKING,,
27.9282,target,0.16074,-0.00180,0.032960,3978.7444,,,,,
27.9650,target,0.16416,-0.00092,0.033179,3978.7478,,,,,
27.9738,cmd,,,,,-0.41041,0.00000,,,
27.9750,status,,,,,,,TRACKING,,
27.9951,target,0.16694,-0.00490,0.033264,3978.7445,,,,,
28.0232,cmd,,,,,-0.41735,0.00000,,,
28.0241,status,,,,,,,TRACKING,,
28.0286,target,0.16937,-0.00588,0.033372,3978.7447,,,,,
28.0609,target,0.17168,-0.00773,0.033537,3978.7437,,,,,
28.0737,cmd,,,,,-0.42921,0.00000,,,
28.0748,status,,,,,,,TRACKING,,
28.0935,target,0.17395,-0.00897,0.033550,3978.7429,,,,,
28.1237,cmd,,,,,-0.43487,0.00000,,,
28.1240,status,,,,,,,TRACKING,,
28.1292,target,0.17510,-0.01320,0.033576,3978.7452,,,,,
28.1644,target,0.17610,-0.01589,0.033583,3978.7471,,,,,
28.1739,cmd,,,,,-0.44025,0.00000,,,
28.1742,status,,,,,,,TRACKING,,
28.1945,target,0.17674,-0.01705,0.033661,3978.7438,,,,,
28.2238,cmd,,,,,-0.44185,0.00000,,,
28.2238,status,,,,,,,TRACKING,,
28.2286,target,0.17692,-0.01941,0.033581,3978.7446,,,,,
28.2611,target,0.17741,-0.02098,0.033479,3978.7437,,,,,
28.2743,cmd,,,,,-0.44353,0.00000,,,
28.2747,status,,,,,,,TRACKING,,
28.2950,target,0.17777,-0.02237,0.033260,3978.7442,,,,,
28.3248,cmd,,,,,-0.44442,0.00000,,,
28.3250,joint,,,,,,,,-0.78693,0.18254
28.3255,status,,,,,,,TRACKING,,
28.3289,target,0.17723,-0.02445,0.032930,3978.7448,,,,,
28.3650,target,0.17737,-0.02715,0.032517,3978.7475,,,,,
28.3742,cmd,,,,,-0.44342,0.00000,,,
28.3771,status,,,,,,,TRACKING,,
28.3951,target,0.17664,-0.02724,0.032211,3978.7443,,,,,
28.4249,cmd,,,,,-0.44161,0.00000,,,
28.4252,status,,,,,,,TRACKING,,
28.4266,target,0.17617,-0.02875,0.031892,3978.7424,,,,,
28.4643,target,0.17565,-0.02659,0.031612,3978.7467,,,,,
28.4739,cmd,,,,,-0.43912,0.00000,,,
28.4743,status,,,,,,,TRACKING,,
28.4955,target,0.17436,-0.02303,0.031300,3978.7446,,,,,
28.5241,cmd,,,,,-0.43590,0.00000,,,
28.5243,status,,,,,,,TRACKING,,
28.5293,target,0.17131,-0.01978,0.030699,3978.7450,,,,,
28.5634,target,0.16735,-0.01690,0.030406,3978.7458,,,,,
28.5746,cmd,,,,,-0.41837,0.00000,,,
28.5755,status,,,,,,,TRACKING,,
28.5936,target,0.16385,-0.01565,0.030111,3978.7427,,,,,
28.6246,cmd,,,,,-0.40963,0.00000,,,
28.6247,status,,,,,,,TRACKING,,
28.6295,target,0.16066,-0.01866,0.029909,3978.7453,,,,,
28.6621,target,0.15790,-0.02490,0.029950,3978.7445,,,,,
28.6752,cmd,,,,,-0.39475,0.00000,,,
28.6753,status,,,,,,,TRACKING,,
28.6954,target,0.15533,-0.03292,0.030037,3978.7444,,,,,
28.7258,cmd,,,,,-0.38833,0.00000,,,
28.7260,status,,,,,,,TRACKING,,
28.7289,target,0.15176,-0.04181,0.030178,3978.7446,,,,,
28.7654,target,0.14834,-0.04987,0.030384,3978.7477,,,,,
28.7745,cmd,,,,,-0.37084,0.00000,,,
28.7758,status,,,,,,,TRACKING,,
28.7943,target,0.14607,-0.05397,0.030523,3978.7432,,,,,
28.8246,cmd,,,,,-0.36518,-0.04318,,,
28.8248,status,,,,,,,TRACKING,,
28.8300,target,0.14385,-0.05495,0.030662,3978.7456,,,,,
28.8473,joint,,,,,,,,-1.00322,0.18101
28.8656,target,0.14263,-0.05274,0.030777,3978.7478,,,,,
28.8752,cmd,,,,,-0.35657,-0.04220,,,
28.8754,status,,,,,,,TRACKING,,
28.8957,target,0.14210,-0.04864,0.030794,3978.7446,,,,,
28.9241,cmd,,,,,-0.35526,0.00000,,,
28.9243,status,,,,,,,TRACKING,,
28.9289,target,0.14124,-0.04686,0.031026,3978.7443,,,,,
28.9655,target,0.13997,-0.04417,0.031152,3978.7476,,,,,
28.9743,cmd,,,,,-0.34992,0.00000,,,
28.9763,status,,,,,,,TRACKING,,
28.9945,target,0.13954,-0.04206,0.031374,3978.7432,,,,,
29.0241,cmd,,,,,-0.34886,0.00000,,,
29.0242,status,,,,,,,TRACKING,,
29.0313,target,0.13823,-0.04120,0.031688,3978.7467,,,,,
29.0642,target,0.13594,-0.04075,0.031834,3978.7462,,,,,
29.0738,cmd,,,,,-0.33985,0.00000,,,
29.0750,status,,,,,,,TRACKING,,
29.0948,target,0.13352,-0.04201,0.031873,3978.7435,,,,,
29.1272,cmd,,,,,-0.33381,0.00000,,,
29.1273,status,,,,,,,TRACKING,,
29.1305,target,0.13122,-0.04164,0.031964,3978.7459,,,,,
29.1654,target,0.12899,-0.04405,0.032027,3978.7474,,,,,
29.1735,cmd,,,,,-0.32248,0.00000,,,
29.1750,status,,,,,,,TRACKING,,
29.2002,target,0.12592,-0.04674,0.032259,3978.7488,,,,,
29.2241,cmd,,,,,-0.31480,0.00000,,,
29.2243,status,,,,,,,TRACKING,,
29.2282,target,0.12223,-0.05196,0.032604,3978.7434,,,,,
29.2640,target,0.11857,-0.05210,0.032993,3978.7459,,,,,
29.2747,cmd,,,,,-0.29644,-0.04168,,,
29.2784,status,,,,,,,TRACKING,,
29.2956,target,0.11695,-0.04970,0.033390,3978.7442,,,,,
29.3240,cmd,,,,,-0.29238,0.00000,,,
29.3241,status,,,,,,,TRACKING,,
29.3287,target,0.11717,-0.04006,0.033891,3978.7439,,,,,
29.3654,joint,,,,,,,,-1.19957,0.18101
29.3669,target,0.11874,-0.02793,0.034288,3978.7487,,,,,
29.3738,cmd,,,,,-0.29686,0.00000,,,
29.3758,status,,,,,,,TRACKING,,
29.3958,target,0.12065,-0.01484,0.034674,3978.7443,,,,,
29.4243,cmd,,,,,-0.30162,0.00000,,,
29.4244,status,,,,,,,TRACKING,,
29.4288,target,0.12339,-0.00557,0.035184,3978.7439,,,,,
29.4667,target,0.12610,0.00303,0.035597,3978.7485,,,,,
29.4736,cmd,,,,,-0.31526,0.00000,,,
29.4747,status,,,,,,,TRACKING,,
29.4960,target,0.13000,0.00945,0.035981,3978.7444,,,,,
29.5250,cmd,,,,,-0.32500,0.00000,,,
29.5252,status,,,,,,,TRACKING,,
29.5293,target,0.13295,0.01271,0.036319,3978.7444,,,,,
29.5659,target,0.13355,0.01166,0.036291,3978.7475,,,,,
29.5752,cmd,,,,,-0.33389,0.00000,,,
29.5753,status,,,,,,,TRACKING,,
29.5961,target,0.13358,0.01146,0.036243,3978.7444,,,,,
29.6265,cmd,,,,,-0.33394,0.00000,,,
29.6266,status,,,,,,,TRACKING,,
29.6294,target,0.13267,0.01122,0.036122,3978.7443,,,,,
29.6639,target,0.13134,0.01107,0.036094,3978.7455,,,,,
29.6738,cmd,,,,,-0.32834,0.00000,,,
29.6739,status,,,,,,,TRACKING,,
29.6972,target,0.13033,0.01414,0.036087,3978.7454,,,,,
29.7246,cmd,,,,,-0.32583,0.00000,,,
29.7249,status,,,,,,,TRACKING,,
29.7310,target,0.12874,0.01693,0.035992,3978.7459,,,,,
29.7655,target,0.12681,0.01997,0.036005,3978.7471,,,,,
29.7733,cmd,,,,,-0.31703,0.00000,,,
29.7737,status,,,,,,,TRACKING,,
29.7956,target,0.12527,0.02223,0.036070,3978.7438,,,,,
29.8251,cmd,,,,,-0.31318,0.00000,,,
29.8260,status,,,,,,,TRACKING,,
29.8306,target,0.12277,0.02971,0.035751,3978.7454,,,,,
29.8647,joint,,,,,,,,-1.35757,0.18254
29.8669,target,0.11896,0.03881,0.035063,3978.7483,,,,,
29.8733,cmd,,,,,-0.29739,0.00000,,,
29.8734,status,,,,,,,TRACKING,,
29.8961,target,0.11334,0.04529,0.034284,3978.7441,,,,,
29.9242,cmd,,,,,-0.28336,0.00000,,,
29.9247,status,,,,,,,TRACKING,,
29.9307,target,0.10779,0.05121,0.034132,3978.7454,,,,,
29.9647,target,0.10351,0.05609,0.034277,3978.7460,,,,,
29.9752,cmd,,,,,-0.25879,0.04487,,,
29.9753,status,,,,,,,TRACKING,,
29.9955,target,0.09796,0.06190,0.034308,3978.7435,,,,,
30.0243,cmd,,,,,-0.24490,0.04952,,,
30.0245,status,,,,,,,TRACKING,,
30.0311,target,0.09502,0.06611,0.035061,3978.7457,,,,,
30.0653,target,0.09023,0.07201,0.035315,3978.7466,,,,,
30.0746,cmd,,,,,-0.22558,0.05761,,,
30.0749,status,,,,,,,TRACKING,,
30.0970,target,0.08566,0.08037,0.035386,3978.7450,,,,,
30.1247,cmd,,,,,-0.21415,0.06430,,,
30.1251,status,,,,,,,TRACKING,,
30.1310,target,0.08190,0.08938,0.035701,3978.7456,,,,,
30.1646,target,0.07827,0.09975,0.035979,3978.7459,,,,,
30.1737,cmd,,,,,-0.19566,0.07980,,,
30.1741,status,,,,,,,TRACKING,,
30.1970,target,0.07504,0.10848,0.036335,3978.7448,,,,,
30.2244,cmd,,,,,-0.18761,0.08678,,,
30.2248,status,,,,,,,TRACKING,,
30.2299,target,0.07334,0.11232,0.036799,3978.7444,,,,,
30.2668,target,0.07165,0.11927,0.037539,3978.7479,,,,,
30.2742,cmd,,,,,-0.17912,0.09542,,,
30.2744,status,,,,,,,TRACKING,,
30.2962,target,0.07030,0.12138,0.037676,3978.7440,,,,,
30.3240,cmd,,,,,-0.17575,0.09711,,,
30.3243,status,,,,,,,TRACKING,,
30.3295,target,0.06962,0.12442,0.038724,3978.7440,,,,,
30.3664,target,0.06899,0.12695,0.038852,3978.7475,,,,,
30.3735,cmd,,,,,-0.17248,0.10156,,,
30.3736,status,,,,,,,TRACKING,,
30.3844,joint,,,,,,,,-1.50790,0.17181
30.3968,target,0.07166,0.13066,0.039436,3978.7445,,,,,
30.4240,cmd,,,,,-0.17916,0.10453,,,
30.4243,status,,,,,,,TRACKING,,
30.4311,target,0.07691,0.13294,0.039935,3978.7454,,,,,
30.4658,target,0.08372,0.13617,0.040801,3978.7468,,,,,
30.4756,cmd,,,,,-0.20930,0.10894,,,
30.4758,status,,,,,,,TRACKING,,
30.5000,target,0.09224,0.13399,0.041732,3978.7476,,,,,
30.5252,cmd,,,,,-0.23061,0.10720,,,
30.5254,status,,,,,,,TRACKING,,
30.5292,target,0.09947,0.12922,0.042756,3978.7435,,,,,
30.5663,target,0.10499,0.11741,0.043405,3978.7472,,,,,
30.5752,cmd,,,,,-0.26248,0.09393,,,
30.5754,status,,,,,,,TRACKING,,
30.5957,target,0.11002,0.10769,0.044086,3978.7432,,,,,
30.6250,cmd,,,,,-0.27506,0.08615,,,
30.6271,status,,,,,,,TRACKING,,
30.6311,target,0.11363,0.09299,0.044429,3978.7453,,,,,
30.6623,target,0.11472,0.07835,0.045330,3978.7432,,,,,
30.6745,cmd,,,,,-0.28681,0.06268,,,
30.6756,status,,,,,,,TRACKING,,
30.6979,target,0.11490,0.06840,0.045421,3978.7453,,,,,
30.7241,cmd,,,,,-0.28726,0.05472,,,
30.7243,status,,,,,,,TRACKING,,
30.7296,target,0.11360,0.05231,0.045545,3978.7437,,,,,
30.7662,target,0.10941,0.03836,0.045940,3978.7470,,,,,
30.7736,cmd,,,,,-0.27353,0.00000,,,
30.7737,status,,,,,,,TRACKING,,
30.7951,target,0.10640,0.01873,0.045514,3978.7425,,,,,
30.8251,cmd,,,,,-0.26599,0.00000,,,
30.8252,status,,,,,,,TRACKING,,
30.8299,target,0.10482,-0.00095,0.046567,3978.7440,,,,,
30.8650,target,0.09698,-0.00663,0.046890,3978.7457,,,,,
30.8736,cmd,,,,,-0.24244,0.00000,,,
30.8737,status,,,,,,,TRACKING,,
30.8845,joint,,,,,,,,-1.60454,0.13499
30.8942,target,0.08737,-0.00701,0.047003,3978.7416,,,,,
30.9240,cmd,,,,,-0.21843,0.00000,,,
30.9244,status,,,,,,,TRACKING,,
30.9314,target,0.07706,-0.00566,0.047025,3978.7454,,,,,
30.9630,target,0.06626,-0.00393,0.046951,3978.7436,,,,,
30.9745,cmd,,,,,-0.16565,0.00000,,,
30.9750,status,,,,,,,TRACKING,,
30.9967,target,0.05805,0.00832,0.047144,3978.7439,,,,,
31.0255,cmd,,,,,-0.14513,0.00000,,,
31.0257,status,,,,,,,TRACKING,,
31.0297,target,0.05148,0.01892,0.047059,3978.7436,,,,,
31.0655,target,0.04431,0.03179,0.046845,3978.7460,,,,,
31.0740,cmd,,,,,0.00000,0.00000,,,
31.0748,status,,,,,,,CENTERED,,
31.0972,target,0.03703,0.04403,0.046552,3978.7444,,,,,
31.1252,cmd,,,,,0.00000,0.00000,,,
31.1254,status,,,,,,,CENTERED,,
31.1321,target,0.02939,0.04805,0.045749,3978.7459,,,,,
31.1667,target,0.02161,0.04423,0.045265,3978.7472,,,,,
31.1734,cmd,,,,,0.00000,0.00000,,,
31.1735,status,,,,,,,CENTERED,,
31.1964,target,0.01302,0.03858,0.044568,3978.7435,,,,,
31.2249,cmd,,,,,0.00000,0.00000,,,
31.2253,status,,,,,,,CENTERED,,
31.2291,target,0.00417,0.02751,0.043967,3978.7428,,,,,
31.2650,target,-0.00324,0.01600,0.043333,3978.7454,,,,,
31.2748,cmd,,,,,0.00000,0.00000,,,
31.2754,status,,,,,,,CENTERED,,
31.2984,target,-0.00665,0.00399,0.042786,3978.7455,,,,,
31.3266,cmd,,,,,0.00000,0.00000,,,
31.3270,status,,,,,,,CENTERED,,
31.3309,target,-0.00724,-0.00459,0.042461,3978.7446,,,,,
31.3668,target,-0.00552,-0.01387,0.041938,3978.7472,,,,,
31.3737,cmd,,,,,0.00000,0.00000,,,
31.3739,status,,,,,,,CENTERED,,
31.3845,joint,,,,,,,,-1.67971,0.13499
31.3966,target,0.00051,-0.02000,0.041628,3978.7435,,,,,
31.4237,cmd,,,,,0.00000,0.00000,,,
31.4238,status,,,,,,,CENTERED,,
31.4319,target,0.00820,-0.02440,0.041484,3978.7456,,,,,
31.4639,target,0.01373,-0.02508,0.041404,3978.7442,,,,,
31.4740,cmd,,,,,0.00000,0.00000,,,
31.4771,status,,,,,,,CENTERED,,
31.4972,target,0.01642,-0.02436,0.041378,3978.7441,,,,,
31.5244,cmd,,,,,0.00000,0.00000,,,
31.5247,status,,,,,,,CENTERED,,
31.5306,target,0.01779,-0.02209,0.041302,3978.7442,,,,,
31.5668,target,0.01760,-0.02091,0.041474,3978.7470,,,,,
31.5737,cmd,,,,,0.00000,0.00000,,,
31.5762,status,,,,,,,CENTERED,,
31.5967,target,0.01605,-0.01778,0.041335,3978.7435,,,,,
31.6239,cmd,,,,,0.00000,0.00000,,,
31.6240,status,,,,,,,CENTERED,,
31.6292,target,0.01510,-0.01223,0.041541,3978.7427,,,,,
31.6668,target,0.01364,-0.00908,0.041578,3978.7469,,,,,
31.6741,cmd,,,,,0.00000,0.00000,,,
31.6743,status,,,,,,,CENTERED,,
31.6975,target,0.01120,-0.00448,0.041417,3978.7443,,,,,
31.7244,cmd,,,,,0.00000,0.00000,,,
31.7246,status,,,,,,,CENTERED,,
31.7298,target,0.00941,-0.00556,0.041200,3978.7432,,,,,
31.7675,target,0.00795,-0.00733,0.041076,3978.7475,,,,,
31.7738,cmd,,,,,0.00000,0.00000,,,
31.7739,status,,,,,,,CENTERED,,
31.7955,target,0.00701,-0.01190,0.040846,3978.7422,,,,,
31.8255,cmd,,,,,0.00000,0.00000,,,
31.8259,status,,,,,,,CENTERED,,
31.8304,target,0.00568,-0.01696,0.040616,3978.7438,,,,,
31.8665,target,0.00575,-0.02168,0.040640,3978.7465,,,,,
31.8736,cmd,,,,,0.00000,0.00000,,,
31.8740,status,,,,,,,CENTERED,,
31.8995,target,0.00569,-0.02638,0.040618,3978.7461,,,,,
31.9043,joint,,,,,,,,-1.66590,0.13499
31.9245,cmd,,,,,0.00000,0.00000,,,
31.9247,status,,,,,,,CENTERED,,
31.9306,target,0.00624,-0.03121,0.040423,3978.7439,,,,,
31.9666,target,0.00773,-0.03837,0.040655,3978.7465,,,,,
31.9736,cmd,,,,,0.00000,0.00000,,,
31.9738,status,,,,,,,CENTERED,,
31.9976,target,0.00952,-0.04399,0.040740,3978.7442,,,,,
32.0243,cmd,,,,,0.00000,0.00000,,,
32.0245,status,,,,,,,CENTERED,,
32.0309,target,0.01163,-0.04556,0.041029,3978.7441,,,,,
32.0669,target,0.01256,-0.04602,0.041081,3978.7468,,,,,
32.0734,cmd,,,,,0.00000,0.00000,,,
32.0740,status,,,,,,,CENTERED,,
32.0980,target,0.01164,-0.04611,0.040953,3978.7445,,,,,
32.1235,cmd,,,,,0.00000,0.00000,,,
32.1236,status,,,,,,,CENTERED,,
32.1325,target,0.01065,-0.04566,0.040356,3978.7457,,,,,
32.1663,target,0.00899,-0.04703,0.040738,3978.7461,,,,,
32.1736,cmd,,,,,0.00000,0.00000,,,
32.1745,status,,,,,,,CENTERED,,
32.1964,target,0.00820,-0.04996,0.040586,3978.7428,,,,,
32.2245,cmd,,,,,0.00000,0.00000,,,
32.2246,status,,,,,,,CENTERED,,
32.2299,target,0.00840,-0.05101,0.040601,3978.7430,,,,,
32.2666,target,0.00969,-0.05210,0.040562,3978.7463,,,,,
32.2733,cmd,,,,,0.00000,-0.04168,,,
32.2737,status,,,,,,,TRACKING,,
32.3004,target,0.01023,-0.05608,0.040527,3978.7467,,,,,
32.3241,cmd,,,,,0.00000,-0.04486,,,
32.3242,status,,,,,,,TRACKING,,
32.3316,target,0.00988,-0.05778,0.040247,3978.7446,,,,,
32.3677,target,0.00924,-0.05825,0.040043,3978.7473,,,,,
32.3729,cmd,,,,,0.00000,-0.04660,,,
32.3736,status,,,,,,,TRACKING,,
32.3966,target,0.00896,-0.05792,0.040007,3978.7429,,,,,
32.4044,joint,,,,,,,,-1.66590,0.13499
32.4252,cmd,,,,,0.00000,-0.04633,,,
32.4253,status,,,,,,,TRACKING,,
32.4310,target,0.00804,-0.05612,0.039911,3978.7440,,,,,
32.4674,target,0.00685,-0.05355,0.039859,3978.7470,,,,,
32.4732,cmd,,,,,0.00000,-0.04284,,,
32.4736,status,,,,,,,TRACKING,,
32.4961,target,0.00706,-0.04889,0.039844,3978.7423,,,,,
32.5248,cmd,,,,,0.00000,0.00000,,,
32.5250,status,,,,,,,CENTERED,,
32.5303,target,0.00697,-0.04482,0.039761,3978.7432,,,,,
32.5668,target,0.00681,-0.04199,0.039718,3978.7463,,,,,
32.5730,cmd,,,,,0.00000,0.00000,,,
32.5732,status,,,,,,,CENTERED,,
32.5967,target,0.00645,-0.03893,0.039603,3978.7429,,,,,
32.6252,cmd,,,,,0.00000,0.00000,,,
32.6253,status,,,,,,,CENTERED,,
32.6323,target,0.00620,-0.03133,0.039557,3978.7452,,,,,
32.6678,target,0.00623,-0.03288,0.039286,3978.7472,,,,,
32.6753,cmd,,,,,0.00000,0.00000,,,
32.6754,status,,,,,,,CENTERED,,
32.6980,target,0.00691,-0.03004,0.039442,3978.7441,,,,,
32.7242,cmd,,,,,0.00000,0.00000,,,
32.7244,status,,,,,,,CENTERED,,
32.7330,target,0.00848,-0.03174,0.039410,3978.7458,,,,,
32.7673,target,0.01051,-0.02971,0.039631,3978.7467,,,,,
32.7735,cmd,,,,,0.00000,0.00000,,,
32.7738,status,,,,,,,CENTERED,,
32.7966,target,0.01269,-0.02939,0.039603,3978.7427,,,,,
32.8270,cmd,,,,,0.00000,0.00000,,,
32.8295,status,,,,,,,CENTERED,,
32.8302,target,0.01524,-0.02693,0.039816,3978.7428,,,,,
32.8684,target,0.01832,-0.02776,0.040063,3978.7477,,,,,
32.8730,cmd,,,,,0.00000,0.00000,,,
32.8731,status,,,,,,,CENTERED,,
32.8976,target,0.02148,-0.02714,0.040339,3978.7435,,,,,
32.9244,cmd,,,,,0.00000,0.00000,,,
32.9245,status,,,,,,,CENTERED,,
32.9249,joint,,,,,,,,-1.66284,0.13652
32.9299,target,0.02470,-0.02734,0.040558,3978.7425,,,,,
32.9670,target,0.02774,-0.02651,0.040818,3978.7462,,,,,
32.9735,cmd,,,,,0.00000,0.00000,,,
32.9736,status,,,,,,,CENTERED,,
32.9969,target,0.03044,-0.02741,0.041087,3978.7428,,,,,
33.0268,cmd,,,,,0.00000,0.00000,,,
33.0277,status,,,,,,,CENTERED,,
33.0331,target,0.03239,-0.02784,0.041137,3978.7456,,,,,
33.0670,target,0.03323,-0.02854,0.041283,3978.7462,,,,,
33.0729,cmd,,,,,0.00000,0.00000,,,
33.0731,status,,,,,,,CENTERED,,
33.1012,target,0.03382,-0.02800,0.041337,3978.7470,,,,,
33.1244,cmd,,,,,0.00000,0.00000,,,
33.1247,status,,,,,,,CENTERED,,
33.1306,target,0.03353,-0.02731,0.041211,3978.7431,,,,,
33.1674,target,0.03328,-0.02550,0.041183,3978.7464,,,,,
33.1727,cmd,,,,,0.00000,0.00000,,,
33.1728,status,,,,,,,CENTERED,,
33.1994,target,0.03323,-0.02351,0.041181,3978.7451,,,,,
33.2244,cmd,,,,,0.00000,0.00000,,,
33.2248,status,,,,,,,CENTERED,,
33.2305,target,0.03300,-0.02256,0.041072,3978.7429,,,,,
33.2669,target,0.03268,-0.02271,0.041081,3978.7459,,,,,
33.2728,cmd,,,,,0.00000,0.00000,,,
33.2730,status,,,,,,,CENTERED,,
33.2973,target,0.03204,-0.02265,0.041102,3978.7429,,,,,
33.3255,cmd,,,,,0.00000,0.00000,,,
33.3256,status,,,,,,,CENTERED,,
33.3299,target,0.03206,-0.02177,0.041157,3978.7422,,,,,
33.3676,target,0.03228,-0.02045,0.041155,3978.7466,,,,,
33.3730,cmd,,,,,0.00000,0.00000,,,
33.3732,status,,,,,,,CENTERED,,
33.4014,target,0.03186,-0.02010,0.041163,3978.7469,,,,,
33.4255,cmd,,,,,0.00000,0.00000,,,
33.4259,status,,,,,,,CENTERED,,
33.4261,joint,,,,,,,,-1.66130,0.13652
33.4325,target,0.03132,-0.01793,0.041217,3978.7447,,,,,
33.4673,target,0.03023,-0.01540,0.041144,3978.7462,,,,,
33.4730,cmd,,,,,0.00000,0.00000,,,
33.4732,status,,,,,,,CENTERED,,
33.4973,target,0.02884,-0.01299,0.041107,3978.7428,,,,,
33.5249,cmd,,,,,0.00000,0.00000,,,
33.5251,status,,,,,,,CENTERED,,
33.5308,target,0.02760,-0.01054,0.041022,3978.7430,,,,,
33.5678,target,0.02716,-0.01136,0.040942,3978.7466,,,,,
33.5728,cmd,,,,,0.00000,0.00000,,,
33.5730,status,,,,,,,CENTERED,,
33.5979,target,0.02664,-0.01440,0.040760,3978.7433,,,,,
33.6262,cmd,,,,,0.00000,0.00000,,,
33.6264,status,,,,,,,CENTERED,,
33.6317,target,0.02644,-0.01932,0.040692,3978.7438,,,,,
33.6681,target,0.02610,-0.02365,0.040634,3978.7469,,,,,
33.6730,cmd,,,,,0.00000,0.00000,,,
33.6731,status,,,,,,,CENTERED,,
33.6981,target,0.02611,-0.02652,0.040660,3978.7435,,,,,
33.7252,cmd,,,,,0.00000,0.00000,,,
33.7254,status,,,,,,,CENTERED,,
33.7329,target,0.02644,-0.03074,0.040634,3978.7449,,,,,
33.7680,target,0.02716,-0.03489,0.040760,3978.7466,,,,,
33.7729,cmd,,,,,0.00000,0.00000,,,
33.7730,status,,,,,,,CENTERED,,
33.7969,target,0.02718,-0.03785,0.040738,3978.7422,,,,,
33.8243,cmd,,,,,0.00000,0.00000,,,
33.8245,status,,,,,,,CENTERED,,
33.8315,target,0.02669,-0.03932,0.040738,3978.7435,,,,,
33.8681,target,0.02630,-0.04255,0.040716,3978.7467,,,,,
33.8730,cmd,,,,,0.00000,0.00000,,,
33.8731,status,,,,,,,CENTERED,,
33.8975,target,0.02593,-0.04536,0.040794,3978.7428,,,,,
33.9244,cmd,,,,,0.00000,0.00000,,,
33.9252,status,,,,,,,CENTERED,,
33.9323,target,0.02534,-0.04718,0.040714,3978.7442,,,,,
33.9458,joint,,,,,,,,-1.66284,0.13652
33.9662,target,0.02462,-0.05067,0.040729,3978.7447,,,,,
33.9729,cmd,,,,,0.00000,-0.04054,,,
33.9730,status,,,,,,,TRACKING,,
33.9990,target,0.02444,-0.05317,0.040744,3978.7442,,,,,
34.0236,cmd,,,,,0.00000,-0.04253,,,
34.0237,status,,,,,,,TRACKING,,
34.0336,target,0.02388,-0.05472,0.040770,3978.7454,,,,,
34.0663,target,0.02382,-0.05585,0.040809,3978.7448,,,,,
34.0729,cmd,,,,,0.00000,-0.04468,,,
34.0731,status,,,,,,,TRACKING,,
34.0972,target,0.02365,-0.05777,0.040768,3978.7423,,,,,
34.1242,cmd,,,,,0.00000,-0.04621,,,
34.1244,status,,,,,,,TRACKING,,
34.1335,target,0.02295,-0.05799,0.040673,3978.7453,,,,,
34.1670,target,0.02268,-0.05930,0.040666,3978.7453,,,,,
34.1730,cmd,,,,,0.00000,-0.04744,,,
34.1732,status,,,,,,,TRACKING,,
34.1980,target,0.02266,-0.06269,0.040697,3978.7430,,,,,
34.2233,cmd,,,,,0.00000,-0.05015,,,
34.2237,status,,,,,,,TRACKING,,
34.2346,target,0.02293,-0.06443,0.040749,3978.7462,,,,,
34.2679,target,0.02297,-0.06485,0.040833,3978.7462,,,,,
34.2727,cmd,,,,,0.00000,-0.05188,,,
34.2751,status,,,,,,,TRACKING,,
34.2992,target,0.02246,-0.06488,0.040849,3978.7442,,,,,
34.3252,cmd,,,,,0.00000,-0.05191,,,
34.3260,status,,,,,,,TRACKING,,
34.3336,target,0.01885,-0.06370,0.040681,3978.7452,,,,,
34.3694,target,0.01178,-0.05290,0.040299,3978.7476,,,,,
34.3726,cmd,,,,,0.00000,-0.04232,,,
34.3727,status,,,,,,,TRACKING,,
34.3976,target,0.00294,-0.04621,0.039631,3978.7425,,,,,
34.4243,cmd,,,,,0.00000,0.00000,,,
34.4245,status,,,,,,,CENTERED,,
34.4347,target,-0.00848,-0.02762,0.039156,3978.7462,,,,,
34.4649,joint,,,,,,,,-1.66130,0.14113
34.4675,target,-0.01971,-0.01189,0.038911,3978.7457,,,,,
34.4729,cmd,,,,,0.00000,0.00000,,,
34.4731,status,,,,,,,CENTERED,,
34.5007,target,-0.02997,0.00564,0.039247,3978.7455,,,,,
34.5234,cmd,,,,,0.00000,0.00000,,,
34.5238,status,,,,,,,CENTERED,,
34.5330,target,-0.03803,0.01538,0.039701,3978.7445,,,,,
34.5686,target,-0.04683,0.03547,0.039631,3978.7467,,,,,
34.5728,cmd,,,,,0.00000,0.00000,,,
34.5730,status,,,,,,,CENTERED,,
34.5970,target,-0.05597,0.03862,0.040085,3978.7418,,,,,
34.6237,cmd,,,,,0.13992,0.00000,,,
34.6238,status,,,,,,,TRACKING,,
34.6343,target,-0.06642,0.04596,0.040308,3978.7457,,,,,
34.6687,target,-0.07877,0.04636,0.040234,3978.7467,,,,,
34.6731,cmd,,,,,0.19692,0.00000,,,
34.6733,status,,,,,,,TRACKING,,
34.6997,target,-0.09618,0.04878,0.039750,3978.7444,,,,,
34.7252,cmd,,,,,0.24045,0.00000,,,
34.7254,status,,,,,,,TRACKING,,
34.7335,target,-0.11839,0.04646,0.038743,3978.7448,,,,,
34.7684,target,-0.14267,0.04370,0.038427,3978.7464,,,,,
34.7733,cmd,,,,,0.35668,0.00000,,,
34.7734,status,,,,,,,TRACKING,,
34.7977,target,-0.16700,0.03890,0.039338,3978.7423,,,,,
34.8241,cmd,,,,,0.41749,0.00000,,,
34.8248,status,,,,,,,TRACKING,,
34.8325,target,-0.19046,0.03664,0.040308,3978.7437,,,,,
34.8696,target,-0.21297,0.03304,0.041003,3978.7475,,,,,
34.8728,cmd,,,,,0.53244,0.00000,,,
34.8730,status,,,,,,,TRACKING,,
34.8977,target,-0.23059,0.02880,0.042381,3978.7422,,,,,
34.9234,cmd,,,,,0.57648,0.00000,,,
34.9235,status,,,,,,,TRACKING,,
34.9332,target,-0.24172,0.01967,0.043025,3978.7444,,,,,
34.9647,joint,,,,,,,,-1.64749,0.14419
34.9668,target,-0.25216,0.00990,0.043331,3978.7446,,,,,
34.9729,cmd,,,,,0.60000,0.00000,,,
34.9730,status,,,,,,,TRACKING,,
34.9982,target,-0.26006,-0.00219,0.043943,3978.7426,,,,,
35.0252,cmd,,,,,0.60000,0.00000,,,
35.0254,status,,,,,,,TRACKING,,
35.0345,target,-0.26518,-0.01254,0.044266,3978.7455,,,,,
35.0660,target,-0.26984,-0.02046,0.044195,3978.7437,,,,,
35.0731,cmd,,,,,0.60000,0.00000,,,
35.0732,status,,,,,,,TRACKING,,
35.1003,target,-0.27082,-0.02784,0.044067,3978.7446,,,,,
35.1239,cmd,,,,,0.60000,0.00000,,,
35.1241,status,,,,,,,TRACKING,,
35.1339,target,-0.26671,-0.03638,0.044084,3978.7449,,,,,
35.1682,target,-0.25814,-0.04748,0.044399,3978.7458,,,,,
35.1729,cmd,,,,,0.60000,0.00000,,,
35.1731,status,,,,,,,TRACKING,,
35.1980,target,-0.24742,-0.05583,0.044297,3978.7424,,,,,
35.2236,cmd,,,,,0.60000,-0.04467,,,
35.2237,status,,,,,,,TRACKING,,
35.2324,target,-0.23351,-0.06612,0.043878,3978.7433,,,,,
35.2694,target,-0.21673,-0.07302,0.043440,3978.7470,,,,,
35.2728,cmd,,,,,0.54182,-0.05842,,,
35.2732,status,,,,,,,TRACKING,,
35.2999,target,-0.19959,-0.08118,0.043381,3978.7441,,,,,
35.3232,cmd,,,,,0.49898,-0.06495,,,
35.3233,status,,,,,,,TRACKING,,
35.3336,target,-0.18299,-0.08573,0.042906,3978.7445,,,,,
35.3696,target,-0.16592,-0.08835,0.042370,3978.7471,,,,,
35.3725,cmd,,,,,0.41481,-0.07068,,,
35.3725,status,,,,,,,TRACKING,,
35.4006,target,-0.14819,-0.08857,0.041788,3978.7447,,,,,
35.4239,cmd,,,,,0.37048,-0.07086,,,
35.4240,status,,,,,,,TRACKING,,
35.4364,target,-0.13054,-0.08594,0.041591,3978.7472,,,,,
35.4646,joint,,,,,,,,-1.42507,0.14419
35.4676,target,-0.11393,-0.07880,0.041441,3978.7450,,,,,
35.4729,cmd,,,,,0.28483,-0.06304,,,
35.4731,status,,,,,,,TRACKING,,
35.5016,target,-0.09844,-0.06843,0.041328,3978.7457,,,,,
35.5235,cmd,,,,,0.24611,-0.05474,,,
35.5237,status,,,,,,,TRACKING,,
35.5348,target,-0.08396,-0.05684,0.041133,3978.7456,,,,,
35.5681,target,-0.06964,-0.03959,0.041137,3978.7454,,,,,
35.5728,cmd,,,,,0.17410,0.00000,,,
35.5730,status,,,,,,,TRACKING,,
35.6000,target,-0.05784,-0.02731,0.041348,3978.7440,,,,,
35.6242,cmd,,,,,0.14460,0.00000,,,
35.6244,status,,,,,,,TRACKING,,
35.6347,target,-0.04576,-0.00510,0.041437,3978.7454,,,,,
35.6709,target,-0.03463,0.01047,0.041934,3978.7482,,,,,
35.6729,cmd,,,,,0.00000,0.00000,,,
35.6732,status,,,,,,,CENTERED,,
35.7002,target,-0.02598,0.03488,0.042389,3978.7441,,,,,
35.7233,cmd,,,,,0.00000,0.00000,,,
35.7235,status,,,,,,,CENTERED,,
35.7349,target,-0.01784,0.04902,0.042697,3978.7454,,,,,
35.7699,target,-0.01085,0.06956,0.043262,3978.7472,,,,,
35.7728,cmd,,,,,0.00000,0.05565,,,
35.7730,status,,,,,,,TRACKING,,
35.7984,target,-0.00519,0.08002,0.043939,3978.7423,,,,,
35.8233,cmd,,,,,0.00000,0.06402,,,
35.8235,status,,,,,,,TRACKING,,
35.8350,target,-0.00055,0.09011,0.044440,3978.7455,,,,,
35.8686,target,0.00138,0.09269,0.045104,3978.7458,,,,,
35.8729,cmd,,,,,0.00000,0.07415,,,
35.8730,status,,,,,,,TRACKING,,
35.9018,target,-0.00108,0.09337,0.045388,3978.7456,,,,,
35.9246,cmd,,,,,0.00000,0.07470,,,
35.9248,status,,,,,,,TRACKING,,
35.9350,target,-0.00726,0.09090,0.045645,3978.7454,,,,,
35.9718,target,-0.01558,0.08694,0.045677,3978.7489,,,,,
35.9739,cmd,,,,,0.00000,0.06956,,,
35.9741,status,,,,,,,TRACKING,,
35.9851,joint,,,,,,,,-1.25480,0.15340
36.0004,target,-0.02725,0.08357,0.045658,3978.7441,,,,,
36.0242,cmd,,,,,0.00000,0.06686,,,
36.0243,status,,,,,,,TRACKING,,
36.0347,target,-0.04019,0.07803,0.045592,3978.7451,,,,,
36.0695,target,-0.05423,0.07073,0.045328,3978.7465,,,,,
36.0728,cmd,,,,,0.13558,0.05658,,,
36.0730,status,,,,,,,TRACKING,,
36.1004,target,-0.06830,0.06501,0.045013,3978.7440,,,,,
36.1248,cmd,,,,,0.17076,0.05201,,,
36.1249,status,,,,,,,TRACKING,,
36.1337,target,-0.08374,0.05822,0.044668,3978.7440,,,,,
36.1696,target,-0.10014,0.05268,0.044703,3978.7466,,,,,
36.1728,cmd,,,,,0.25034,0.04215,,,
36.1740,status,,,,,,,TRACKING,,
36.2005,target,-0.11522,0.04094,0.044334,3978.7440,,,,,
36.2242,cmd,,,,,0.28805,0.00000,,,
36.2243,status,,,,,,,TRACKING,,
36.2351,target,-0.13156,0.03483,0.044512,3978.7453,,,,,
36.2718,target,-0.14961,0.02667,0.043976,3978.7486,,,,,
36.2739,cmd,,,,,0.37402,0.00000,,,
36.2750,status,,,,,,,TRACKING,,
36.3017,target,-0.16933,0.02099,0.043961,3978.7452,,,,,
36.3246,cmd,,,,,0.42332,0.00000,,,
36.3248,status,,,,,,,TRACKING,,
36.3349,target,-0.18689,0.01346,0.044017,3978.7451,,,,,
36.3701,target,-0.20125,0.00636,0.044314,3978.7469,,,,,
36.3728,cmd,,,,,0.50313,0.00000,,,
36.3729,status,,,,,,,TRACKING,,
36.4026,target,-0.21314,0.00388,0.044110,3978.7460,,,,,
36.4246,cmd,,,,,0.53286,0.00000,,,
36.4247,status,,,,,,,TRACKING,,
36.4345,target,-0.22408,-0.00237,0.044017,3978.7445,,,,,
36.4713,target,-0.23136,-0.00805,0.043984,3978.7480,,,,,
36.4737,cmd,,,,,0.57839,0.00000,,,
36.4738,status,,,,,,,TRACKING,,
36.5000,target,-0.23518,-0.01488,0.043891,3978.7433,,,,,
36.5042,joint,,,,,,,,-1.22412,0.13806
36.5242,cmd,,,,,0.58794,0.00000,,,
36.5243,status,,,,,,,TRACKING,,
36.5347,target,-0.23665,-0.02033,0.043685,3978.7447,,,,,
36.5702,target,-0.23537,-0.02509,0.043516,3978.7468,,,,,
36.5728,cmd,,,,,0.58842,0.00000,,,
36.5729,status,,,,,,,TRACKING,,
36.6004,target,-0.23240,-0.02698,0.043307,3978.7436,,,,,
36.6247,cmd,,,,,0.58101,0.00000,,,
36.6249,status,,,,,,,TRACKING,,
36.6346,target,-0.22792,-0.02857,0.043006,3978.7445,,,,,
36.6705,target,-0.22135,-0.02859,0.042661,3978.7471,,,,,
36.6731,cmd,,,,,0.55337,0.00000,,,
36.6733,status,,,,,,,TRACKING,,
36.7008,target,-0.21257,-0.02856,0.042285,3978.7440,,,,,
36.7235,cmd,,,,,0.53142,0.00000,,,
36.7236,status,,,,,,,TRACKING,,
36.7350,target,-0.20163,-0.02906,0.041536,3978.7448,,,,,
36.7687,target,-0.18864,-0.02814,0.040924,3978.7452,,,,,
36.7729,cmd,,,,,0.47160,0.00000,,,
36.7731,status,,,,,,,TRACKING,,
36.8012,target,-0.17375,-0.02806,0.040326,3978.7443,,,,,
36.8253,cmd,,,,,0.43438,0.00000,,,
36.8254,status,,,,,,,TRACKING,,
36.8349,target,-0.15803,-0.02812,0.039924,3978.7447,,,,,
36.8686,target,-0.14040,-0.02523,0.039748,3978.7450,,,,,
36.8729,cmd,,,,,0.35101,0.00000,,,
36.8731,status,,,,,,,TRACKING,,
36.9019,target,-0.12271,-0.02295,0.039902,3978.7449,,,,,
36.9248,cmd,,,,,0.30678,0.00000,,,
36.9249,status,,,,,,,TRACKING,,
36.9342,target,-0.10482,-0.02020,0.039983,3978.7439,,,,,
36.9711,target,-0.08857,-0.01878,0.040176,3978.7474,,,,,
36.9732,cmd,,,,,0.22144,0.00000,,,
36.9734,status,,,,,,,TRACKING,,
37.0018,target,-0.07441,-0.02000,0.040441,3978.7448,,,,,
37.0235,cmd,,,,,0.18602,0.00000,,,
37.0236,status,,,,,,,TRACKING,,
37.0344,target,-0.06315,-0.02356,0.040477,3978.7441,,,,,
37.0462,joint,,,,,,,,-0.99249,0.13806
37.0729,target,-0.05449,-0.02788,0.040503,3978.7491,,,,,
37.0732,cmd,,,,,0.15786,0.00000,,,
37.0734,status,,,,,,,TRACKING,,
37.1008,target,-0.04914,-0.03109,0.040128,3978.7437,,,,,
37.1252,cmd,,,,,0.00000,0.00000,,,
37.1254,status,,,,,,,CENTERED,,
37.1353,target,-0.04278,-0.02904,0.039768,3978.7449,,,,,
37.1688,target,-0.03774,-0.02177,0.039264,3978.7450,,,,,
37.1729,cmd,,,,,0.00000,0.00000,,,
37.1740,status,,,,,,,CENTERED,,
37.2020,target,-0.03342,-0.00886,0.038761,3978.7448,,,,,
37.2229,cmd,,,,,0.00000,0.00000,,,
37.2230,status,,,,,,,CENTERED,,
37.2347,target,-0.02955,0.00440,0.038550,3978.7442,,,,,
37.2682,target,-0.02741,0.01516,0.038524,3978.7443,,,,,
37.2727,cmd,,,,,0.00000,0.00000,,,
37.2746,status,,,,,,,CENTERED,,
37.3022,target,-0.02868,0.02350,0.038646,3978.7450,,,,,
37.3247,cmd,,,,,0.00000,0.00000,,,
37.3249,status,,,,,,,CENTERED,,
37.3352,target,-0.03339,0.03347,0.038568,3978.7446,,,,,
37.3714,target,-0.04457,0.04246,0.038084,3978.7475,,,,,
37.3736,cmd,,,,,0.00000,0.00000,,,
37.3737,status,,,,,,,CENTERED,,
37.4023,target,-0.06099,0.05142,0.038260,3978.7449,,,,,
37.4235,cmd,,,,,0.15248,0.04114,,,
37.4236,status,,,,,,,TRACKING,,
37.4362,target,-0.07810,0.05721,0.037951,3978.7455,,,,,
37.4707,target,-0.10083,0.06148,0.037669,3978.7467,,,,,
37.4729,cmd,,,,,0.25207,0.04918,,,
37.4731,status,,,,,,,TRACKING,,
37.5019,target,-0.12441,0.06153,0.037812,3978.7446,,,,,
37.5235,cmd,,,,,0.31103,0.04922,,,
37.5236,status,,,,,,,TRACKING,,
37.5352,target,-0.14808,0.05722,0.037433,3978.7445,,,,,
37.5656,joint,,,,,,,,-0.91579,0.13806
37.5704,target,-0.17551,0.05287,0.037693,3978.7462,,,,,
37.5727,cmd,,,,,0.43877,0.04229,,,
37.5728,status,,,,,,,TRACKING,,
37.6019,target,-0.20035,0.04574,0.038181,3978.7445,,,,,
37.6247,cmd,,,,,0.50088,0.00000,,,
37.6249,status,,,,,,,TRACKING,,
37.6348,target,-0.22349,0.03711,0.038945,3978.7440,,,,,
37.6708,target,-0.24342,0.02682,0.039833,3978.7467,,,,,
37.6729,cmd,,,,,0.60000,0.00000,,,
37.6731,status,,,,,,,TRACKING,,
37.7020,target,-0.25974,0.01417,0.040536,3978.7444,,,,,
37.7235,cmd,,,,,0.60000,0.00000,,,
37.7237,status,,,,,,,TRACKING,,
37.7352,target,-0.27597,0.00199,0.040987,3978.7443,,,,,
37.7710,target,-0.28822,-0.00657,0.042140,3978.7468,,,,,
37.7730,cmd,,,,,0.60000,0.00000,,,
37.7732,status,,,,,,,TRACKING,,
37.8024,target,-0.29605,-0.01481,0.042493,3978.7448,,,,,
37.8251,cmd,,,,,0.60000,0.00000,,,
37.8252,status,,,,,,,TRACKING,,
37.8347,target,-0.30002,-0.01998,0.043014,3978.7437,,,,,
37.8700,target,-0.30144,-0.02518,0.043238,3978.7457,,,,,
37.8728,cmd,,,,,0.60000,0.00000,,,
37.8729,status,,,,,,,TRACKING,,
37.9024,target,-0.30131,-0.02781,0.043383,3978.7448,,,,,
37.9248,cmd,,,,,0.60000,0.00000,,,
37.9249,status,,,,,,,TRACKING,,
37.9355,target,-0.29339,-0.03009,0.042813,3978.7445,,,,,
37.9719,target,-0.28175,-0.03320,0.042240,3978.7475,,,,,
37.9728,cmd,,,,,0.60000,0.00000,,,
37.9730,status,,,,,,,TRACKING,,
38.0024,target,-0.26656,-0.03845,0.041615,3978.7446,,,,,
38.0246,cmd,,,,,0.60000,0.00000,,,
38.0248,status,,,,,,,TRACKING,,
38.0369,target,-0.24844,-0.04598,0.040853,3978.7458,,,,,
38.0450,joint,,,,,,,,-0.82068,0.13652
38.0717,target,-0.22657,-0.05399,0.039976,3978.7472,,,,,
38.0739,cmd,,,,,0.56642,-0.04320,,,
38.0743,status,,,,,,,TRACKING,,
38.1026,target,-0.20302,-0.06376,0.039683,3978.7447,,,,,
38.1234,cmd,,,,,0.50756,-0.05100,,,
38.1236,status,,,,,,,TRACKING,,
38.1378,target,-0.17948,-0.07396,0.039178,3978.7466,,,,,
38.1688,target,-0.15555,-0.08332,0.038917,3978.7443,,,,,
38.1730,cmd,,,,,0.38887,-0.06665,,,
38.1731,status,,,,,,,TRACKING,,
38.2023,target,-0.13170,-0.09265,0.038694,3978.7444,,,,,
38.2247,cmd,,,,,0.32926,-0.07412,,,
38.2249,status,,,,,,,TRACKING,,
38.2348,target,-0.10832,-0.10160,0.038492,3978.7435,,,,,
38.2708,target,-0.08568,-0.10889,0.038596,3978.7462,,,,,
38.2731,cmd,,,,,0.21420,-0.08711,,,
38.2733,status,,,,,,,TRACKING,,
38.3024,target,-0.06443,-0.11518,0.038626,3978.7444,,,,,
38.3247,cmd,,,,,0.16108,-0.09214,,,
38.3249,status,,,,,,,TRACKING,,
38.3344,target,-0.04406,-0.11903,0.038557,3978.7431,,,,,
38.3733,cmd,,,,,0.00000,-0.09523,,,
38.3735,status,,,,,,,TRACKING,,
38.3751,target,-0.02495,-0.12036,0.038906,3978.7505,,,,,
38.4023,target,-0.00828,-0.11680,0.039199,3978.7443,,,,,
38.4249,cmd,,,,,0.00000,-0.09344,,,
38.4250,status,,,,,,,TRACKING,,
38.4389,target,0.00619,-0.11249,0.039197,3978.7475,,,,,
38.4721,target,0.01875,-0.10838,0.039390,3978.7474,,,,,
38.4729,cmd,,,,,0.00000,-0.08999,,,
38.4730,status,,,,,,,TRACKING,,
38.5022,target,0.02916,-0.10357,0.039375,3978.7441,,,,,
38.5234,cmd,,,,,0.00000,-0.08286,,,
38.5238,status,,,,,,,TRACKING,,
38.5363,target,0.03714,-0.09853,0.039449,3978.7448,,,,,
38.5449,joint,,,,,,,,-0.55990,0.14726
38.5726,target,0.04071,-0.09208,0.039514,3978.7478,,,,,
38.5730,cmd,,,,,0.00000,-0.07882,,,
38.5733,status,,,,,,,TRACKING,,
38.6021,target,0.04021,-0.08465,0.039464,3978.7439,,,,,
38.6236,cmd,,,,,0.00000,-0.06772,,,
38.6237,status,,,,,,,TRACKING,,
38.6366,target,0.03500,-0.07565,0.039219,3978.7451,,,,,
38.6709,target,0.02469,-0.06384,0.039004,3978.7460,,,,,
38.6730,cmd,,,,,0.00000,-0.05107,,,
38.6731,status,,,,,,,TRACKING,,
38.7024,target,0.01197,-0.05392,0.038563,3978.7441,,,,,
38.7247,cmd,,,,,0.00000,-0.04314,,,
38.7248,status,,,,,,,TRACKING,,
38.7371,target,-0.00383,-0.04430,0.038377,3978.7455,,,,,
38.7722,target,-0.02053,-0.03619,0.038390,3978.7473,,,,,
38.7731,cmd,,,,,0.00000,0.00000,,,
38.7734,status,,,,,,,CENTERED,,
38.8040,target,-0.03812,-0.02920,0.038455,3978.7457,,,,,
38.8242,cmd,,,,,0.00000,0.00000,,,
38.8243,status,,,,,,,CENTERED,,
38.8377,target,-0.05555,-0.02503,0.038702,3978.7460,,,,,
38.8734,target,-0.07334,-0.02284,0.038759,3978.7484,,,,,
38.8736,cmd,,,,,0.13887,0.00000,,,
38.8737,status,,,,,,,TRACKING,,
38.9024,target,-0.08937,-0.02230,0.039132,3978.7439,,,,,
38.9253,cmd,,,,,0.22343,0.00000,,,
38.9254,status,,,,,,,TRACKING,,
38.9373,target,-0.10185,-0.02178,0.040017,3978.7456,,,,,
38.9730,target,-0.11008,-0.02526,0.039913,3978.7478,,,,,
38.9731,cmd,,,,,0.25462,0.00000,,,
38.9734,status,,,,,,,TRACKING,,
39.0043,target,-0.11878,-0.02809,0.040536,3978.7458,,,,,
39.0233,cmd,,,,,0.29696,0.00000,,,
39.0234,status,,,,,,,TRACKING,,
39.0378,target,-0.12430,-0.03081,0.040755,3978.7459,,,,,
39.0666,joint,,,,,,,,-0.56911,0.17027
39.0724,target,-0.12792,-0.03264,0.041146,3978.7472,,,,,
39.0729,cmd,,,,,0.31075,0.00000,,,
39.0730,status,,,,,,,TRACKING,,
39.1022,target,-0.13213,-0.03492,0.041328,3978.7437,,,,,
39.1234,cmd,,,,,0.33033,0.00000,,,
39.1235,status,,,,,,,TRACKING,,
39.1373,target,-0.13652,-0.03697,0.041602,3978.7454,,,,,
39.1726,target,-0.14009,-0.03855,0.041942,3978.7473,,,,,
39.1730,cmd,,,,,0.34130,0.00000,,,
39.1731,status,,,,,,,TRACKING,,
39.2038,target,-0.14220,-0.03840,0.042120,3978.7452,,,,,
39.2233,cmd,,,,,0.35551,0.00000,,,
39.2237,status,,,,,,,TRACKING,,
39.2349,target,-0.14280,-0.03903,0.042179,3978.7429,,,,,
39.2713,target,-0.14274,-0.03840,0.042192,3978.7460,,,,,
39.2736,cmd,,,,,0.35685,0.00000,,,
39.2737,status,,,,,,,TRACKING,,
39.3040,target,-0.14216,-0.03885,0.042227,3978.7453,,,,,
39.3244,cmd,,,,,0.35540,0.00000,,,
39.3246,status,,,,,,,TRACKING,,
39.3355,target,-0.14017,-0.03909,0.042179,3978.7434,,,,,
39.3733,cmd,,,,,0.35042,0.00000,,,
39.3735,status,,,,,,,TRACKING,,
39.3739,target,-0.13670,-0.04040,0.042179,3978.7485,,,,,
39.4027,target,-0.13269,-0.04323,0.042040,3978.7439,,,,,
39.4249,cmd,,,,,0.33173,0.00000,,,
39.4250,status,,,,,,,TRACKING,,
39.4380,target,-0.12787,-0.04487,0.041875,3978.7458,,,,,
39.4733,cmd,,,,,0.31968,0.00000,,,
39.4755,target,-0.12249,-0.04481,0.041780,3978.7500,,,,,
39.4756,status,,,,,,,TRACKING,,
39.5022,target,-0.11607,-0.04380,0.041545,3978.7434,,,,,
39.5232,cmd,,,,,0.29017,0.00000,,,
39.5236,status,,,,,,,TRACKING,,
39.5377,target,-0.10967,-0.04164,0.041437,3978.7455,,,,,
39.5734,cmd,,,,,0.27419,0.00000,,,
39.5738,target,-0.10314,-0.03850,0.041313,3978.7483,,,,,
39.5739,status,,,,,,,TRACKING,,
39.5857,joint,,,,,,,,-0.46173,0.17027
39.6056,target,-0.09741,-0.03357,0.041265,3978.7467,,,,,
39.6244,cmd,,,,,0.24353,0.00000,,,
39.6245,status,,,,,,,TRACKING,,
39.6379,target,-0.09213,-0.02686,0.041102,3978.7456,,,,,
39.6709,target,-0.08757,-0.01811,0.040951,3978.7453,,,,,
39.6735,cmd,,,,,0.21893,0.00000,,,
39.6737,status,,,,,,,TRACKING,,
39.7040,target,-0.08356,-0.00894,0.040786,3978.7451,,,,,
39.7247,cmd,,,,,0.20889,0.00000,,,
39.7248,status,,,,,,,TRACKING,,
39.7373,target,-0.08027,0.00173,0.040705,3978.7450,,,,,
39.7726,target,-0.07675,0.01229,0.040621,3978.7469,,,,,
39.7730,cmd,,,,,0.20068,0.00000,,,
39.7731,status,,,,,,,TRACKING,,
39.8045,target,-0.07435,0.02241,0.040753,3978.7455,,,,,
39.8233,cmd,,,,,0.18589,0.00000,,,
39.8235,status,,,,,,,TRACKING,,
39.8378,target,-0.07255,0.03095,0.040792,3978.7454,,,,,
39.8710,target,-0.07109,0.03977,0.040977,3978.7452,,,,,
39.8730,cmd,,,,,0.17773,0.00000,,,
39.8731,status,,,,,,,TRACKING,,
39.9041,target,-0.06939,0.04908,0.041202,3978.7449,,,,,
39.9239,cmd,,,,,0.17349,0.00000,,,
39.9240,status,,,,,,,TRACKING,,
39.9386,target,-0.06786,0.05828,0.041434,3978.7461,,,,,
39.9727,target,-0.06627,0.06743,0.041714,3978.7469,,,,,
39.9731,cmd,,,,,0.16966,0.04663,,,
39.9732,status,,,,,,,TRACKING,,
40.0054,target,-0.06458,0.07742,0.041940,3978.7462,,,,,
40.0245,cmd,,,,,0.16144,0.06193,,,
40.0247,status,,,,,,,TRACKING,,
40.0390,target,-0.06242,0.08692,0.042122,3978.7464,,,,,
40.0729,target,-0.06082,0.09792,0.042305,3978.7470,,,,,
40.0731,cmd,,,,,0.15604,0.06954,,,
40.0734,status,,,,,,,TRACKING,,
40.1047,joint,,,,,,,,-0.32367,0.17027
40.1053,target,-0.05908,0.11134,0.042491,3978.7460,,,,,
40.1234,cmd,,,,,0.14770,0.08907,,,
40.1236,status,,,,,,,TRACKING,,
40.1382,target,-0.05807,0.12420,0.042849,3978.7456,,,,,
40.1724,target,-0.05756,0.13582,0.043073,3978.7464,,,,,
40.1730,cmd,,,,,0.14519,0.09936,,,
40.1731,status,,,,,,,TRACKING,,
40.2038,target,-0.05602,0.14546,0.043309,3978.7445,,,,,
40.2253,cmd,,,,,0.14006,0.11637,,,
40.2254,status,,,,,,,TRACKING,,
40.2389,target,-0.05393,0.15260,0.043427,3978.7461,,,,,
40.2725,target,-0.05176,0.15578,0.043880,3978.7464,,,,,
40.2729,cmd,,,,,0.13481,0.12208,,,
40.2730,status,,,,,,,TRACKING,,
40.3055,target,-0.04916,0.15722,0.043733,3978.7461,,,,,
40.3251,cmd,,,,,0.00000,0.12577,,,
40.3252,status,,,,,,,TRACKING,,
40.3391,target,-0.04756,0.15336,0.043961,3978.7463,,,,,
40.3718,target,-0.04498,0.14933,0.043987,3978.7457,,,,,
40.3738,cmd,,,,,0.00000,0.11946,,,
40.3740,status,,,,,,,TRACKING,,
40.4048,target,-0.04217,0.14355,0.044110,3978.7453,,,,,
40.4252,cmd,,,,,0.00000,0.11484,,,
40.4253,status,,,,,,,TRACKING,,
40.4394,target,-0.04060,0.13265,0.043845,3978.7465,,,,,
40.4715,target,-0.04130,0.11603,0.044130,3978.7453,,,,,
40.4733,cmd,,,,,0.00000,0.09282,,,
40.4734,status,,,,,,,TRACKING,,
40.5045,target,-0.04587,0.09955,0.043872,3978.7450,,,,,
40.5233,cmd,,,,,0.00000,0.07964,,,
40.5237,status,,,,,,,TRACKING,,
40.5376,target,-0.05294,0.08153,0.044282,3978.7447,,,,,
40.5726,target,-0.05983,0.06358,0.044444,3978.7463,,,,,
40.5730,cmd,,,,,0.13235,0.06523,,,
40.5731,status,,,,,,,TRACKING,,
40.6045,target,-0.06979,0.04786,0.044779,3978.7449,,,,,
40.6050,joint,,,,,,,,-0.27305,0.13806
40.6239,cmd,,,,,0.17447,0.00000,,,
40.6241,status,,,,,,,TRACKING,,
40.6386,target,-0.07803,0.03018,0.045007,3978.7456,,,,,
40.6753,target,-0.08531,0.01184,0.044807,3978.7489,,,,,
40.6754,cmd,,,,,0.19508,0.00000,,,
40.6756,status,,,,,,,TRACKING,,
40.7065,target,-0.09073,-0.00425,0.045189,3978.7467,,,,,
40.7246,cmd,,,,,0.22682,0.00000,,,
40.7248,status,,,,,,,TRACKING,,
40.7366,target,-0.09550,-0.01373,0.045104,3978.7435,,,,,
40.7733,target,-0.10061,-0.02075,0.045475,3978.7468,,,,,
40.7734,cmd,,,,,0.23875,0.00000,,,
40.7735,status,,,,,,,TRACKING,,
40.8066,target,-0.10687,-0.01800,0.045323,3978.7468,,,,,
40.8239,cmd,,,,,0.26716,0.00000,,,
40.8240,status,,,,,,,TRACKING,,
40.8395,target,-0.11195,-0.01924,0.045610,3978.7463,,,,,
40.8731,target,-0.11565,-0.01461,0.045571,3978.7465,,,,,
40.8732,cmd,,,,,0.27986,0.00000,,,
40.8733,status,,,,,,,TRACKING,,
40.9063,target,-0.11875,-0.01358,0.045885,3978.7464,,,,,
40.9238,cmd,,,,,0.29687,0.00000,,,
40.9239,status,,,,,,,TRACKING,,
40.9386,target,-0.12296,-0.01024,0.045881,3978.7454,,,,,
40.9734,target,-0.12520,-0.00779,0.046063,3978.7468,,,,,
40.9735,cmd,,,,,0.30741,0.00000,,,
40.9736,status,,,,,,,TRACKING,,
41.0066,target,-0.12613,0.00133,0.046081,3978.7467,,,,,
41.0252,cmd,,,,,0.31533,0.00000,,,
41.0253,status,,,,,,,TRACKING,,
41.0397,target,-0.12598,0.00121,0.046523,3978.7464,,,,,
41.0742,target,-0.12457,0.00720,0.046484,3978.7475,,,,,
41.0743,cmd,,,,,0.31495,0.00000,,,
41.0747,status,,,,,,,TRACKING,,
41.1068,target,-0.12252,0.00848,0.046823,3978.7468,,,,,
41.1238,cmd,,,,,0.30629,0.00000,,,
41.1240,status,,,,,,,TRACKING,,
41.1245,joint,,,,,,,,-0.23010,0.12885
41.1388,target,-0.12053,0.01025,0.046645,3978.7455,,,,,
41.1735,cmd,,,,,0.30133,0.00000,,,
41.1736,status,,,,,,,TRACKING,,
41.1746,target,-0.11699,0.01181,0.046658,3978.7478,,,,,
41.2066,target,-0.11205,0.01078,0.046539,3978.7465,,,,,
41.2250,cmd,,,,,0.28012,0.00000,,,
41.2251,status,,,,,,,TRACKING,,
41.2379,target,-0.10574,0.01049,0.046428,3978.7445,,,,,
41.2753,target,-0.09786,0.00874,0.046332,3978.7485,,,,,
41.2753,cmd,,,,,0.26436,0.00000,,,
41.2754,status,,,,,,,TRACKING,,
41.3056,target,-0.08830,0.00727,0.046098,3978.7455,,,,,
41.3246,cmd,,,,,0.22076,0.00000,,,
41.3248,status,,,,,,,TRACKING,,
41.3403,target,-0.07708,0.00430,0.045833,3978.7468,,,,,
41.3733,target,-0.06430,-0.00002,0.045601,3978.7464,,,,,
41.3734,cmd,,,,,0.19271,0.00000,,,
41.3735,status,,,,,,,TRACKING,,
41.4081,target,-0.05074,-0.00324,0.045428,3978.7479,,,,,
41.4240,cmd,,,,,0.12684,0.00000,,,
41.4244,status,,,,,,,TRACKING,,
41.4404,target,-0.03730,-0.00676,0.045252,3978.7468,,,,,
41.4735,cmd,,,,,0.00000,0.00000,,,
41.4752,target,-0.02373,-0.00967,0.045054,3978.7482,,,,,
41.4753,status,,,,,,,CENTERED,,
41.5059,target,-0.01054,-0.01012,0.045056,3978.7456,,,,,
41.5247,cmd,,,,,0.00000,0.00000,,,
41.5249,status,,,,,,,CENTERED,,
41.5375,target,0.00130,-0.00969,0.045082,3978.7438,,,,,
41.5732,cmd,,,,,0.00000,0.00000,,,
41.5734,status,,,,,,,CENTERED,,
41.5758,target,0.01207,-0.00617,0.045158,3978.7488,,,,,
41.6063,target,0.02245,-0.00432,0.045191,3978.7459,,,,,
41.6250,cmd,,,,,0.00000,0.00000,,,
41.6251,status,,,,,,,CENTERED,,
41.6401,target,0.02982,-0.00149,0.045428,3978.7464,,,,,
41.6442,joint,,,,,,,,-0.10738,0.12732
41.6733,target,0.03318,0.00007,0.045621,3978.7462,,,,,
41.6734,cmd,,,,,0.00000,0.00000,,,
41.6735,status,,,,,,,CENTERED,,
41.7067,target,0.03397,0.00216,0.045610,3978.7462,,,,,
41.7236,cmd,,,,,0.00000,0.00000,,,
41.7238,status,,,,,,,CENTERED,,
41.7384,target,0.03067,0.00511,0.045831,3978.7446,,,,,
41.7734,target,0.02648,0.00702,0.045849,3978.7462,,,,,
41.7736,cmd,,,,,0.00000,0.00000,,,
41.7737,status,,,,,,,CENTERED,,
41.8066,target,0.01741,0.01003,0.045905,3978.7461,,,,,
41.8243,cmd,,,,,0.00000,0.00000,,,
41.8247,status,,,,,,,CENTERED,,
41.8396,target,0.00780,0.01203,0.046063,3978.7458,,,,,
41.8735,cmd,,,,,0.00000,0.00000,,,
41.8736,status,,,,,,,CENTERED,,
41.8760,target,-0.00118,0.01419,0.045918,3978.7488,,,,,
41.9056,target,-0.00965,0.01263,0.046083,3978.7450,,,,,
41.9250,cmd,,,,,0.00000,0.00000,,,
41.9254,status,,,,,,,CENTERED,,
41.9404,target,-0.01643,0.01181,0.046150,3978.7464,,,,,
41.9728,target,-0.01980,0.01138,0.046254,3978.7455,,,,,
41.9732,cmd,,,,,0.00000,0.00000,,,
41.9741,status,,,,,,,CENTERED,,
42.0065,target,-0.02218,0.01400,0.046421,3978.7458,,,,,
42.0248,cmd,,,,,0.00000,0.00000,,,
42.0252,status,,,,,,,CENTERED,,
42.0402,target,-0.02130,0.01613,0.046313,3978.7462,,,,,
42.0736,target,-0.02028,0.01930,0.046328,3978.7462,,,,,
42.0738,cmd,,,,,0.00000,0.00000,,,
42.0739,status,,,,,,,CENTERED,,
42.1072,target,-0.01914,0.02307,0.046211,3978.7465,,,,,
42.1255,cmd,,,,,0.00000,0.00000,,,
42.1256,status,,,,,,,CENTERED,,
42.1390,target,-0.01836,0.02655,0.046176,3978.7449,,,,,
42.1645,joint,,,,,,,,-0.13039,0.12732
42.1738,target,-0.01776,0.02860,0.046235,3978.7463,,,,,
42.1739,cmd,,,,,0.00000,0.00000,,,
42.1740,status,,,,,,,CENTERED,,
42.2085,target,-0.01645,0.03247,0.046046,3978.7477,,,,,
42.2244,cmd,,,,,0.00000,0.00000,,,
42.2248,status,,,,,,,CENTERED,,
42.2394,target,-0.01542,0.03390,0.045977,3978.7452,,,,,
42.2736,cmd,,,,,0.00000,0.00000,,,
42.2737,status,,,,,,,CENTERED,,
42.2743,target,-0.01513,0.03449,0.045894,3978.7468,,,,,
42.3065,target,-0.01506,0.03425,0.045875,3978.7456,,,,,
42.3251,cmd,,,,,0.00000,0.00000,,,
42.3252,status,,,,,,,CENTERED,,
42.3378,target,-0.01460,0.03315,0.045877,3978.7436,,,,,
42.3735,cmd,,,,,0.00000,0.00000,,,
42.3741,target,-0.01408,0.03333,0.045885,3978.7465,,,,,
42.3742,status,,,,,,,CENTERED,,
42.4080,target,-0.01347,0.03390,0.045786,3978.7470,,,,,
42.4247,cmd,,,,,0.00000,0.00000,,,
42.4261,status,,,,,,,CENTERED,,
42.4401,target,-0.01252,0.03491,0.045777,3978.7457,,,,,
42.4736,target,-0.01146,0.03578,0.045707,3978.7459,,,,,
42.4737,cmd,,,,,0.00000,0.00000,,,
42.4737,status,,,,,,,CENTERED,,
42.5069,target,-0.00990,0.03513,0.045655,3978.7458,,,,,
42.5242,cmd,,,,,0.00000,0.00000,,,
42.5246,status,,,,,,,CENTERED,,
42.5385,target,-0.00818,0.03323,0.045471,3978.7441,,,,,
42.5732,cmd,,,,,0.00000,0.00000,,,
42.5733,status,,,,,,,CENTERED,,
42.5735,target,-0.00630,0.02867,0.045471,3978.7458,,,,,
42.6072,target,-0.00430,0.02383,0.045306,3978.7461,,,,,
42.6266,cmd,,,,,0.00000,0.00000,,,
42.6268,status,,,,,,,CENTERED,,
42.6395,target,-0.00189,0.01881,0.045189,3978.7451,,,,,
42.6646,joint,,,,,,,,-0.13039,0.12732
42.6733,cmd,,,,,0.00000,0.00000,,,
42.6735,status,,,,,,,CENTERED,,
42.6750,target,-0.00008,0.01446,0.045215,3978.7472,,,,,
42.7067,target,0.00167,0.01061,0.045150,3978.7455,,,,,
42.7248,cmd,,,,,0.00000,0.00000,,,
42.7252,status,,,,,,,CENTERED,,
42.7408,target,0.00268,0.00639,0.045126,3978.7463,,,,,
42.7735,cmd,,,,,0.00000,0.00000,,,
42.7739,status,,,,,,,CENTERED,,
42.7758,target,0.00352,0.00369,0.045156,3978.7479,,,,,
42.8075,target,0.00452,0.00126,0.045000,3978.7463,,,,,
42.8244,cmd,,,,,0.00000,0.00000,,,
42.8245,status,,,,,,,CENTERED,,
42.8391,target,0.00533,0.00082,0.044907,3978.7445,,,,,
42.8732,cmd,,,,,0.00000,0.00000,,,
42.8742,target,0.00575,0.00152,0.044885,3978.7463,,,,,
42.8744,status,,,,,,,CENTERED,,
42.9080,target,0.00564,0.00346,0.044848,3978.7467,,,,,
42.9252,cmd,,,,,0.00000,0.00000,,,
42.9254,status,,,,,,,CENTERED,,
42.9409,target,0.00610,0.00558,0.044716,3978.7462,,,,,
42.9731,target,0.00606,0.00679,0.044733,3978.7451,,,,,
42.9733,cmd,,,,,0.00000,0.00000,,,
42.9736,status,,,,,,,CENTERED,,
43.0077,target,0.00596,0.00675,0.044672,3978.7463,,,,,
43.0250,cmd,,,,,0.00000,0.00000,,,
43.0255,status,,,,,,,CENTERED,,
43.0405,target,0.00520,0.00715,0.044724,3978.7457,,,,,
43.0732,target,0.00440,0.00637,0.044698,3978.7451,,,,,
43.0734,cmd,,,,,0.00000,0.00000,,,
43.0735,status,,,,,,,CENTERED,,
43.1076,target,0.00362,0.00741,0.044657,3978.7461,,,,,
43.1263,cmd,,,,,0.00000,0.00000,,,
43.1265,status,,,,,,,CENTERED,,
43.1401,target,0.00343,0.00966,0.044572,3978.7453,,,,,
43.1645,joint,,,,,,,,-0.13039,0.12732
43.1735,target,0.00318,0.01072,0.044599,3978.7453,,,,,
43.1745,cmd,,,,,0.00000,0.00000,,,
43.1747,status,,,,,,,CENTERED,,
43.2074,target,0.00226,0.01275,0.044644,3978.7458,,,,,
43.2252,cmd,,,,,0.00000,0.00000,,,
43.2253,status,,,,,,,CENTERED,,
43.2400,target,0.00135,0.01405,0.044614,3978.7451,,,,,
43.2751,cmd,,,,,0.00000,0.00000,,,
43.2752,status,,,,,,,CENTERED,,
43.2757,target,0.00081,0.01444,0.044566,3978.7474,,,,,
43.3082,target,-0.00005,0.01406,0.044468,3978.7466,,,,,
43.3253,cmd,,,,,0.00000,0.00000,,,
43.3254,status,,,,,,,CENTERED,,
43.3406,target,-0.00091,0.01164,0.044583,3978.7456,,,,,
43.3728,target,-0.00120,0.00932,0.044481,3978.7445,,,,,
43.3732,cmd,,,,,0.00000,0.00000,,,
43.3733,status,,,,,,,CENTERED,,
43.4090,target,-0.00180,0.00850,0.044457,3978.7473,,,,,
43.4255,cmd,,,,,0.00000,0.00000,,,
43.4259,status,,,,,,,CENTERED,,
43.4410,target,-0.00233,0.00679,0.044516,3978.7460,,,,,
43.4734,cmd,,,,,0.00000,0.00000,,,
43.4736,status,,,,,,,CENTERED,,
43.4740,target,-0.00254,0.00617,0.044507,3978.7456,,,,,
43.5080,target,-0.00272,0.00547,0.044546,3978.7462,,,,,
43.5245,cmd,,,,,0.00000,0.00000,,,
43.5249,status,,,,,,,CENTERED,,
43.5394,target,-0.00265,0.00525,0.044581,3978.7443,,,,,
43.5735,target,-0.00240,0.00531,0.044486,3978.7450,,,,,
43.5736,cmd,,,,,0.00000,0.00000,,,
43.5737,status,,,,,,,CENTERED,,
43.6094,target,-0.00250,0.00493,0.044503,3978.7475,,,,,
43.6260,cmd,,,,,0.00000,0.00000,,,
43.6262,status,,,,,,,CENTERED,,
43.6411,target,-0.00251,0.00459,0.044438,3978.7459,,,,,
43.6645,joint,,,,,,,,-0.13039,0.12732
43.6734,cmd,,,,,0.00000,0.00000,,,
43.6739,target,-0.00239,0.00436,0.044425,3978.7454,,,,,
43.6740,status,,,,,,,CENTERED,,
43.7086,target,-0.00248,0.00432,0.044351,3978.7467,,,,,
43.7257,cmd,,,,,0.00000,0.00000,,,
43.7258,status,,,,,,,CENTERED,,
43.7414,target,-0.00311,0.00350,0.044253,3978.7461,,,,,
43.7736,cmd,,,,,0.00000,0.00000,,,
43.7738,status,,,,,,,CENTERED,,
43.7744,target,-0.00392,0.00320,0.044171,3978.7458,,,,,
43.8080,target,-0.00506,0.00115,0.044264,3978.7460,,,,,
43.8251,cmd,,,,,0.00000,0.00000,,,
43.8257,status,,,,,,,CENTERED,,
43.8406,target,-0.00619,0.00009,0.044351,3978.7453,,,,,
43.8731,cmd,,,,,0.00000,0.00000,,,
43.8756,target,-0.00698,-0.00034,0.044371,3978.7469,,,,,
43.8757,status,,,,,,,CENTERED,,
43.9083,target,-0.00803,-0.00023,0.044555,3978.7462,,,,,
43.9245,cmd,,,,,0.00000,0.00000,,,
43.9249,status,,,,,,,CENTERED,,
43.9400,target,-0.00883,0.00106,0.044501,3978.7445,,,,,
43.9737,cmd,,,,,0.00000,0.00000,,,
43.9738,status,,,,,,,CENTERED,,
43.9748,target,-0.00888,0.00390,0.044386,3978.7460,,,,,
44.0088,target,-0.01008,0.00585,0.044436,3978.7467,,,,,
44.0255,cmd,,,,,0.00000,0.00000,,,
44.0259,status,,,,,,,CENTERED,,
