run_id,time_s,frame_id,detected,ex,ey,area_ratio,state,command,command_tilt,command_unit
p4_occl_20261006_205337,1.9138,1791287053719907840,0,,,0.000000,,,,rad/s
p4_occl_20261006_205337,1.9491,1791287053753264896,0,,,0.000000,,0.00000,0.00000,rad/s
p4_occl_20261006_205337,1.9761,1791287053786621952,0,,,0.000000,LOST,0.00000,0.00000,rad/s
p4_occl_20261006_205337,2.0118,1791287053819979008,0,,,0.000000,LOST,0.00000,0.00000,rad/s
p4_occl_20261006_205337,2.0445,1791287053853336064,0,,,0.000000,LOST,0.00000,0.00000,rad/s
p4_occl_20261006_205337,2.0778,1791287053886692864,0,,,0.000000,LOST,0.00000,0.00000,rad/s
p4_occl_20261006_205337,2.1124,1791287053920049920,0,,,0.000000,LOST,0.00000,0.00000,rad/s
p4_occl_20261006_205337,2.1441,1791287053953406720,0,,,0.000000,LOST,0.00000,0.00000,rad/s
p4_occl_20261006_205337,2.1785,1791287053986763776,0,,,0.000000,LOST,0.00000,0.00000,rad/s
p4_occl_20261006_205337,2.2148,1791287054020120832,0,,,0.000000,LOST,0.00000,0.00000,rad/s
p4_occl_20261006_205337,2.2468,1791287054053477888,0,,,0.000000,LOST,0.00000,0.00000,rad/s
p4_occl_20261006_205337,2.2790,1791287054086834688,0,,,0.000000,LOST,0.00000,0.00000,rad/s
p4_occl_20261006_205337,2.3152,1791287054120191744,0,,,0.000000,LOST,0.00000,0.00000,rad/s
p4_occl_20261006_205337,2.3471,1791287054153548544,0,,,0.000000,LOST,0.00000,0.00000,rad/s
p4_occl_20261006_205337,2.3768,1791287054186905856,0,,,0.000000,LOST,0.00000,0.00000,rad/s
p4_occl_20261006_205337,2.4112,1791287054220262912,0,,,0.000000,LOST,0.00000,0.00000,rad/s
p4_occl_20261006_205337,2.4448,1791287054253620480,0,,,0.000000,LOST,0.00000,0.00000,rad/s
p4_occl_20261006_205337,2.4755,1791287054286977536,0,,,0.000000,LOST,0.00000,0.00000,rad/s
p4_occl_20261006_205337,2.5140,1791287054320334592,0,,,0.000000,LOST,0.00000,0.00000,rad/s
p4_occl_20261006_205337,2.5439,1791287054353691904,0,,,0.000000,LOST,0.00000,0.00000,rad/s
p4_occl_20261006_205337,2.5752,1791287054387049216,0,,,0.000000,LOST,0.00000,0.00000,rad/s
p4_occl_20261006_205337,2.6112,1791287054420406528,0,,,0.000000,LOST,0.00000,0.00000,rad/s
p4_occl_20261006_205337,2.6440,1791287054453763584,0,,,0.000000,LOST,0.00000,0.00000,rad/s
p4_occl_20261006_205337,2.6769,1791287054487120896,0,,,0.000000,LOST,0.00000,0.00000,rad/s
p4_occl_20261006_205337,2.7112,1791287054520477952,0,,,0.000000,LOST,0.00000,0.00000,rad/s
p4_occl_20261006_205337,2.7456,1791287054553835264,0,,,0.000000,LOST,0.00000,0.00000,rad/s
p4_occl_20261006_205337,2.7762,1791287054587192576,0,,,0.000000,LOST,0.00000,0.00000,rad/s
p4_occl_20261006_205337,2.8123,1791287054620549888,0,,,0.000000,LOST,0.00000,0.00000,rad/s
p4_occl_20261006_205337,2.8438,1791287054653906944,0,,,0.000000,LOST,0.00000,0.00000,rad/s
p4_occl_20261006_205337,2.8760,1791287054687264256,0,,,0.000000,LOST,0.00000,0.00000,rad/s
p4_occl_20261006_205337,2.9107,1791287054720621312,0,,,0.000000,LOST,0.00000,0.00000,rad/s
p4_occl_20261006_205337,2.9440,1791287054753978624,0,,,0.000000,LOST,0.00000,0.00000,rad/s
p4_occl_20261006_205337,2.9749,1791287054787335680,0,,,0.000000,LOST,0.00000,0.00000,rad/s
p4_occl_20261006_205337,3.0160,1791287054820692992,0,,,0.000000,LOST,0.00000,0.00000,rad/s
p4_occl_20261006_205337,3.0431,1791287054854050048,0,,,0.000000,LOST,0.00000,0.00000,rad/s
p4_occl_20261006_205337,3.0773,1791287054887407104,0,,,0.000000,LOST,0.00000,0.00000,rad/s
p4_occl_20261006_205337,3.1123,1791287054920764672,0,,,0.000000,LOST,0.00000,0.00000,rad/s
p4_occl_20261006_205337,3.1442,1791287054954121728,0,,,0.000000,LOST,0.00000,0.00000,rad/s
p4_occl_20261006_205337,3.1758,1791287054987479040,0,,,0.000000,LOST,0.00000,0.00000,rad/s
p4_occl_20261006_205337,3.2113,1791287055020836096,0,,,0.000000,LOST,0.00000,0.00000,rad/s
p4_occl_20261006_205337,3.2459,1791287055054193408,0,,,0.000000,LOST,0.00000,0.00000,rad/s
p4_occl_20261006_205337,3.2763,1791287055087550464,0,,,0.000000,LOST,0.00000,0.00000,rad/s
p4_occl_20261006_205337,3.3144,1791287055120907776,0,,,0.000000,LOST,0.00000,0.00000,rad/s
p4_occl_20261006_205337,3.3441,1791287055154264832,0,,,0.000000,LOST,0.00000,0.00000,rad/s
p4_occl_20261006_205337,3.3766,1791287055187622400,0,,,0.000000,LOST,0.00000,0.00000,rad/s
p4_occl_20261006_205337,3.4106,1791287055220979456,0,,,0.000000,LOST,0.00000,0.00000,rad/s
p4_occl_20261006_205337,3.4445,1791287055254337024,0,,,0.000000,LOST,0.00000,0.00000,rad/s
p4_occl_20261006_205337,3.4759,1791287055287694336,0,,,0.000000,LOST,0.00000,0.00000,rad/s
p4_occl_20261006_205337,3.5111,1791287055321051648,0,,,0.000000,LOST,0.00000,0.00000,rad/s
p4_occl_20261006_205337,3.5441,1791287055354409216,0,,,0.000000,LOST,0.00000,0.00000,rad/s
p4_occl_20261006_205337,3.5765,1791287055387766528,0,,,0.000000,LOST,0.00000,0.00000,rad/s
p4_occl_20261006_205337,3.6112,1791287055421124096,0,,,0.000000,LOST,0.00000,0.00000,rad/s
p4_occl_20261006_205337,3.6443,1791287055454481152,0,,,0.000000,LOST,0.00000,0.00000,rad/s
p4_occl_20261006_205337,3.6775,1791287055487838720,0,,,0.000000,LOST,0.00000,0.00000,rad/s
p4_occl_20261006_205337,3.7150,1791287055521196032,0,,,0.000000,LOST,0.00000,0.00000,rad/s
p4_occl_20261006_205337,3.7456,1791287055554553344,0,,,0.000000,LOST,0.00000,0.00000,rad/s
p4_occl_20261006_205337,3.7803,1791287055587910912,0,,,0.000000,LOST,0.00000,0.00000,rad/s
p4_occl_20261006_205337,3.8146,1791287055621267968,0,,,0.000000,LOST,0.00000,0.00000,rad/s
p4_occl_20261006_205337,3.8472,1791287055654625536,0,,,0.000000,LOST,0.00000,0.00000,rad/s
p4_occl_20261006_205337,3.8805,1791287055687982848,0,,,0.000000,LOST,0.00000,0.00000,rad/s
p4_occl_20261006_205337,3.9135,1791287055721340416,0,,,0.000000,LOST,0.00000,0.00000,rad/s
p4_occl_20261006_205337,3.9469,1791287055754697728,0,,,0.000000,LOST,0.00000,0.00000,rad/s
p4_occl_20261006_205337,3.9803,1791287055788055296,0,,,0.000000,LOST,0.00000,0.00000,rad/s
p4_occl_20261006_205337,4.0145,1791287055821412352,0,,,0.000000,LOST,0.00000,0.00000,rad/s
p4_occl_20261006_205337,4.0464,1791287055854769664,0,,,0.000000,LOST,0.00000,0.00000,rad/s
p4_occl_20261006_205337,4.0795,1791287055888127232,0,,,0.000000,LOST,0.00000,0.00000,rad/s
p4_occl_20261006_205337,4.1159,1791287055921484544,0,,,0.000000,LOST,0.00000,0.00000,rad/s
p4_occl_20261006_205337,4.1479,1791287055954841856,0,,,0.000000,LOST,0.00000,0.00000,rad/s
p4_occl_20261006_205337,4.1783,1791287055988199168,0,,,0.000000,LOST,0.00000,0.00000,rad/s
p4_occl_20261006_205337,4.2125,1791287056021556736,0,,,0.000000,LOST,0.00000,0.00000,rad/s
p4_occl_20261006_205337,4.2459,1791287056054914048,0,,,0.000000,LOST,0.00000,0.00000,rad/s
p4_occl_20261006_205337,4.2795,1791287056088271360,0,,,0.000000,LOST,0.00000,0.00000,rad/s
p4_occl_20261006_205337,4.3129,1791287056121628672,0,,,0.000000,LOST,0.00000,0.00000,rad/s
p4_occl_20261006_205337,4.3443,1791287056154985984,0,,,0.000000,LOST,0.00000,0.00000,rad/s
p4_occl_20261006_205337,4.3784,1791287056188343808,0,,,0.000000,LOST,0.00000,0.00000,rad/s
p4_occl_20261006_205337,4.4132,1791287056221701120,0,,,0.000000,LOST,0.00000,0.00000,rad/s
p4_occl_20261006_205337,4.4462,1791287056255058688,0,,,0.000000,LOST,0.00000,0.00000,rad/s
p4_occl_20261006_205337,4.4773,1791287056288416256,0,,,0.000000,LOST,0.00000,0.00000,rad/s
p4_occl_20261006_205337,4.5133,1791287056321773568,0,,,0.000000,LOST,0.00000,0.00000,rad/s
p4_occl_20261006_205337,4.5441,1791287056355131392,0,,,0.000000,LOST,0.00000,0.00000,rad/s
p4_occl_20261006_205337,4.5761,1791287056388488704,0,,,0.000000,LOST,0.00000,0.00000,rad/s
p4_occl_20261006_205337,4.6099,1791287056421846528,0,,,0.000000,LOST,0.00000,0.00000,rad/s
p4_occl_20261006_205337,4.6442,1791287056455203840,0,,,0.000000,LOST,0.00000,0.00000,rad/s
p4_occl_20261006_205337,4.6773,1791287056488561408,0,,,0.000000,LOST,0.00000,0.00000,rad/s
p4_occl_20261006_205337,4.7123,1791287056521918976,0,,,0.000000,LOST,0.00000,0.00000,rad/s
p4_occl_20261006_205337,4.7442,1791287056555276288,0,,,0.000000,LOST,0.00000,0.00000,rad/s
p4_occl_20261006_205337,4.7767,1791287056588634112,0,,,0.000000,LOST,0.00000,0.00000,rad/s
p4_occl_20261006_205337,4.8114,1791287056621991424,0,,,0.000000,LOST,0.00000,0.00000,rad/s
p4_occl_20261006_205337,4.8443,1791287056655349248,0,,,0.000000,LOST,0.00000,0.00000,rad/s
p4_occl_20261006_205337,4.8773,1791287056688706560,0,,,0.000000,LOST,0.00000,0.00000,rad/s
p4_occl_20261006_205337,4.9118,1791287056722064128,0,,,0.000000,LOST,0.00000,0.00000,rad/s
p4_occl_20261006_205337,4.9472,1791287056755421696,0,,,0.000000,LOST,0.00000,0.00000,rad/s
p4_occl_20261006_205337,4.9789,1791287056788779008,0,,,0.000000,LOST,0.00000,0.00000,rad/s
p4_occl_20261006_205337,5.0132,1791287056822136832,0,,,0.000000,LOST,0.00000,0.00000,rad/s
p4_occl_20261006_205337,5.0472,1791287056855494144,0,,,0.000000,LOST,0.00000,0.00000,rad/s
p4_occl_20261006_205337,5.0788,1791287056888851712,0,,,0.000000,LOST,0.00000,0.00000,rad/s
p4_occl_20261006_205337,5.1126,1791287056922209280,0,,,0.000000,LOST,0.00000,0.00000,rad/s
p4_occl_20261006_205337,5.1470,1791287056955566592,0,,,0.000000,LOST,0.00000,0.00000,rad/s
p4_occl_20261006_205337,5.1804,1791287056988924416,0,,,0.000000,LOST,0.00000,0.00000,rad/s
p4_occl_20261006_205337,5.2129,1791287057022281728,0,,,0.000000,LOST,0.00000,0.00000,rad/s
p4_occl_20261006_205337,5.2471,1791287057055639296,0,,,0.000000,LOST,0.00000,0.00000,rad/s
p4_occl_20261006_205337,5.2807,1791287057088996864,0,,,0.000000,LOST,0.00000,0.00000,rad/s
p4_occl_20261006_205337,5.3144,1791287057122354176,0,,,0.000000,LOST,0.00000,0.00000,rad/s
p4_occl_20261006_205337,5.3486,1791287057155712000,0,,,0.000000,LOST,0.00000,0.00000,rad/s
p4_occl_20261006_205337,5.3810,1791287057189069568,0,,,0.000000,LOST,0.00000,0.00000,rad/s
p4_occl_20261006_205337,5.4144,1791287057222427136,0,,,0.000000,LOST,0.00000,0.00000,rad/s
p4_occl_20261006_205337,5.4501,1791287057255784704,0,,,0.000000,LOST,0.00000,0.00000,rad/s
p4_occl_20261006_205337,5.4810,1791287057289142272,0,,,0.000000,LOST,0.00000,0.00000,rad/s
p4_occl_20261006_205337,5.5145,1791287057322500096,0,,,0.000000,LOST,0.00000,0.00000,rad/s
p4_occl_20261006_205337,5.5491,1791287057355857664,0,,,0.000000,LOST,0.00000,0.00000,rad/s
p4_occl_20261006_205337,5.5788,1791287057389215232,0,,,0.000000,LOST,0.00000,0.00000,rad/s
p4_occl_20261006_205337,5.6113,1791287057422572800,0,,,0.000000,LOST,0.00000,0.00000,rad/s
p4_occl_20261006_205337,5.6458,1791287057455930368,0,,,0.000000,LOST,0.00000,0.00000,rad/s
p4_occl_20261006_205337,5.6775,1791287057489288192,0,,,0.000000,LOST,0.00000,0.00000,rad/s
p4_occl_20261006_205337,5.7114,1791287057522645760,0,,,0.000000,LOST,0.00000,0.00000,rad/s
p4_occl_20261006_205337,5.7455,1791287057556003328,0,,,0.000000,LOST,0.00000,0.00000,rad/s
p4_occl_20261006_205337,5.7790,1791287057589360896,0,,,0.000000,LOST,0.00000,0.00000,rad/s
p4_occl_20261006_205337,5.8107,1791287057622718464,0,,,0.000000,LOST,0.00000,0.00000,rad/s
p4_occl_20261006_205337,5.8454,1791287057656076288,0,,,0.000000,LOST,0.00000,0.00000,rad/s
p4_occl_20261006_205337,5.8795,1791287057689433856,0,,,0.000000,LOST,0.00000,0.00000,rad/s
p4_occl_20261006_205337,5.9126,1791287057722791424,0,,,0.000000,LOST,0.00000,0.00000,rad/s
p4_occl_20261006_205337,5.9471,1791287057756148992,0,,,0.000000,LOST,0.00000,0.00000,rad/s
p4_occl_20261006_205337,5.9800,1791287057789506560,0,,,0.000000,LOST,0.00000,0.00000,rad/s
p4_occl_20261006_205337,6.0131,1791287057822864384,0,,,0.000000,LOST,0.00000,0.00000,rad/s
p4_occl_20261006_205337,6.0480,1791287057856221952,0,,,0.000000,LOST,0.00000,0.00000,rad/s
p4_occl_20261006_205337,6.0808,1791287057889579264,0,,,0.000000,LOST,0.00000,0.00000,rad/s
p4_occl_20261006_205337,6.1145,1791287057922937088,0,,,0.000000,LOST,0.00000,0.00000,rad/s
p4_occl_20261006_205337,6.1479,1791287057956294656,0,,,0.000000,LOST,0.00000,0.00000,rad/s
p4_occl_20261006_205337,6.1789,1791287057989652224,0,,,0.000000,LOST,0.00000,0.00000,rad/s
p4_occl_20261006_205337,6.2131,1791287058023009792,0,,,0.000000,LOST,0.00000,0.00000,rad/s
p4_occl_20261006_205337,6.2478,1791287058056367360,0,,,0.000000,LOST,0.00000,0.00000,rad/s
p4_occl_20261006_205337,6.2802,1791287058089725184,0,,,0.000000,LOST,0.00000,0.00000,rad/s
p4_occl_20261006_205337,6.3119,1791287058123082752,0,,,0.000000,LOST,0.00000,0.00000,rad/s
p4_occl_20261006_205337,6.3480,1791287058156440064,0,,,0.000000,LOST,0.00000,0.00000,rad/s
p4_occl_20261006_205337,6.3800,1791287058189797888,0,,,0.000000,LOST,0.00000,0.00000,rad/s
p4_occl_20261006_205337,6.4111,1791287058223155456,0,,,0.000000,LOST,0.00000,0.00000,rad/s
p4_occl_20261006_205337,6.4476,1791287058256513280,0,,,0.000000,LOST,0.00000,0.00000,rad/s
p4_occl_20261006_205337,6.4782,1791287058289870848,0,,,0.000000,LOST,0.00000,0.00000,rad/s
p4_occl_20261006_205337,6.5114,1791287058323228160,0,,,0.000000,LOST,0.00000,0.00000,rad/s
p4_occl_20261006_205337,6.5460,1791287058356585984,0,,,0.000000,LOST,0.00000,0.00000,rad/s
p4_occl_20261006_205337,6.5788,1791287058389943552,0,,,0.000000,LOST,0.00000,0.00000,rad/s
p4_occl_20261006_205337,6.6104,1791287058423301376,0,,,0.000000,LOST,0.00000,0.00000,rad/s
p4_occl_20261006_205337,6.6462,1791287058456658944,0,,,0.000000,LOST,0.00000,0.00000,rad/s
p4_occl_20261006_205337,6.6770,1791287058490016256,0,,,0.000000,LOST,0.00000,0.00000,rad/s
p4_occl_20261006_205337,6.7119,1791287058523374080,0,,,0.000000,LOST,0.00000,0.00000,rad/s
p4_occl_20261006_205337,6.7459,1791287058556731648,0,,,0.000000,LOST,0.00000,0.00000,rad/s
p4_occl_20261006_205337,6.7797,1791287058590089472,0,,,0.000000,LOST,0.00000,0.00000,rad/s
p4_occl_20261006_205337,6.8107,1791287058623447040,0,,,0.000000,LOST,0.00000,0.00000,rad/s
p4_occl_20261006_205337,6.8458,1791287058656804608,0,,,0.000000,LOST,0.00000,0.00000,rad/s
p4_occl_20261006_205337,6.8790,1791287058690162176,0,,,0.000000,LOST,0.00000,0.00000,rad/s
p4_occl_20261006_205337,6.9121,1791287058723519744,0,,,0.000000,LOST,0.00000,0.00000,rad/s
p4_occl_20261006_205337,6.9494,1791287058756877568,0,,,0.000000,LOST,0.00000,0.00000,rad/s
p4_occl_20261006_205337,6.9831,1791287058790235136,0,,,0.000000,LOST,0.00000,0.00000,rad/s
p4_occl_20261006_205337,7.0171,1791287058823592704,0,,,0.000000,LOST,0.00000,0.00000,rad/s
p4_occl_20261006_205337,7.0541,1791287058856950528,1,0.18704,-0.90739,0.005595,LOST,0.00000,0.00000,rad/s
p4_occl_20261006_205337,7.0873,1791287058890307840,1,0.19108,-0.93531,0.009442,LOST,0.00000,0.00000,rad/s
p4_occl_20261006_205337,7.1198,1791287058923665408,1,0.19271,-0.93532,0.009436,LOST,0.00000,0.00000,rad/s
p4_occl_20261006_205337,7.1527,1791287058957023232,1,0.19296,-0.93396,0.009622,LOST,0.00000,0.00000,rad/s
p4_occl_20261006_205337,7.1875,1791287058990380800,1,0.19339,-0.93127,0.010004,TRACKING,-0.28944,0.40000,rad/s
p4_occl_20261006_205337,7.2191,1791287059023738624,1,0.19294,-0.92488,0.010911,TRACKING,-0.29008,0.40000,rad/s
p4_occl_20261006_205337,7.2544,1791287059057096192,1,0.19248,-0.91388,0.012437,TRACKING,-0.29008,0.40000,rad/s
p4_occl_20261006_205337,7.2859,1791287059090453760,1,0.19058,-0.89836,0.014540,TRACKING,-0.28872,0.40000,rad/s
p4_occl_20261006_205337,7.3204,1791287059123811328,1,0.18737,-0.87734,0.017483,TRACKING,-0.28587,0.40000,rad/s
p4_occl_20261006_205337,7.3547,1791287059157168896,1,0.18388,-0.84172,0.018579,TRACKING,-0.28587,0.40000,rad/s
p4_occl_20261006_205337,7.3861,1791287059190526976,1,0.18281,-0.81371,0.018418,TRACKING,-0.27582,0.40000,rad/s
p4_occl_20261006_205337,7.4212,1791287059223884800,1,0.17951,-0.79173,0.018179,TRACKING,-0.27422,0.40000,rad/s
p4_occl_20261006_205337,7.4555,1791287059257242624,1,0.17769,-0.77448,0.018162,TRACKING,-0.27422,0.40000,rad/s
p4_occl_20261006_205337,7.4865,1791287059290600704,1,0.17325,-0.75534,0.017754,TRACKING,-0.26654,0.40000,rad/s
p4_occl_20261006_205337,7.5214,1791287059323958528,1,0.16740,-0.72796,0.017598,TRACKING,-0.25988,0.40000,rad/s
p4_occl_20261006_205337,7.5543,1791287059357316096,1,0.15907,-0.69607,0.017329,TRACKING,-0.25988,0.40000,rad/s
p4_occl_20261006_205337,7.5866,1791287059390674176,1,0.15011,-0.65949,0.016977,TRACKING,-0.23861,0.40000,rad/s
p4_occl_20261006_205337,7.6211,1791287059424032000,1,0.14012,-0.61770,0.016608,TRACKING,-0.22516,0.40000,rad/s
p4_occl_20261006_205337,7.6536,1791287059457389824,1,0.13092,-0.56690,0.016170,TRACKING,-0.22516,0.40000,rad/s
p4_occl_20261006_205337,7.6870,1791287059490747904,1,0.12123,-0.51798,0.015931,TRACKING,-0.19638,0.40000,rad/s
p4_occl_20261006_205337,7.7196,1791287059524105728,1,0.11010,-0.46721,0.015423,TRACKING,-0.18184,0.40000,rad/s
p4_occl_20261006_205337,7.7542,1791287059557463552,1,0.10248,-0.41972,0.015206,TRACKING,-0.18184,0.40000,rad/s
p4_occl_20261006_205337,7.7859,1791287059590821632,1,0.09594,-0.37764,0.015026,TRACKING,-0.15371,0.33578,rad/s
p4_occl_20261006_205337,7.8205,1791287059624179456,1,0.08929,-0.34085,0.014727,TRACKING,-0.14391,0.30211,rad/s
p4_occl_20261006_205337,7.8544,1791287059657537280,1,0.08304,-0.31048,0.014551,TRACKING,-0.14391,0.30211,rad/s
p4_occl_20261006_205337,7.8873,1791287059690895360,1,0.07519,-0.27477,0.014527,TRACKING,-0.12455,0.24838,rad/s
p4_occl_20261006_205337,7.9191,1791287059724253184,1,0.06798,-0.24684,0.014436,TRACKING,-0.11278,0.21981,rad/s
p4_occl_20261006_205337,7.9542,1791287059757611008,1,0.06211,-0.21723,0.014388,TRACKING,-0.11278,0.21981,rad/s
p4_occl_20261006_205337,7.9898,1791287059790969088,1,0.05676,-0.18588,0.014199,TRACKING,-0.09317,0.17379,rad/s
p4_occl_20261006_205337,8.0189,1791287059824326912,1,0.04984,-0.16012,0.014303,TRACKING,-0.08515,0.14871,rad/s
p4_occl_20261006_205337,8.0550,1791287059857684736,1,0.04382,-0.13301,0.014301,TRACKING,-0.08515,0.14871,rad/s
p4_occl_20261006_205337,8.0875,1791287059891042816,1,0.03788,-0.10980,0.014223,TRACKING,0.00000,0.10641,rad/s
p4_occl_20261006_205337,8.1227,1791287059924400640,1,0.03383,-0.08413,0.014171,TRACKING,0.00000,0.08784,rad/s
p4_occl_20261006_205337,8.1542,1791287059957758720,1,0.03086,-0.06409,0.014121,TRACKING,0.00000,0.08784,rad/s
p4_occl_20261006_205337,8.1870,1791287059991116800,1,0.02823,-0.04066,0.014097,TRACKING,0.00000,0.05127,rad/s
p4_occl_20261006_205337,8.2198,1791287060024474624,1,0.02727,-0.01889,0.013930,CENTERED,0.00000,0.00000,rad/s
p4_occl_20261006_205337,8.2563,1791287060057832448,1,0.02878,0.00210,0.014108,CENTERED,0.00000,0.00000,rad/s
p4_occl_20261006_205337,8.2868,1791287060091190528,1,0.03418,0.01963,0.014041,CENTERED,0.00000,0.00000,rad/s
p4_occl_20261006_205337,8.3198,1791287060124548352,1,0.03949,0.03164,0.014073,CENTERED,0.00000,0.00000,rad/s
p4_occl_20261006_205337,8.3534,1791287060157906176,1,0.04442,0.04260,0.013919,CENTERED,0.00000,0.00000,rad/s
p4_occl_20261006_205337,8.3894,1791287060191265280,1,0.04958,0.04769,0.014147,CENTERED,0.00000,0.00000,rad/s
p4_occl_20261006_205337,8.4197,1791287060224624384,1,0.05449,0.05060,0.014008,CENTERED,0.00000,0.00000,rad/s
p4_occl_20261006_205337,8.4547,1791287060257983744,1,0.05966,0.04984,0.013876,CENTERED,0.00000,0.00000,rad/s
p4_occl_20261006_205337,8.4869,1791287060291342848,1,0.06520,0.04317,0.013980,TRACKING,-0.08949,0.00000,rad/s
p4_occl_20261006_205337,8.5220,1791287060324701952,1,0.07248,0.04014,0.013787,TRACKING,-0.09780,0.00000,rad/s
p4_occl_20261006_205337,8.5561,1791287060358061056,1,0.08015,0.03350,0.013767,TRACKING,-0.09780,0.00000,rad/s
p4_occl_20261006_205337,8.5870,1791287060391420160,1,0.08777,0.02071,0.013661,TRACKING,-0.12022,0.00000,rad/s
p4_occl_20261006_205337,8.6213,1791287060424779264,1,0.09771,0.01425,0.013646,TRACKING,-0.13165,0.00000,rad/s
p4_occl_20261006_205337,8.6543,1791287060458138368,1,0.10745,0.00049,0.013787,TRACKING,-0.13165,0.00000,rad/s
p4_occl_20261006_205337,8.6873,1791287060491497472,1,0.11995,-0.00122,0.013557,TRACKING,-0.16117,0.00000,rad/s
p4_occl_20261006_205337,8.7207,1791287060524856832,1,0.13250,-0.01192,0.013878,TRACKING,-0.17993,0.00000,rad/s
p4_occl_20261006_205337,8.7536,1791287060558216192,1,0.14376,-0.02085,0.013511,TRACKING,-0.17993,0.00000,rad/s
p4_occl_20261006_205337,8.7878,1791287060591575296,1,0.15602,-0.03360,0.013722,TRACKING,-0.21564,0.00000,rad/s
p4_occl_20261006_205337,8.8206,1791287060624934400,1,0.16991,-0.04408,0.013437,TRACKING,-0.23402,0.00000,rad/s
p4_occl_20261006_205337,8.8549,1791287060658293760,1,0.18203,-0.05189,0.013583,TRACKING,-0.23402,0.00000,rad/s
p4_occl_20261006_205337,8.8885,1791287060691652864,1,0.19369,-0.06081,0.013411,TRACKING,-0.27305,0.04152,rad/s
p4_occl_20261006_205337,8.9239,1791287060725011968,1,0.20532,-0.06899,0.013357,TRACKING,-0.29053,0.04865,rad/s
p4_occl_20261006_205337,8.9547,1791287060758371328,1,0.21692,-0.07707,0.013372,TRACKING,-0.29053,0.04865,rad/s
p4_occl_20261006_205337,8.9876,1791287060791730432,1,0.22678,-0.08077,0.013403,TRACKING,-0.32538,0.06165,rad/s
p4_occl_20261006_205337,9.0202,1791287060825089536,1,0.23782,-0.08419,0.013164,TRACKING,-0.34017,0.06462,rad/s
p4_occl_20261006_205337,9.0559,1791287060858448896,1,0.24874,-0.08692,0.013227,TRACKING,-0.34017,0.06462,rad/s
p4_occl_20261006_205337,9.0872,1791287060891808000,1,0.25830,-0.08981,0.012990,TRACKING,-0.37312,0.06953,rad/s
p4_occl_20261006_205337,9.1210,1791287060925167360,1,0.26847,-0.09125,0.012791,TRACKING,-0.38745,0.07185,rad/s
p4_occl_20261006_205337,9.1559,1791287060958526976,1,0.27758,-0.09340,0.012684,TRACKING,-0.38745,0.07185,rad/s
p4_occl_20261006_205337,9.1878,1791287060991886080,1,0.28075,-0.08899,0.012743,TRACKING,-0.41637,0.07472,rad/s
p4_occl_20261006_205337,9.2203,1791287061025245440,1,0.28398,-0.08884,0.012682,TRACKING,-0.42112,0.07119,rad/s
p4_occl_20261006_205337,9.2545,1791287061058604544,1,0.28665,-0.08505,0.012437,TRACKING,-0.42112,0.07119,rad/s
p4_occl_20261006_205337,9.2877,1791287061091963904,1,0.28839,-0.08086,0.012372,TRACKING,-0.42998,0.06804,rad/s
p4_occl_20261006_205337,9.3208,1791287061125323264,1,0.28863,-0.07677,0.012300,TRACKING,-0.43259,0.06469,rad/s
p4_occl_20261006_205337,9.3555,1791287061158682368,1,0.29096,-0.07558,0.012201,TRACKING,-0.43259,0.06469,rad/s
p4_occl_20261006_205337,9.3880,1791287061192039168,1,0.29173,-0.07540,0.012133,TRACKING,-0.43644,0.06046,rad/s
p4_occl_20261006_205337,9.4193,1791287061225395712,1,0.29107,-0.07697,0.011934,TRACKING,-0.43760,0.06032,rad/s
p4_occl_20261006_205337,9.4568,1791287061258752512,1,0.28932,-0.07659,0.011747,TRACKING,-0.43760,0.06032,rad/s
p4_occl_20261006_205337,9.4872,1791287061292108800,1,0.28677,-0.07341,0.011593,TRACKING,-0.43399,0.06127,rad/s
p4_occl_20261006_205337,9.5197,1791287061325465600,1,0.28378,-0.07342,0.011387,TRACKING,-0.43016,0.05872,rad/s
p4_occl_20261006_205337,9.5583,1791287061358822144,1,0.27924,-0.06875,0.011302,TRACKING,-0.43016,0.05872,rad/s
p4_occl_20261006_205337,9.5868,1791287061392178944,1,0.27522,-0.06480,0.011302,TRACKING,-0.41886,0.05500,rad/s
p4_occl_20261006_205337,9.6221,1791287061425535488,1,0.27087,-0.06329,0.011007,TRACKING,-0.41284,0.05184,rad/s
p4_occl_20261006_205337,9.6548,1791287061458892032,1,0.26303,-0.06553,0.011066,TRACKING,-0.41284,0.05184,rad/s
p4_occl_20261006_205337,9.6880,1791287061492248832,1,0.25560,-0.06203,0.010679,TRACKING,-0.39455,0.05242,rad/s
p4_occl_20261006_205337,9.7214,1791287061525605120,1,0.24518,-0.05982,0.010488,TRACKING,-0.38340,0.04963,rad/s
p4_occl_20261006_205337,9.7558,1791287061558961920,1,0.23381,-0.05662,0.010232,TRACKING,-0.38340,0.04963,rad/s
p4_occl_20261006_205337,9.7885,1791287061592318464,1,0.21992,-0.05315,0.010052,TRACKING,-0.35071,0.04530,rad/s
p4_occl_20261006_205337,9.8226,1791287061625675008,1,0.20604,-0.05389,0.009931,TRACKING,-0.32988,0.04252,rad/s
p4_occl_20261006_205337,9.8555,1791287061659031808,1,0.18973,-0.05150,0.009883,TRACKING,-0.32988,0.04252,rad/s
p4_occl_20261006_205337,9.8882,1791287061692388096,1,0.17054,-0.04844,0.009993,TRACKING,-0.28459,0.04120,rad/s
p4_occl_20261006_205337,9.9218,1791287061725744896,1,0.14839,-0.04284,0.010022,TRACKING,-0.25580,0.00000,rad/s
p4_occl_20261006_205337,9.9581,1791287061759101440,1,0.12771,-0.03822,0.009954,TRACKING,-0.25580,0.00000,rad/s
p4_occl_20261006_205337,9.9876,1791287061792457728,1,0.10200,-0.03264,0.010145,TRACKING,-0.19156,0.00000,rad/s
p4_occl_20261006_205337,10.0208,1791287061825814528,1,0.07573,-0.02085,0.010165,TRACKING,-0.15300,0.00000,rad/s
p4_occl_20261006_205337,10.0561,1791287061859170816,1,0.04981,-0.02048,0.010484,TRACKING,-0.15300,0.00000,rad/s
p4_occl_20261006_205337,10.0880,1791287061892527616,1,0.02303,-0.01655,0.010766,CENTERED,0.00000,0.00000,rad/s
p4_occl_20261006_205337,10.1220,1791287061925884160,1,-0.00392,-0.02094,0.011061,CENTERED,0.00000,0.00000,rad/s
p4_occl_20261006_205337,10.1558,1791287061959240448,1,-0.03080,-0.01880,0.011487,CENTERED,0.00000,0.00000,rad/s
p4_occl_20261006_205337,10.1896,1791287061992597248,1,-0.05724,-0.02160,0.011938,CENTERED,0.00000,0.00000,rad/s
p4_occl_20261006_205337,10.2234,1791287062025953536,1,-0.08133,-0.02079,0.012263,TRACKING,0.08586,0.00000,rad/s
p4_occl_20261006_205337,10.2588,1791287062059310080,1,-0.10294,-0.02340,0.012661,TRACKING,0.08586,0.00000,rad/s
p4_occl_20261006_205337,10.2867,1791287062092666624,1,-0.12100,-0.02148,0.013077,TRACKING,0.15441,0.00000,rad/s
p4_occl_20261006_205337,10.3227,1791287062126023168,1,-0.13522,-0.02076,0.013550,TRACKING,0.18150,0.00000,rad/s
p4_occl_20261006_205337,10.3588,1791287062159379712,1,-0.14390,-0.01969,0.013815,TRACKING,0.18150,0.00000,rad/s
p4_occl_20261006_205337,10.3864,1791287062192737536,1,-0.15178,-0.02011,0.014084,TRACKING,0.21585,0.00000,rad/s
p4_occl_20261006_205337,10.4232,1791287062226095360,1,-0.15779,-0.02157,0.014199,TRACKING,0.22767,0.00000,rad/s
p4_occl_20261006_205337,10.4598,1791287062259453440,1,-0.16304,-0.02137,0.014431,TRACKING,0.22767,0.00000,rad/s
p4_occl_20261006_205337,10.4876,1791287062292811008,1,-0.16779,-0.02152,0.014711,TRACKING,0.24456,0.00000,rad/s
p4_occl_20261006_205337,10.5231,1791287062326168832,1,-0.17026,-0.02036,0.014989,TRACKING,0.25169,0.00000,rad/s
p4_occl_20261006_205337,10.5563,1791287062359526912,1,-0.17155,-0.01999,0.015102,TRACKING,0.25169,0.00000,rad/s
p4_occl_20261006_205337,10.5843,1791287062392884736,0,,,0.000000,TRACKING,0.25733,0.00000,rad/s
p4_occl_20261006_205337,10.6132,1791287062426242304,0,,,0.000000,TRACKING,0.25733,0.00000,rad/s
p4_occl_20261006_205337,10.6512,1791287062459600384,0,,,0.000000,LOST,0.00000,0.00000,rad/s
p4_occl_20261006_205337,10.6831,1791287062492958208,0,,,0.000000,LOST,0.00000,0.00000,rad/s
p4_occl_20261006_205337,10.7139,1791287062526316288,0,,,0.000000,LOST,0.00000,0.00000,rad/s
p4_occl_20261006_205337,10.7497,1791287062559674112,0,,,0.000000,LOST,0.00000,0.00000,rad/s
p4_occl_20261006_205337,10.7815,1791287062593031936,0,,,0.000000,LOST,0.00000,0.00000,rad/s
p4_occl_20261006_205337,10.8143,1791287062626389760,0,,,0.000000,LOST,0.00000,0.00000,rad/s
p4_occl_20261006_205337,10.8521,1791287062659747584,0,,,0.000000,LOST,0.00000,0.00000,rad/s
p4_occl_20261006_205337,10.8831,1791287062693105408,0,,,0.000000,LOST,0.00000,0.00000,rad/s
p4_occl_20261006_205337,10.9263,1791287062726463488,0,,,0.000000,LOST,0.00000,0.00000,rad/s
p4_occl_20261006_205337,10.9492,1791287062759821312,0,,,0.000000,LOST,0.00000,0.00000,rad/s
p4_occl_20261006_205337,10.9835,1791287062793178880,0,,,0.000000,LOST,0.00000,0.00000,rad/s
p4_occl_20261006_205337,11.0152,1791287062826536960,0,,,0.000000,LOST,0.00000,0.00000,rad/s
p4_occl_20261006_205337,11.0526,1791287062859894784,0,,,0.000000,LOST,0.00000,0.00000,rad/s
p4_occl_20261006_205337,11.0828,1791287062893252608,0,,,0.000000,LOST,0.00000,0.00000,rad/s
p4_occl_20261006_205337,11.1174,1791287062926610688,0,,,0.000000,LOST,0.00000,0.00000,rad/s
p4_occl_20261006_205337,11.1525,1791287062959968512,0,,,0.000000,LOST,0.00000,0.00000,rad/s
p4_occl_20261006_205337,11.1830,1791287062993326080,0,,,0.000000,LOST,0.00000,0.00000,rad/s
p4_occl_20261006_205337,11.2163,1791287063026684160,0,,,0.000000,LOST,0.00000,0.00000,rad/s
p4_occl_20261006_205337,11.2522,1791287063060041984,0,,,0.000000,LOST,0.00000,0.00000,rad/s
p4_occl_20261006_205337,11.2827,1791287063093399808,0,,,0.000000,LOST,0.00000,0.00000,rad/s
p4_occl_20261006_205337,11.3163,1791287063126757888,0,,,0.000000,LOST,0.00000,0.00000,rad/s
p4_occl_20261006_205337,11.3513,1791287063160115712,0,,,0.000000,LOST,0.00000,0.00000,rad/s
p4_occl_20261006_205337,11.3821,1791287063193472768,0,,,0.000000,LOST,0.00000,0.00000,rad/s
p4_occl_20261006_205337,11.4148,1791287063226829824,0,,,0.000000,LOST,0.00000,0.00000,rad/s
p4_occl_20261006_205337,11.4516,1791287063260187136,0,,,0.000000,LOST,0.00000,0.00000,rad/s
p4_occl_20261006_205337,11.4826,1791287063293543936,0,,,0.000000,LOST,0.00000,0.00000,rad/s
p4_occl_20261006_205337,11.5152,1791287063326901248,0,,,0.000000,LOST,0.00000,0.00000,rad/s
p4_occl_20261006_205337,11.5514,1791287063360258048,0,,,0.000000,LOST,0.00000,0.00000,rad/s
p4_occl_20261006_205337,11.5817,1791287063393615360,0,,,0.000000,LOST,0.00000,0.00000,rad/s
p4_occl_20261006_205337,11.6151,1791287063426972160,0,,,0.000000,LOST,0.00000,0.00000,rad/s
p4_occl_20261006_205337,11.6506,1791287063460329472,0,,,0.000000,LOST,0.00000,0.00000,rad/s
p4_occl_20261006_205337,11.6827,1791287063493686272,0,,,0.000000,LOST,0.00000,0.00000,rad/s
p4_occl_20261006_205337,11.7149,1791287063527043584,0,,,0.000000,LOST,0.00000,0.00000,rad/s
p4_occl_20261006_205337,11.7514,1791287063560400384,0,,,0.000000,LOST,0.00000,0.00000,rad/s
p4_occl_20261006_205337,11.7825,1791287063593757696,0,,,0.000000,LOST,0.00000,0.00000,rad/s
p4_occl_20261006_205337,11.8166,1791287063627114496,0,,,0.000000,LOST,0.00000,0.00000,rad/s
p4_occl_20261006_205337,11.8511,1791287063660471552,0,,,0.000000,LOST,0.00000,0.00000,rad/s
p4_occl_20261006_205337,11.8822,1791287063693828608,0,,,0.000000,LOST,0.00000,0.00000,rad/s
p4_occl_20261006_205337,11.9152,1791287063727185664,0,,,0.000000,LOST,0.00000,0.00000,rad/s
p4_occl_20261006_205337,11.9513,1791287063760542720,0,,,0.000000,LOST,0.00000,0.00000,rad/s
p4_occl_20261006_205337,11.9815,1791287063793899776,0,,,0.000000,LOST,0.00000,0.00000,rad/s
p4_occl_20261006_205337,12.0151,1791287063827256832,0,,,0.000000,LOST,0.00000,0.00000,rad/s
p4_occl_20261006_205337,12.0520,1791287063860613888,0,,,0.000000,LOST,0.00000,0.00000,rad/s
p4_occl_20261006_205337,12.0838,1791287063893970688,0,,,0.000000,LOST,0.00000,0.00000,rad/s
p4_occl_20261006_205337,12.1159,1791287063927328000,0,,,0.000000,LOST,0.00000,0.00000,rad/s
p4_occl_20261006_205337,12.1519,1791287063960684800,0,,,0.000000,LOST,0.00000,0.00000,rad/s
p4_occl_20261006_205337,12.1837,1791287063994041856,0,,,0.000000,LOST,0.00000,0.00000,rad/s
p4_occl_20261006_205337,12.2154,1791287064027398656,0,,,0.000000,LOST,0.00000,0.00000,rad/s
p4_occl_20261006_205337,12.2516,1791287064060755968,0,,,0.000000,LOST,0.00000,0.00000,rad/s
p4_occl_20261006_205337,12.2820,1791287064094112768,0,,,0.000000,LOST,0.00000,0.00000,rad/s
p4_occl_20261006_205337,12.3171,1791287064127469824,0,,,0.000000,LOST,0.00000,0.00000,rad/s
p4_occl_20261006_205337,12.3520,1791287064160826624,0,,,0.000000,LOST,0.00000,0.00000,rad/s
p4_occl_20261006_205337,12.3838,1791287064194183936,0,,,0.000000,LOST,0.00000,0.00000,rad/s
p4_occl_20261006_205337,12.4186,1791287064227540992,0,,,0.000000,LOST,0.00000,0.00000,rad/s
p4_occl_20261006_205337,12.4523,1791287064260898304,0,,,0.000000,LOST,0.00000,0.00000,rad/s
p4_occl_20261006_205337,12.4834,1791287064294255104,0,,,0.000000,LOST,0.00000,0.00000,rad/s
p4_occl_20261006_205337,12.5165,1791287064327612416,0,,,0.000000,LOST,0.00000,0.00000,rad/s
p4_occl_20261006_205337,12.5610,1791287064360969472,1,-0.64093,-0.24277,0.021634,LOST,0.00000,0.00000,rad/s
p4_occl_20261006_205337,12.5874,1791287064394326528,1,-0.62795,-0.25391,0.020942,LOST,0.00000,0.00000,rad/s
p4_occl_20261006_205337,12.6233,1791287064427683584,1,-0.61084,-0.26526,0.019727,LOST,0.00000,0.00000,rad/s
p4_occl_20261006_205337,12.6558,1791287064461040896,1,-0.59690,-0.27727,0.019716,LOST,0.00000,0.00000,rad/s
p4_occl_20261006_205337,12.6891,1791287064494397696,1,-0.58753,-0.28943,0.019881,TRACKING,0.60000,0.22182,rad/s
p4_occl_20261006_205337,12.7245,1791287064527755008,1,-0.58193,-0.29744,0.019872,TRACKING,0.60000,0.23155,rad/s
p4_occl_20261006_205337,12.7602,1791287064561111808,1,-0.57972,-0.30116,0.020030,TRACKING,0.60000,0.23155,rad/s
p4_occl_20261006_205337,12.7889,1791287064594469120,1,-0.58132,-0.29761,0.020354,TRACKING,0.60000,0.24093,rad/s
p4_occl_20261006_205337,12.8242,1791287064627825920,1,-0.58276,-0.28940,0.020352,TRACKING,0.60000,0.23809,rad/s
p4_occl_20261006_205337,12.8608,1791287064661183232,1,-0.58097,-0.27091,0.020521,TRACKING,0.60000,0.23809,rad/s
p4_occl_20261006_205337,12.8903,1791287064694540032,1,-0.57913,-0.25057,0.020742,TRACKING,0.60000,0.21673,rad/s
p4_occl_20261006_205337,12.9239,1791287064727897344,1,-0.57100,-0.22991,0.020540,TRACKING,0.60000,0.20046,rad/s
p4_occl_20261006_205337,12.9590,1791287064761254144,1,-0.55506,-0.20240,0.020074,TRACKING,0.60000,0.20046,rad/s
p4_occl_20261006_205337,12.9887,1791287064794611456,1,-0.53484,-0.18044,0.019690,TRACKING,0.60000,0.16192,rad/s
p4_occl_20261006_205337,13.0239,1791287064827968256,1,-0.50856,-0.15202,0.019132,TRACKING,0.60000,0.14435,rad/s
p4_occl_20261006_205337,13.0597,1791287064861325312,1,-0.47778,-0.12512,0.018355,TRACKING,0.60000,0.14435,rad/s
p4_occl_20261006_205337,13.0881,1791287064894682368,1,-0.44064,-0.09283,0.017615,TRACKING,0.60000,0.10009,rad/s
p4_occl_20261006_205337,13.1234,1791287064928039424,1,-0.39627,-0.07376,0.016723,TRACKING,0.60000,0.07427,rad/s
p4_occl_20261006_205337,13.1565,1791287064961396224,1,-0.34895,-0.06176,0.016356,TRACKING,0.60000,0.07427,rad/s
p4_occl_20261006_205337,13.1901,1791287064994753280,1,-0.30976,-0.05228,0.016332,TRACKING,0.52342,0.04941,rad/s
p4_occl_20261006_205337,13.2229,1791287065028110336,1,-0.27462,-0.04558,0.015968,TRACKING,0.46464,0.04182,rad/s
p4_occl_20261006_205337,13.2630,1791287065061467392,1,-0.24253,-0.03900,0.015833,TRACKING,0.46464,0.04182,rad/s
p4_occl_20261006_205337,13.2880,1791287065094824192,1,-0.21645,-0.02524,0.015842,TRACKING,0.41193,0.00000,rad/s
p4_occl_20261006_205337,13.3242,1791287065128181248,1,-0.19632,-0.01214,0.015998,TRACKING,0.32468,0.00000,rad/s
p4_occl_20261006_205337,13.3600,1791287065161538048,1,-0.17702,0.00766,0.015792,TRACKING,0.32468,0.00000,rad/s
p4_occl_20261006_205337,13.3890,1791287065194895872,1,-0.15877,0.02120,0.015740,TRACKING,0.26553,0.00000,rad/s
p4_occl_20261006_205337,13.4239,1791287065228253184,1,-0.13948,0.02746,0.015653,TRACKING,0.23816,0.00000,rad/s
p4_occl_20261006_205337,13.4582,1791287065261610752,1,-0.12066,0.03135,0.015586,TRACKING,0.23816,0.00000,rad/s
p4_occl_20261006_205337,13.4895,1791287065294968320,1,-0.10147,0.03152,0.015510,TRACKING,0.18099,0.00000,rad/s
p4_occl_20261006_205337,13.5252,1791287065328325888,1,-0.08184,0.03152,0.015516,TRACKING,0.15220,0.00000,rad/s
p4_occl_20261006_205337,13.5583,1791287065361683456,1,-0.06398,0.02696,0.015250,TRACKING,0.15220,0.00000,rad/s
p4_occl_20261006_205337,13.5894,1791287065395041024,1,-0.04832,0.02485,0.015536,TRACKING,0.09597,0.00000,rad/s
p4_occl_20261006_205337,13.6246,1791287065428398336,1,-0.03708,0.01863,0.015673,CENTERED,0.00000,0.00000,rad/s
p4_occl_20261006_205337,13.6597,1791287065461756160,1,-0.02837,0.01861,0.015642,CENTERED,0.00000,0.00000,rad/s
p4_occl_20261006_205337,13.6889,1791287065495113472,1,-0.02247,0.01674,0.015675,CENTERED,0.00000,0.00000,rad/s
p4_occl_20261006_205337,13.7252,1791287065528471296,1,-0.01906,0.01818,0.015707,CENTERED,0.00000,0.00000,rad/s
p4_occl_20261006_205337,13.7594,1791287065561828864,1,-0.01992,0.01899,0.015729,CENTERED,0.00000,0.00000,rad/s
p4_occl_20261006_205337,13.7892,1791287065595186176,1,-0.02404,0.02015,0.015716,CENTERED,0.00000,0.00000,rad/s
p4_occl_20261006_205337,13.8239,1791287065628544000,1,-0.03122,0.02327,0.015940,CENTERED,0.00000,0.00000,rad/s
p4_occl_20261006_205337,13.8584,1791287065661901312,1,-0.04124,0.02398,0.015929,CENTERED,0.00000,0.00000,rad/s
p4_occl_20261006_205337,13.8900,1791287065695259136,1,-0.05628,0.02712,0.016081,CENTERED,0.00000,0.00000,rad/s
p4_occl_20261006_205337,13.9259,1791287065728616448,1,-0.07712,0.02864,0.016246,TRACKING,0.08442,0.00000,rad/s
p4_occl_20261006_205337,13.9612,1791287065761974016,1,-0.10039,0.03030,0.016439,TRACKING,0.08442,0.00000,rad/s
p4_occl_20261006_205337,13.9903,1791287065795331584,1,-0.12522,0.02838,0.016615,TRACKING,0.15059,0.00000,rad/s
p4_occl_20261006_205337,14.0253,1791287065828689152,1,-0.15151,0.02638,0.016799,TRACKING,0.18783,0.00000,rad/s
p4_occl_20261006_205337,14.0599,1791287065862046976,1,-0.18086,0.02260,0.017049,TRACKING,0.18783,0.00000,rad/s
p4_occl_20261006_205337,14.0901,1791287065895404288,1,-0.20997,0.01689,0.017750,TRACKING,0.27129,0.00000,rad/s
p4_occl_20261006_205337,14.1257,1791287065928761856,1,-0.23789,0.01489,0.018205,TRACKING,0.31496,0.00000,rad/s
p4_occl_20261006_205337,14.1610,1791287065962119424,1,-0.26340,0.01025,0.018806,TRACKING,0.31496,0.00000,rad/s
p4_occl_20261006_205337,14.1907,1791287065995476992,1,-0.28851,0.00484,0.018995,TRACKING,0.39510,0.00000,rad/s
p4_occl_20261006_205337,14.2247,1791287066028834560,1,-0.31233,0.00105,0.019405,TRACKING,0.43276,0.00000,rad/s
p4_occl_20261006_205337,14.2580,1791287066062192128,1,-0.33238,-0.00258,0.019855,TRACKING,0.43276,0.00000,rad/s
p4_occl_20261006_205337,14.2901,1791287066095549696,1,-0.34569,-0.00379,0.020204,TRACKING,0.49857,0.00000,rad/s
p4_occl_20261006_205337,14.3268,1791287066128907264,1,-0.35153,-0.00422,0.019674,TRACKING,0.51853,0.00000,rad/s
p4_occl_20261006_205337,14.3596,1791287066162264832,1,-0.34980,-0.00207,0.019457,TRACKING,0.51853,0.00000,rad/s
p4_occl_20261006_205337,14.3901,1791287066195622144,1,-0.34077,0.00450,0.019703,TRACKING,0.52470,0.00000,rad/s
p4_occl_20261006_205337,14.4240,1791287066228978944,1,-0.32409,0.01003,0.019208,TRACKING,0.51115,0.00000,rad/s
p4_occl_20261006_205337,14.4624,1791287066262336256,1,-0.30145,0.01305,0.018728,TRACKING,0.51115,0.00000,rad/s
p4_occl_20261006_205337,14.4898,1791287066295693312,1,-0.27729,0.01161,0.018394,TRACKING,0.48614,0.00000,rad/s
p4_occl_20261006_205337,14.5255,1791287066329050624,1,-0.25413,0.01032,0.018190,TRACKING,0.41593,0.00000,rad/s
p4_occl_20261006_205337,14.5589,1791287066362407680,1,-0.23546,0.01081,0.017969,TRACKING,0.41593,0.00000,rad/s
p4_occl_20261006_205337,14.5910,1791287066395764736,1,-0.21999,0.01475,0.018045,TRACKING,0.35319,0.00000,rad/s
p4_occl_20261006_205337,14.6253,1791287066429121792,1,-0.21045,0.02023,0.017891,TRACKING,0.32999,0.00000,rad/s
p4_occl_20261006_205337,14.6607,1791287066462479104,1,-0.20105,0.02565,0.017962,TRACKING,0.32999,0.00000,rad/s
p4_occl_20261006_205337,14.6903,1791287066495836160,1,-0.19475,0.03004,0.017938,TRACKING,0.30158,0.00000,rad/s
p4_occl_20261006_205337,14.7241,1791287066529193472,1,-0.19057,0.03278,0.017901,TRACKING,0.29212,0.00000,rad/s
p4_occl_20261006_205337,14.7621,1791287066562550528,1,-0.18630,0.03247,0.017786,TRACKING,0.29212,0.00000,rad/s
p4_occl_20261006_205337,14.7904,1791287066595907584,1,-0.18297,0.02424,0.017737,TRACKING,0.28585,0.00000,rad/s
p4_occl_20261006_205337,14.8260,1791287066629264640,1,-0.18196,0.00977,0.017743,TRACKING,0.27445,0.00000,rad/s
p4_occl_20261006_205337,14.8596,1791287066662621952,1,-0.18466,-0.00835,0.017750,TRACKING,0.27445,0.00000,rad/s
p4_occl_20261006_205337,14.8902,1791287066695979008,1,-0.18897,-0.02345,0.017793,TRACKING,0.27698,0.00000,rad/s
p4_occl_20261006_205337,14.9272,1791287066729336064,1,-0.19524,-0.03766,0.017745,TRACKING,0.28345,0.00000,rad/s
p4_occl_20261006_205337,14.9600,1791287066762693120,1,-0.20060,-0.04955,0.017600,TRACKING,0.28345,0.00000,rad/s
p4_occl_20261006_205337,14.9901,1791287066796050176,1,-0.20726,-0.06052,0.017198,TRACKING,0.30090,0.00000,rad/s
p4_occl_20261006_205337,15.0249,1791287066829407488,1,-0.20875,-0.06683,0.017227,TRACKING,0.31089,0.04842,rad/s
p4_occl_20261006_205337,15.0606,1791287066862764544,1,-0.20852,-0.07029,0.017053,TRACKING,0.31089,0.04842,rad/s
p4_occl_20261006_205337,15.0905,1791287066896121856,1,-0.20533,-0.07276,0.016970,TRACKING,0.31279,0.05623,rad/s
p4_occl_20261006_205337,15.1258,1791287066929478912,1,-0.19725,-0.07661,0.016628,TRACKING,0.30800,0.05820,rad/s
p4_occl_20261006_205337,15.1582,1791287066962835968,1,-0.18317,-0.08216,0.016493,TRACKING,0.30800,0.05820,rad/s
p4_occl_20261006_205337,15.1900,1791287066996193024,1,-0.16502,-0.08737,0.016413,TRACKING,0.27476,0.06572,rad/s
p4_occl_20261006_205337,15.2243,1791287067029550336,1,-0.14443,-0.09801,0.016328,TRACKING,0.24753,0.06990,rad/s
p4_occl_20261006_205337,15.2611,1791287067062907392,1,-0.12143,-0.11907,0.016554,TRACKING,0.24753,0.06990,rad/s
p4_occl_20261006_205337,15.2900,1791287067096264704,1,-0.09937,-0.14684,0.016513,TRACKING,0.18214,0.09525,rad/s
p4_occl_20261006_205337,15.3244,1791287067129621760,1,-0.07910,-0.17986,0.016723,TRACKING,0.14905,0.11747,rad/s
p4_occl_20261006_205337,15.3590,1791287067162979072,1,-0.05652,-0.21392,0.017170,TRACKING,0.14905,0.11747,rad/s
p4_occl_20261006_205337,15.3908,1791287067196336384,1,-0.03222,-0.25659,0.018190,TRACKING,0.08478,0.17113,rad/s
p4_occl_20261006_205337,15.4240,1791287067229693952,1,-0.00547,-0.29405,0.018874,TRACKING,0.00000,0.20527,rad/s
p4_occl_20261006_205337,15.4597,1791287067263051264,1,0.01797,-0.33720,0.019260,TRACKING,0.00000,0.20527,rad/s
p4_occl_20261006_205337,15.4897,1791287067296408576,1,0.03659,-0.37785,0.019275,TRACKING,0.00000,0.26976,rad/s
p4_occl_20261006_205337,15.5258,1791287067329766144,1,0.05337,-0.42147,0.019392,TRACKING,0.00000,0.30228,rad/s
p4_occl_20261006_205337,15.5591,1791287067363123456,1,0.06134,-0.46558,0.018809,TRACKING,0.00000,0.30228,rad/s
p4_occl_20261006_205337,15.5911,1791287067396481024,1,0.07409,-0.50946,0.018924,TRACKING,-0.09202,0.37246,rad/s
p4_occl_20261006_205337,15.6266,1791287067429838336,1,0.08777,-0.54837,0.019462,TRACKING,-0.11113,0.40000,rad/s
p4_occl_20261006_205337,15.6616,1791287067463195904,1,0.10086,-0.57772,0.019898,TRACKING,-0.11113,0.40000,rad/s
p4_occl_20261006_205337,15.6904,1791287067496553216,1,0.11204,-0.59928,0.020601,TRACKING,-0.13166,0.40000,rad/s
p4_occl_20261006_205337,15.7259,1791287067529910528,1,0.12176,-0.61128,0.020903,TRACKING,-0.16806,0.40000,rad/s
p4_occl_20261006_205337,15.7612,1791287067563268096,1,0.13189,-0.61278,0.021272,TRACKING,-0.16806,0.40000,rad/s
p4_occl_20261006_205337,15.7940,1791287067596625408,1,0.13970,-0.60139,0.021209,TRACKING,-0.19783,0.40000,rad/s
p4_occl_20261006_205337,15.8249,1791287067629982976,1,0.14543,-0.58032,0.020920,TRACKING,-0.20955,0.40000,rad/s
p4_occl_20261006_205337,15.8626,1791287067663340288,1,0.14884,-0.55621,0.020927,TRACKING,-0.21814,0.40000,rad/s
p4_occl_20261006_205337,15.8904,1791287067696697856,1,0.14860,-0.52901,0.020690,TRACKING,-0.21814,0.40000,rad/s
p4_occl_20261006_205337,15.9259,1791287067730055168,1,0.14326,-0.49824,0.020371,TRACKING,-0.22290,0.40000,rad/s
p4_occl_20261006_205337,15.9625,1791287067763412480,1,0.14010,-0.46469,0.019993,TRACKING,-0.22290,0.40000,rad/s
p4_occl_20261006_205337,15.9900,1791287067796770048,1,0.13814,-0.42785,0.019824,TRACKING,-0.21490,0.39859,rad/s
p4_occl_20261006_205337,16.0244,1791287067830127360,1,0.13486,-0.38038,0.018984,TRACKING,-0.20722,0.34228,rad/s
p4_occl_20261006_205337,16.0622,1791287067863484928,1,0.13248,-0.32852,0.018483,TRACKING,-0.20722,0.34228,rad/s
p4_occl_20261006_205337,16.0906,1791287067896842240,1,0.13174,-0.27667,0.018424,TRACKING,-0.20229,0.30431,rad/s
p4_occl_20261006_205337,16.1265,1791287067930199808,1,0.12800,-0.22585,0.018331,TRACKING,-0.19760,0.22134,rad/s
p4_occl_20261006_205337,16.1605,1791287067963557120,1,0.12364,-0.17278,0.017860,TRACKING,-0.19760,0.22134,rad/s
p4_occl_20261006_205337,16.1912,1791287067996914432,1,0.12046,-0.11859,0.017574,TRACKING,-0.18545,0.13822,rad/s
p4_occl_20261006_205337,16.2250,1791287068030272000,1,0.11901,-0.06173,0.017619,TRACKING,-0.18069,0.09487,rad/s
p4_occl_20261006_205337,16.2608,1791287068063629568,1,0.11592,-0.00328,0.017365,TRACKING,-0.18069,0.09487,rad/s
p4_occl_20261006_205337,16.2914,1791287068096987136,1,0.11229,0.05776,0.017396,TRACKING,-0.17388,0.00000,rad/s
p4_occl_20261006_205337,16.3265,1791287068130344448,1,0.11225,0.11808,0.017517,TRACKING,-0.16843,-0.04620,rad/s
p4_occl_20261006_205337,16.3616,1791287068163702016,1,0.11203,0.17440,0.017697,TRACKING,-0.16843,-0.04620,rad/s
p4_occl_20261006_205337,16.3913,1791287068197059328,1,0.11065,0.23067,0.017706,TRACKING,-0.16837,-0.09446,rad/s
p4_occl_20261006_205337,16.4262,1791287068230416640,1,0.10947,0.27866,0.017962,TRACKING,-0.16597,-0.18453,rad/s
p4_occl_20261006_205337,16.4619,1791287068263774464,1,0.10723,0.32841,0.017439,TRACKING,-0.16597,-0.18453,rad/s
p4_occl_20261006_205337,16.4906,1791287068297131776,1,0.10610,0.37021,0.017500,TRACKING,-0.16421,-0.22293,rad/s
p4_occl_20261006_205337,16.5244,1791287068330489344,1,0.10589,0.40667,0.017478,TRACKING,-0.15915,-0.29617,rad/s
p4_occl_20261006_205337,16.5590,1791287068363846656,1,0.10400,0.44174,0.017300,TRACKING,-0.15915,-0.29617,rad/s
p4_occl_20261006_205337,16.5933,1791287068397204224,1,0.10335,0.47312,0.017537,TRACKING,-0.15600,-0.35339,rad/s
p4_occl_20261006_205337,16.6269,1791287068430561792,1,0.10255,0.50136,0.017461,TRACKING,-0.15503,-0.37850,rad/s
p4_occl_20261006_205337,16.6601,1791287068463919104,1,0.10175,0.52752,0.017376,TRACKING,-0.15503,-0.37850,rad/s
p4_occl_20261006_205337,16.6939,1791287068497276928,1,0.09916,0.53942,0.017591,TRACKING,-0.15262,-0.40000,rad/s
p4_occl_20261006_205337,16.7263,1791287068530634240,1,0.09537,0.54478,0.017378,TRACKING,-0.14873,-0.40000,rad/s
p4_occl_20261006_205337,16.7610,1791287068563991808,1,0.09246,0.55710,0.017439,TRACKING,-0.14873,-0.40000,rad/s
p4_occl_20261006_205337,16.7918,1791287068597349376,1,0.08832,0.55900,0.017357,TRACKING,-0.13869,-0.40000,rad/s
p4_occl_20261006_205337,16.8253,1791287068630706688,1,0.08337,0.56813,0.017203,TRACKING,-0.13248,-0.40000,rad/s
p4_occl_20261006_205337,16.8630,1791287068664064256,1,0.07833,0.56269,0.017207,TRACKING,-0.13248,-0.40000,rad/s
p4_occl_20261006_205337,16.8914,1791287068697421568,1,0.07228,0.55903,0.016686,TRACKING,-0.12506,-0.40000,rad/s
p4_occl_20261006_205337,16.9276,1791287068730779392,1,0.06628,0.54056,0.016721,TRACKING,-0.10842,-0.40000,rad/s
p4_occl_20261006_205337,16.9635,1791287068764136704,1,0.06049,0.52413,0.016209,TRACKING,-0.10842,-0.40000,rad/s
p4_occl_20261006_205337,16.9911,1791287068797494016,1,0.05478,0.49874,0.016497,TRACKING,-0.09943,-0.40000,rad/s
p4_occl_20261006_205337,17.0256,1791287068830851840,1,0.05051,0.47672,0.016278,TRACKING,-0.08217,-0.39899,rad/s
p4_occl_20261006_205337,17.0605,1791287068864209152,1,0.05120,0.47730,0.011617,TRACKING,-0.08217,-0.39899,rad/s
p4_occl_20261006_205337,17.0841,1791287068897566720,0,,,0.000000,TRACKING,-0.07679,-0.38184,rad/s
p4_occl_20261006_205337,17.1193,1791287068930924032,0,,,0.000000,LOST,0.00000,0.00000,rad/s
p4_occl_20261006_205337,17.1532,1791287068964281856,0,,,0.000000,LOST,0.00000,0.00000,rad/s
p4_occl_20261006_205337,17.1845,1791287068997639168,0,,,0.000000,LOST,0.00000,0.00000,rad/s
p4_occl_20261006_205337,17.2178,1791287069030996480,0,,,0.000000,LOST,0.00000,0.00000,rad/s
p4_occl_20261006_205337,17.2529,1791287069064354048,0,,,0.000000,LOST,0.00000,0.00000,rad/s
p4_occl_20261006_205337,17.2839,1791287069097711616,0,,,0.000000,LOST,0.00000,0.00000,rad/s
p4_occl_20261006_205337,17.3219,1791287069131069184,0,,,0.000000,LOST,0.00000,0.00000,rad/s
p4_occl_20261006_205337,17.3536,1791287069164426496,0,,,0.000000,LOST,0.00000,0.00000,rad/s
p4_occl_20261006_205337,17.3835,1791287069197784576,0,,,0.000000,LOST,0.00000,0.00000,rad/s
p4_occl_20261006_205337,17.4216,1791287069231142912,0,,,0.000000,LOST,0.00000,0.00000,rad/s
p4_occl_20261006_205337,17.4549,1791287069264501248,0,,,0.000000,LOST,0.00000,0.00000,rad/s
p4_occl_20261006_205337,17.4867,1791287069297859328,0,,,0.000000,LOST,0.00000,0.00000,rad/s
p4_occl_20261006_205337,17.5214,1791287069331217408,0,,,0.000000,LOST,0.00000,0.00000,rad/s
p4_occl_20261006_205337,17.5568,1791287069364576000,0,,,0.000000,LOST,0.00000,0.00000,rad/s
p4_occl_20261006_205337,17.5883,1791287069397934080,0,,,0.000000,LOST,0.00000,0.00000,rad/s
p4_occl_20261006_205337,17.6231,1791287069431292160,0,,,0.000000,LOST,0.00000,0.00000,rad/s
p4_occl_20261006_205337,17.6555,1791287069464650496,0,,,0.000000,LOST,0.00000,0.00000,rad/s
p4_occl_20261006_205337,17.6883,1791287069498008832,0,,,0.000000,LOST,0.00000,0.00000,rad/s
p4_occl_20261006_205337,17.7226,1791287069531366912,0,,,0.000000,LOST,0.00000,0.00000,rad/s
p4_occl_20261006_205337,17.7574,1791287069564724992,0,,,0.000000,LOST,0.00000,0.00000,rad/s
p4_occl_20261006_205337,17.7884,1791287069598083328,0,,,0.000000,LOST,0.00000,0.00000,rad/s
p4_occl_20261006_205337,17.8229,1791287069631441664,0,,,0.000000,LOST,0.00000,0.00000,rad/s
p4_occl_20261006_205337,17.8566,1791287069664799744,0,,,0.000000,LOST,0.00000,0.00000,rad/s
p4_occl_20261006_205337,17.8859,1791287069698158080,0,,,0.000000,LOST,0.00000,0.00000,rad/s
p4_occl_20261006_205337,17.9236,1791287069731516416,0,,,0.000000,LOST,0.00000,0.00000,rad/s
p4_occl_20261006_205337,17.9584,1791287069764874496,0,,,0.000000,LOST,0.00000,0.00000,rad/s
p4_occl_20261006_205337,17.9886,1791287069798232576,0,,,0.000000,LOST,0.00000,0.00000,rad/s
p4_occl_20261006_205337,18.0236,1791287069831591168,0,,,0.000000,LOST,0.00000,0.00000,rad/s
p4_occl_20261006_205337,18.0580,1791287069864949248,0,,,0.000000,LOST,0.00000,0.00000,rad/s
p4_occl_20261006_205337,18.0892,1791287069898307328,0,,,0.000000,LOST,0.00000,0.00000,rad/s
p4_occl_20261006_205337,18.1230,1791287069931665664,0,,,0.000000,LOST,0.00000,0.00000,rad/s
p4_occl_20261006_205337,18.1582,1791287069965024000,0,,,0.000000,LOST,0.00000,0.00000,rad/s
p4_occl_20261006_205337,18.1889,1791287069998382080,0,,,0.000000,LOST,0.00000,0.00000,rad/s
p4_occl_20261006_205337,18.2221,1791287070031740416,0,,,0.000000,LOST,0.00000,0.00000,rad/s
p4_occl_20261006_205337,18.2598,1791287070065098752,0,,,0.000000,LOST,0.00000,0.00000,rad/s
p4_occl_20261006_205337,18.2886,1791287070098456832,0,,,0.000000,LOST,0.00000,0.00000,rad/s
p4_occl_20261006_205337,18.3231,1791287070131815168,0,,,0.000000,LOST,0.00000,0.00000,rad/s
p4_occl_20261006_205337,18.3572,1791287070165173248,0,,,0.000000,LOST,0.00000,0.00000,rad/s
p4_occl_20261006_205337,18.3892,1791287070198532096,0,,,0.000000,LOST,0.00000,0.00000,rad/s
p4_occl_20261006_205337,18.4237,1791287070231890688,0,,,0.000000,LOST,0.00000,0.00000,rad/s
p4_occl_20261006_205337,18.4579,1791287070265249280,0,,,0.000000,LOST,0.00000,0.00000,rad/s
p4_occl_20261006_205337,18.4889,1791287070298607872,0,,,0.000000,LOST,0.00000,0.00000,rad/s
p4_occl_20261006_205337,18.5248,1791287070331966464,0,,,0.000000,LOST,0.00000,0.00000,rad/s
p4_occl_20261006_205337,18.5573,1791287070365325312,0,,,0.000000,LOST,0.00000,0.00000,rad/s
p4_occl_20261006_205337,18.5890,1791287070398683904,0,,,0.000000,LOST,0.00000,0.00000,rad/s
p4_occl_20261006_205337,18.6247,1791287070432042496,0,,,0.000000,LOST,0.00000,0.00000,rad/s
p4_occl_20261006_205337,18.6573,1791287070465401344,0,,,0.000000,LOST,0.00000,0.00000,rad/s
p4_occl_20261006_205337,18.6888,1791287070498759936,0,,,0.000000,LOST,0.00000,0.00000,rad/s
p4_occl_20261006_205337,18.7238,1791287070532118528,0,,,0.000000,LOST,0.00000,0.00000,rad/s
p4_occl_20261006_205337,18.7564,1791287070565477376,0,,,0.000000,LOST,0.00000,0.00000,rad/s
p4_occl_20261006_205337,18.7905,1791287070598836224,0,,,0.000000,LOST,0.00000,0.00000,rad/s
p4_occl_20261006_205337,18.8238,1791287070632194816,0,,,0.000000,LOST,0.00000,0.00000,rad/s
p4_occl_20261006_205337,18.8589,1791287070665553408,0,,,0.000000,LOST,0.00000,0.00000,rad/s
p4_occl_20261006_205337,18.8896,1791287070698912000,0,,,0.000000,LOST,0.00000,0.00000,rad/s
p4_occl_20261006_205337,18.9225,1791287070732271104,0,,,0.000000,LOST,0.00000,0.00000,rad/s
p4_occl_20261006_205337,18.9589,1791287070765629696,0,,,0.000000,LOST,0.00000,0.00000,rad/s
p4_occl_20261006_205337,18.9896,1791287070798988544,0,,,0.000000,LOST,0.00000,0.00000,rad/s
p4_occl_20261006_205337,19.0245,1791287070832347136,0,,,0.000000,LOST,0.00000,0.00000,rad/s
p4_occl_20261006_205337,19.0608,1791287070865705728,0,,,0.000000,LOST,0.00000,0.00000,rad/s
p4_occl_20261006_205337,19.0902,1791287070899064576,0,,,0.000000,LOST,0.00000,0.00000,rad/s
p4_occl_20261006_205337,19.1262,1791287070932423424,0,,,0.000000,LOST,0.00000,0.00000,rad/s
p4_occl_20261006_205337,19.1611,1791287070965782272,0,,,0.000000,LOST,0.00000,0.00000,rad/s
p4_occl_20261006_205337,19.1905,1791287070999140864,0,,,0.000000,LOST,0.00000,0.00000,rad/s
p4_occl_20261006_205337,19.2248,1791287071032499712,0,,,0.000000,LOST,0.00000,0.00000,rad/s
p4_occl_20261006_205337,19.2593,1791287071065858560,0,,,0.000000,LOST,0.00000,0.00000,rad/s
p4_occl_20261006_205337,19.2900,1791287071099217408,0,,,0.000000,LOST,0.00000,0.00000,rad/s
p4_occl_20261006_205337,19.3246,1791287071132576256,0,,,0.000000,LOST,0.00000,0.00000,rad/s
p4_occl_20261006_205337,19.3583,1791287071165934848,0,,,0.000000,LOST,0.00000,0.00000,rad/s
p4_occl_20261006_205337,19.3914,1791287071199291648,0,,,0.000000,LOST,0.00000,0.00000,rad/s
p4_occl_20261006_205337,19.4242,1791287071232648704,0,,,0.000000,LOST,0.00000,0.00000,rad/s
p4_occl_20261006_205337,19.4542,1791287071266005248,0,,,0.000000,LOST,0.00000,0.00000,rad/s
p4_occl_20261006_205337,19.4862,1791287071299362304,0,,,0.000000,LOST,0.00000,0.00000,rad/s
p4_occl_20261006_205337,19.5221,1791287071332719104,0,,,0.000000,LOST,0.00000,0.00000,rad/s
p4_occl_20261006_205337,19.5582,1791287071366075904,0,,,0.000000,LOST,0.00000,0.00000,rad/s
p4_occl_20261006_205337,19.5937,1791287071399432704,0,,,0.000000,LOST,0.00000,0.00000,rad/s
p4_occl_20261006_205337,19.6270,1791287071432789504,0,,,0.000000,LOST,0.00000,0.00000,rad/s
p4_occl_20261006_205337,19.6607,1791287071466146304,0,,,0.000000,LOST,0.00000,0.00000,rad/s
p4_occl_20261006_205337,19.6945,1791287071499503104,0,,,0.000000,LOST,0.00000,0.00000,rad/s
p4_occl_20261006_205337,19.7264,1791287071532859904,0,,,0.000000,LOST,0.00000,0.00000,rad/s
p4_occl_20261006_205337,19.7618,1791287071566216448,0,,,0.000000,LOST,0.00000,0.00000,rad/s
p4_occl_20261006_205337,19.7944,1791287071599573504,0,,,0.000000,LOST,0.00000,0.00000,rad/s
p4_occl_20261006_205337,19.8281,1791287071632930048,0,,,0.000000,LOST,0.00000,0.00000,rad/s
p4_occl_20261006_205337,19.8644,1791287071666286848,0,,,0.000000,LOST,0.00000,0.00000,rad/s
p4_occl_20261006_205337,19.8942,1791287071699643904,0,,,0.000000,LOST,0.00000,0.00000,rad/s
p4_occl_20261006_205337,19.9284,1791287071733000448,0,,,0.000000,LOST,0.00000,0.00000,rad/s
p4_occl_20261006_205337,19.9629,1791287071766357248,0,,,0.000000,LOST,0.00000,0.00000,rad/s
p4_occl_20261006_205337,19.9962,1791287071799713792,0,,,0.000000,LOST,0.00000,0.00000,rad/s
p4_occl_20261006_205337,20.0289,1791287071833070592,0,,,0.000000,LOST,0.00000,0.00000,rad/s
p4_occl_20261006_205337,20.0645,1791287071866427392,0,,,0.000000,LOST,0.00000,0.00000,rad/s
p4_occl_20261006_205337,20.0951,1791287071899784192,0,,,0.000000,LOST,0.00000,0.00000,rad/s
p4_occl_20261006_205337,20.1262,1791287071933140992,0,,,0.000000,LOST,0.00000,0.00000,rad/s
p4_occl_20261006_205337,20.1625,1791287071966497536,0,,,0.000000,LOST,0.00000,0.00000,rad/s
p4_occl_20261006_205337,20.1962,1791287071999854336,0,,,0.000000,LOST,0.00000,0.00000,rad/s
p4_occl_20261006_205337,20.2291,1791287072033210880,0,,,0.000000,LOST,0.00000,0.00000,rad/s
p4_occl_20261006_205337,20.2613,1791287072066567680,0,,,0.000000,LOST,0.00000,0.00000,rad/s
p4_occl_20261006_205337,20.2946,1791287072099924224,0,,,0.000000,LOST,0.00000,0.00000,rad/s
p4_occl_20261006_205337,20.3259,1791287072133281024,0,,,0.000000,LOST,0.00000,0.00000,rad/s
p4_occl_20261006_205337,20.3624,1791287072166637568,0,,,0.000000,LOST,0.00000,0.00000,rad/s
p4_occl_20261006_205337,20.3945,1791287072199994624,0,,,0.000000,LOST,0.00000,0.00000,rad/s
p4_occl_20261006_205337,20.4288,1791287072233351680,0,,,0.000000,LOST,0.00000,0.00000,rad/s
p4_occl_20261006_205337,20.4646,1791287072266708480,0,,,0.000000,LOST,0.00000,0.00000,rad/s
p4_occl_20261006_205337,20.4965,1791287072300065536,0,,,0.000000,LOST,0.00000,0.00000,rad/s
p4_occl_20261006_205337,20.5287,1791287072333422336,0,,,0.000000,LOST,0.00000,0.00000,rad/s
p4_occl_20261006_205337,20.5647,1791287072366779392,0,,,0.000000,LOST,0.00000,0.00000,rad/s
p4_occl_20261006_205337,20.5946,1791287072400136192,0,,,0.000000,LOST,0.00000,0.00000,rad/s
p4_occl_20261006_205337,20.6296,1791287072433493248,0,,,0.000000,LOST,0.00000,0.00000,rad/s
p4_occl_20261006_205337,20.6626,1791287072466849792,0,,,0.000000,LOST,0.00000,0.00000,rad/s
p4_occl_20261006_205337,20.6961,1791287072500206848,0,,,0.000000,LOST,0.00000,0.00000,rad/s
p4_occl_20261006_205337,20.7294,1791287072533563648,0,,,0.000000,LOST,0.00000,0.00000,rad/s
p4_occl_20261006_205337,20.7633,1791287072566920704,0,,,0.000000,LOST,0.00000,0.00000,rad/s
p4_occl_20261006_205337,20.7963,1791287072600277504,0,,,0.000000,LOST,0.00000,0.00000,rad/s
p4_occl_20261006_205337,20.8326,1791287072633634304,0,,,0.000000,LOST,0.00000,0.00000,rad/s
p4_occl_20261006_205337,20.8643,1791287072666991104,0,,,0.000000,LOST,0.00000,0.00000,rad/s
p4_occl_20261006_205337,20.8987,1791287072700348160,1,0.22811,0.96632,0.004366,LOST,0.00000,0.00000,rad/s
p4_occl_20261006_205337,20.9282,1791287072733704960,1,0.23642,0.94930,0.007109,LOST,0.00000,0.00000,rad/s
p4_occl_20261006_205337,20.9642,1791287072767061760,1,0.24223,0.93343,0.009670,LOST,0.00000,0.00000,rad/s
p4_occl_20261006_205337,20.9959,1791287072800418816,1,0.24691,0.91792,0.012155,LOST,0.00000,0.00000,rad/s
p4_occl_20261006_205337,21.0305,1791287072833775616,1,0.24671,0.90674,0.013958,TRACKING,-0.37037,-0.40000,rad/s
p4_occl_20261006_205337,21.0642,1791287072867132416,1,0.24692,0.89772,0.015428,TRACKING,-0.37037,-0.40000,rad/s
p4_occl_20261006_205337,21.0992,1791287072900489216,1,0.24572,0.89227,0.016285,TRACKING,-0.37006,-0.40000,rad/s
p4_occl_20261006_205337,21.1326,1791287072933846016,1,0.24354,0.88680,0.017214,TRACKING,-0.36858,-0.40000,rad/s
p4_occl_20261006_205337,21.1642,1791287072967202816,1,0.24222,0.88139,0.018058,TRACKING,-0.36531,-0.40000,rad/s
p4_occl_20261006_205337,21.1959,1791287073000559616,1,0.24193,0.87512,0.019058,TRACKING,-0.36531,-0.40000,rad/s
p4_occl_20261006_205337,21.2305,1791287073033916416,1,0.24036,0.86623,0.020623,TRACKING,-0.36290,-0.40000,rad/s
p4_occl_20261006_205337,21.2635,1791287073067273216,1,0.24094,0.84188,0.023049,TRACKING,-0.36054,-0.40000,rad/s
p4_occl_20261006_205337,21.2977,1791287073100630016,1,0.23790,0.79952,0.021927,TRACKING,-0.36054,-0.40000,rad/s
p4_occl_20261006_205337,21.3295,1791287073133986816,1,0.23142,0.74844,0.021493,TRACKING,-0.35685,-0.40000,rad/s
p4_occl_20261006_205337,21.3635,1791287073167343872,1,0.22144,0.69774,0.021172,TRACKING,-0.34713,-0.40000,rad/s
p4_occl_20261006_205337,21.3989,1791287073200700672,1,0.21033,0.63829,0.020870,TRACKING,-0.34713,-0.40000,rad/s
p4_occl_20261006_205337,21.4284,1791287073234057728,1,0.19897,0.57839,0.020493,TRACKING,-0.31550,-0.40000,rad/s
p4_occl_20261006_205337,21.4670,1791287073267414528,1,0.18415,0.51888,0.020343,TRACKING,-0.29845,-0.40000,rad/s
p4_occl_20261006_205337,21.4960,1791287073300771840,1,0.16917,0.46717,0.020247,TRACKING,-0.29845,-0.40000,rad/s
p4_occl_20261006_205337,21.5299,1791287073334128640,1,0.15221,0.41980,0.020171,TRACKING,-0.25376,-0.37374,rad/s
p4_occl_20261006_205337,21.5645,1791287073367485696,1,0.13496,0.38626,0.020588,TRACKING,-0.25376,-0.37374,rad/s
p4_occl_20261006_205337,21.5989,1791287073400842496,1,0.11885,0.36144,0.020809,TRACKING,-0.22832,-0.33584,rad/s
p4_occl_20261006_205337,21.6295,1791287073434199552,1,0.10385,0.34470,0.020955,TRACKING,-0.17827,-0.28915,rad/s
p4_occl_20261006_205337,21.6649,1791287073467556352,1,0.09116,0.33461,0.021016,TRACKING,-0.15578,-0.27576,rad/s
p4_occl_20261006_205337,21.6989,1791287073500913408,1,0.07948,0.33510,0.020822,TRACKING,-0.15578,-0.27576,rad/s
p4_occl_20261006_205337,21.7293,1791287073534270208,1,0.07027,0.33604,0.021031,TRACKING,-0.11922,-0.26808,rad/s
p4_occl_20261006_205337,21.7660,1791287073567627264,1,0.06442,0.34305,0.021259,TRACKING,-0.10540,-0.26883,rad/s
p4_occl_20261006_205337,21.7982,1791287073600984064,1,0.05903,0.35222,0.021176,TRACKING,-0.10540,-0.26883,rad/s
p4_occl_20261006_205337,21.8297,1791287073634341120,1,0.05461,0.36023,0.021361,TRACKING,-0.08854,-0.28178,rad/s
p4_occl_20261006_205337,21.8654,1791287073667697920,1,0.04640,0.36619,0.021573,TRACKING,-0.08191,-0.28818,rad/s
p4_occl_20261006_205337,21.8979,1791287073701054976,1,0.04211,0.37612,0.021838,TRACKING,-0.08191,-0.28818,rad/s
p4_occl_20261006_205337,21.9325,1791287073734411776,1,0.03869,0.38984,0.021884,TRACKING,0.00000,-0.30090,rad/s
p4_occl_20261006_205337,21.9643,1791287073767768832,1,0.03697,0.40660,0.021966,TRACKING,0.00000,-0.31187,rad/s
p4_occl_20261006_205337,21.9992,1791287073801125632,1,0.03718,0.42526,0.022311,TRACKING,0.00000,-0.31187,rad/s
p4_occl_20261006_205337,22.0294,1791287073834482688,1,0.04045,0.43973,0.022248,TRACKING,0.00000,-0.34021,rad/s
p4_occl_20261006_205337,22.0666,1791287073867839488,1,0.04595,0.45470,0.022174,TRACKING,0.00000,-0.35179,rad/s
p4_occl_20261006_205337,22.0961,1791287073901196544,1,0.05336,0.46475,0.021912,TRACKING,0.00000,-0.35179,rad/s
p4_occl_20261006_205337,22.1302,1791287073934553344,1,0.06393,0.47115,0.021549,TRACKING,-0.08004,-0.37180,rad/s
p4_occl_20261006_205337,22.1644,1791287073967910400,1,0.07811,0.47479,0.021326,TRACKING,-0.08004,-0.37180,rad/s
p4_occl_20261006_205337,22.1992,1791287074001267456,1,0.09221,0.47892,0.021157,TRACKING,-0.09589,-0.37692,rad/s
p4_occl_20261006_205337,22.2288,1791287074034624000,1,0.10768,0.48341,0.021066,TRACKING,-0.13831,-0.38313,rad/s
p4_occl_20261006_205337,22.2653,1791287074067981056,1,0.12132,0.48598,0.020918,TRACKING,-0.16152,-0.38673,rad/s
p4_occl_20261006_205337,22.2976,1791287074101337856,1,0.13422,0.48488,0.020703,TRACKING,-0.16152,-0.38673,rad/s
p4_occl_20261006_205337,22.3311,1791287074134694912,1,0.14674,0.48312,0.020692,TRACKING,-0.20132,-0.38790,rad/s
p4_occl_20261006_205337,22.3661,1791287074168051456,1,0.15529,0.47736,0.020482,TRACKING,-0.22012,-0.38650,rad/s
p4_occl_20261006_205337,22.3980,1791287074201410560,1,0.16072,0.46647,0.020206,TRACKING,-0.22012,-0.38650,rad/s
p4_occl_20261006_205337,22.4310,1791287074234769408,1,0.16327,0.45595,0.020061,TRACKING,-0.24108,-0.37318,rad/s
p4_occl_20261006_205337,22.4686,1791287074268128512,1,0.16280,0.44799,0.020061,TRACKING,-0.24490,-0.36476,rad/s
p4_occl_20261006_205337,22.4958,1791287074301487616,1,0.15822,0.43666,0.020102,TRACKING,-0.24490,-0.36476,rad/s
p4_occl_20261006_205337,22.5312,1791287074334846464,1,0.15024,0.42639,0.020197,TRACKING,-0.23733,-0.34933,rad/s
p4_occl_20261006_205337,22.5656,1791287074368205312,1,0.14103,0.41286,0.020371,TRACKING,-0.22536,-0.34111,rad/s
p4_occl_20261006_205337,22.5992,1791287074401564416,1,0.13338,0.39911,0.020438,TRACKING,-0.22536,-0.34111,rad/s
p4_occl_20261006_205337,22.6287,1791287074434923264,1,0.12665,0.37858,0.020297,TRACKING,-0.20006,-0.31928,rad/s
p4_occl_20261006_205337,22.6677,1791287074468282368,1,0.12207,0.35319,0.020020,TRACKING,-0.18998,-0.30286,rad/s
p4_occl_20261006_205337,22.6997,1791287074501641472,1,0.11851,0.32699,0.019898,TRACKING,-0.18998,-0.30286,rad/s
p4_occl_20261006_205337,22.7308,1791287074535000576,1,0.11575,0.29578,0.019794,TRACKING,-0.17777,-0.26159,rad/s
p4_occl_20261006_205337,22.7665,1791287074568359680,1,0.11357,0.26663,0.019729,TRACKING,-0.17362,-0.23662,rad/s
p4_occl_20261006_205337,22.8000,1791287074601718528,1,0.11316,0.23716,0.019605,TRACKING,-0.17362,-0.23662,rad/s
p4_occl_20261006_205337,22.8305,1791287074635077632,1,0.11968,0.20638,0.019247,TRACKING,-0.16974,-0.18973,rad/s
p4_occl_20261006_205337,22.8649,1791287074668436736,1,0.12899,0.16771,0.018867,TRACKING,-0.17952,-0.16510,rad/s
p4_occl_20261006_205337,22.8979,1791287074701795584,1,0.13879,0.12637,0.018559,TRACKING,-0.17952,-0.16510,rad/s
p4_occl_20261006_205337,22.9319,1791287074735154688,1,0.15090,0.08806,0.017986,TRACKING,-0.20819,-0.10109,rad/s
p4_occl_20261006_205337,22.9663,1791287074768513792,1,0.16412,0.05043,0.017476,TRACKING,-0.22634,-0.07045,rad/s
p4_occl_20261006_205337,22.9988,1791287074801873152,1,0.17764,0.01470,0.017064,TRACKING,-0.22634,-0.07045,rad/s
p4_occl_20261006_205337,23.0322,1791287074835232256,1,0.19157,-0.02393,0.016324,TRACKING,-0.26646,0.00000,rad/s
p4_occl_20261006_205337,23.0665,1791287074868591360,1,0.20639,-0.06330,0.016022,TRACKING,-0.28735,0.00000,rad/s
p4_occl_20261006_205337,23.0990,1791287074901950464,1,0.22036,-0.09967,0.015985,TRACKING,-0.28735,0.00000,rad/s
p4_occl_20261006_205337,23.1332,1791287074935309568,1,0.23360,-0.13101,0.016298,TRACKING,-0.33054,0.07974,rad/s
p4_occl_20261006_205337,23.1667,1791287074968668672,1,0.24426,-0.15444,0.016645,TRACKING,-0.35040,0.10481,rad/s
p4_occl_20261006_205337,23.1974,1791287075002027776,1,0.25217,-0.17132,0.017086,TRACKING,-0.35040,0.10481,rad/s
p4_occl_20261006_205337,23.2325,1791287075035387136,1,0.26186,-0.18509,0.016962,TRACKING,-0.37826,0.13705,rad/s
p4_occl_20261006_205337,23.2674,1791287075068746240,1,0.27195,-0.19640,0.017387,TRACKING,-0.39280,0.14807,rad/s
p4_occl_20261006_205337,23.2980,1791287075102105344,1,0.28225,-0.21060,0.016712,TRACKING,-0.39280,0.14807,rad/s
p4_occl_20261006_205337,23.3320,1791287075135464704,1,0.29304,-0.22297,0.017426,TRACKING,-0.42338,0.16848,rad/s
p4_occl_20261006_205337,23.3661,1791287075168824064,1,0.30401,-0.23944,0.017669,TRACKING,-0.43956,0.17837,rad/s
p4_occl_20261006_205337,23.3988,1791287075202181120,1,0.31469,-0.25231,0.017602,TRACKING,-0.43956,0.17837,rad/s
p4_occl_20261006_205337,23.4303,1791287075235538688,1,0.32539,-0.27117,0.018040,TRACKING,-0.47204,0.20184,rad/s
p4_occl_20261006_205337,23.4662,1791287075268896000,1,0.33624,-0.28658,0.018216,TRACKING,-0.48808,0.21693,rad/s
p4_occl_20261006_205337,23.4978,1791287075302253056,1,0.34690,-0.30020,0.018088,TRACKING,-0.48808,0.21693,rad/s
p4_occl_20261006_205337,23.5336,1791287075335610624,1,0.35631,-0.31573,0.018023,TRACKING,-0.52035,0.24016,rad/s
p4_occl_20261006_205337,23.5638,1791287075368967936,1,0.36230,-0.32787,0.018158,TRACKING,-0.53446,0.25258,rad/s
p4_occl_20261006_205337,23.6001,1791287075402325504,1,0.36572,-0.33758,0.018186,TRACKING,-0.53446,0.25258,rad/s
p4_occl_20261006_205337,23.6301,1791287075435682560,1,0.37048,-0.34181,0.018003,TRACKING,-0.54858,0.27007,rad/s
p4_occl_20261006_205337,23.6662,1791287075469040128,1,0.37231,-0.34613,0.017595,TRACKING,-0.55572,0.27345,rad/s
p4_occl_20261006_205337,23.7009,1791287075502397440,1,0.37233,-0.35391,0.017331,TRACKING,-0.55572,0.27345,rad/s
p4_occl_20261006_205337,23.7301,1791287075535754752,1,0.37053,-0.35862,0.017125,TRACKING,-0.55849,0.28312,rad/s
p4_occl_20261006_205337,23.7672,1791287075569112064,1,0.36572,-0.36116,0.016819,TRACKING,-0.55579,0.28690,rad/s
p4_occl_20261006_205337,23.7988,1791287075602469376,1,0.35947,-0.35564,0.016380,TRACKING,-0.55579,0.28690,rad/s
p4_occl_20261006_205337,23.8318,1791287075635826944,1,0.35435,-0.35196,0.016026,TRACKING,-0.53921,0.28451,rad/s
p4_occl_20261006_205337,23.8679,1791287075669184000,1,0.34893,-0.35071,0.015731,TRACKING,-0.53152,0.28157,rad/s
p4_occl_20261006_205337,23.8989,1791287075702541568,1,0.34593,-0.35312,0.015263,TRACKING,-0.53152,0.28157,rad/s
p4_occl_20261006_205337,23.9299,1791287075735898880,1,0.33982,-0.35345,0.015089,TRACKING,-0.51889,0.28249,rad/s
p4_occl_20261006_205337,23.9673,1791287075769256192,1,0.32884,-0.34866,0.014462,TRACKING,-0.50973,0.28276,rad/s
p4_occl_20261006_205337,23.9999,1791287075802613504,1,0.31038,-0.33279,0.014010,TRACKING,-0.50973,0.28276,rad/s
p4_occl_20261006_205337,24.0308,1791287075835971072,1,0.29055,-0.31508,0.013557,TRACKING,-0.46557,0.26623,rad/s
p4_occl_20261006_205337,24.0673,1791287075869328384,1,0.26599,-0.29165,0.013125,TRACKING,-0.43583,0.25207,rad/s
p4_occl_20261006_205337,24.0988,1791287075902685440,1,0.23801,-0.26652,0.013075,TRACKING,-0.43583,0.25207,rad/s
p4_occl_20261006_205337,24.1328,1791287075936043008,1,0.20706,-0.24150,0.012828,TRACKING,-0.35701,0.21322,rad/s
p4_occl_20261006_205337,24.1698,1791287075969400320,1,0.17251,-0.21364,0.012873,TRACKING,-0.31059,0.19320,rad/s
p4_occl_20261006_205337,24.1978,1791287076002757888,1,0.13433,-0.18507,0.013153,TRACKING,-0.31059,0.19320,rad/s
p4_occl_20261006_205337,24.2296,1791287076036114944,1,0.09445,-0.15644,0.013407,TRACKING,-0.20150,0.14805,rad/s
p4_occl_20261006_205337,24.2672,1791287076069472512,1,0.05155,-0.13355,0.013767,TRACKING,-0.14167,0.12515,rad/s
p4_occl_20261006_205337,24.2990,1791287076102829824,1,0.00701,-0.10746,0.014147,TRACKING,-0.14167,0.12515,rad/s
p4_occl_20261006_205337,24.3311,1791287076136187136,1,-0.03918,-0.08200,0.014664,TRACKING,0.00000,0.08597,rad/s
p4_occl_20261006_205337,24.3667,1791287076169544448,1,-0.08759,-0.05597,0.015117,TRACKING,0.00000,0.06560,rad/s
p4_occl_20261006_205337,24.4016,1791287076202902272,1,-0.13629,-0.03094,0.015773,TRACKING,0.00000,0.06560,rad/s
p4_occl_20261006_205337,24.4325,1791287076236260096,1,-0.18538,-0.00408,0.016474,TRACKING,0.20443,0.00000,rad/s
p4_occl_20261006_205337,24.4697,1791287076269617920,1,-0.23833,0.02161,0.017595,TRACKING,0.27807,0.00000,rad/s
p4_occl_20261006_205337,24.4980,1791287076302975488,1,-0.28783,0.04790,0.018930,TRACKING,0.27807,0.00000,rad/s
p4_occl_20261006_205337,24.5337,1791287076336333568,1,-0.33392,0.06744,0.020310,TRACKING,0.43174,0.00000,rad/s
p4_occl_20261006_205337,24.5685,1791287076369691136,1,-0.37657,0.08383,0.021849,TRACKING,0.50089,-0.05396,rad/s
p4_occl_20261006_205337,24.5988,1791287076403048960,1,-0.42229,0.09569,0.023366,TRACKING,0.50089,-0.05396,rad/s
p4_occl_20261006_205337,24.6344,1791287076436406784,1,-0.46774,0.11030,0.024952,TRACKING,0.60000,-0.07655,rad/s
p4_occl_20261006_205337,24.6673,1791287076469764608,1,-0.50776,0.11398,0.026556,TRACKING,0.60000,-0.08824,rad/s
p4_occl_20261006_205337,24.6994,1791287076503122432,1,-0.54723,0.12547,0.028040,TRACKING,0.60000,-0.08824,rad/s
p4_occl_20261006_205337,24.7334,1791287076536480256,1,-0.58403,0.13154,0.029937,TRACKING,0.60000,-0.10038,rad/s
p4_occl_20261006_205337,24.7672,1791287076569838080,1,-0.61462,0.13373,0.031278,TRACKING,0.60000,-0.10523,rad/s
p4_occl_20261006_205337,24.8002,1791287076603195904,1,-0.64075,0.13227,0.033036,TRACKING,0.60000,-0.10523,rad/s
p4_occl_20261006_205337,24.8333,1791287076636553728,1,-0.65883,0.13098,0.034507,TRACKING,0.60000,-0.10582,rad/s
p4_occl_20261006_205337,24.8675,1791287076669911552,1,-0.66984,0.12794,0.035243,TRACKING,0.60000,-0.10479,rad/s
p4_occl_20261006_205337,24.8991,1791287076703269376,1,-0.67303,0.12560,0.035697,TRACKING,0.60000,-0.10479,rad/s
p4_occl_20261006_205337,24.9324,1791287076736627200,1,-0.67303,0.11609,0.036079,TRACKING,0.60000,-0.10048,rad/s
p4_occl_20261006_205337,24.9679,1791287076769985024,1,-0.66524,0.11155,0.035959,TRACKING,0.60000,-0.09288,rad/s
p4_occl_20261006_205337,25.0005,1791287076803342848,1,-0.65115,0.10681,0.035933,TRACKING,0.60000,-0.09288,rad/s
p4_occl_20261006_205337,25.0312,1791287076836700672,1,-0.63308,0.10341,0.035799,TRACKING,0.60000,-0.08545,rad/s
p4_occl_20261006_205337,25.0686,1791287076870058496,1,-0.61616,0.09970,0.035519,TRACKING,0.60000,-0.08273,rad/s
p4_occl_20261006_205337,25.0991,1791287076903416576,1,-0.59562,0.09046,0.034831,TRACKING,0.60000,-0.08273,rad/s
p4_occl_20261006_205337,25.1333,1791287076936774144,1,-0.56797,0.07688,0.034204,TRACKING,0.60000,-0.07237,rad/s
p4_occl_20261006_205337,25.1684,1791287076970131968,1,-0.53239,0.05910,0.032893,TRACKING,0.60000,-0.06150,rad/s
p4_occl_20261006_205337,25.1991,1791287077003490048,1,-0.48576,0.03398,0.031536,TRACKING,0.60000,-0.06150,rad/s
p4_occl_20261006_205337,25.2336,1791287077036847872,1,-0.43761,0.00961,0.030130,TRACKING,0.60000,0.00000,rad/s
p4_occl_20261006_205337,25.2669,1791287077070205696,1,-0.39279,-0.01890,0.028980,TRACKING,0.60000,0.00000,rad/s
p4_occl_20261006_205337,25.3025,1791287077103563776,1,-0.35104,-0.04447,0.027904,TRACKING,0.60000,0.00000,rad/s
p4_occl_20261006_205337,25.3307,1791287077136921600,1,-0.31466,-0.06550,0.027148,TRACKING,0.52657,0.00000,rad/s
p4_occl_20261006_205337,25.3632,1791287077170279424,0,,,0.000000,TRACKING,0.52657,0.00000,rad/s
p4_occl_20261006_205337,25.3944,1791287077203636736,0,,,0.000000,TRACKING,0.47199,0.05240,rad/s
p4_occl_20261006_205337,25.4276,1791287077236993792,0,,,0.000000,LOST,0.00000,0.00000,rad/s
p4_occl_20261006_205337,25.4611,1791287077270351104,0,,,0.000000,LOST,0.00000,0.00000,rad/s
p4_occl_20261006_205337,25.4915,1791287077303708160,0,,,0.000000,LOST,0.00000,0.00000,rad/s
p4_occl_20261006_205337,25.5261,1791287077337065472,0,,,0.000000,LOST,0.00000,0.00000,rad/s
p4_occl_20261006_205337,25.5598,1791287077370422528,0,,,0.000000,LOST,0.00000,0.00000,rad/s
p4_occl_20261006_205337,25.5900,1791287077403779840,0,,,0.000000,LOST,0.00000,0.00000,rad/s
p4_occl_20261006_205337,25.6267,1791287077437136896,0,,,0.000000,LOST,0.00000,0.00000,rad/s
p4_occl_20261006_205337,25.6614,1791287077470494464,0,,,0.000000,LOST,0.00000,0.00000,rad/s
p4_occl_20261006_205337,25.6909,1791287077503851520,0,,,0.000000,LOST,0.00000,0.00000,rad/s
p4_occl_20261006_205337,25.7282,1791287077537208832,0,,,0.000000,LOST,0.00000,0.00000,rad/s
p4_occl_20261006_205337,25.7610,1791287077570565888,0,,,0.000000,LOST,0.00000,0.00000,rad/s
p4_occl_20261006_205337,25.7916,1791287077603923200,0,,,0.000000,LOST,0.00000,0.00000,rad/s
p4_occl_20261006_205337,25.8269,1791287077637280256,0,,,0.000000,LOST,0.00000,0.00000,rad/s
p4_occl_20261006_205337,25.8607,1791287077670637568,0,,,0.000000,LOST,0.00000,0.00000,rad/s
p4_occl_20261006_205337,25.8911,1791287077703994624,0,,,0.000000,LOST,0.00000,0.00000,rad/s
p4_occl_20261006_205337,25.9265,1791287077737351680,0,,,0.000000,LOST,0.00000,0.00000,rad/s
p4_occl_20261006_205337,25.9601,1791287077770709248,0,,,0.000000,LOST,0.00000,0.00000,rad/s
p4_occl_20261006_205337,25.9914,1791287077804066304,0,,,0.000000,LOST,0.00000,0.00000,rad/s
p4_occl_20261006_205337,26.0274,1791287077837423616,0,,,0.000000,LOST,0.00000,0.00000,rad/s
p4_occl_20261006_205337,26.0611,1791287077870780672,0,,,0.000000,LOST,0.00000,0.00000,rad/s
p4_occl_20261006_205337,26.0918,1791287077904137984,0,,,0.000000,LOST,0.00000,0.00000,rad/s
p4_occl_20261006_205337,26.1278,1791287077937495040,0,,,0.000000,LOST,0.00000,0.00000,rad/s
p4_occl_20261006_205337,26.1607,1791287077970852352,0,,,0.000000,LOST,0.00000,0.00000,rad/s
p4_occl_20261006_205337,26.1919,1791287078004209408,0,,,0.000000,LOST,0.00000,0.00000,rad/s
p4_occl_20261006_205337,26.2267,1791287078037566720,0,,,0.000000,LOST,0.00000,0.00000,rad/s
p4_occl_20261006_205337,26.2606,1791287078070923776,0,,,0.000000,LOST,0.00000,0.00000,rad/s
p4_occl_20261006_205337,26.2910,1791287078104281088,0,,,0.000000,LOST,0.00000,0.00000,rad/s
p4_occl_20261006_205337,26.3271,1791287078137638400,0,,,0.000000,LOST,0.00000,0.00000,rad/s
p4_occl_20261006_205337,26.3613,1791287078170995712,0,,,0.000000,LOST,0.00000,0.00000,rad/s
p4_occl_20261006_205337,26.3943,1791287078204353280,0,,,0.000000,LOST,0.00000,0.00000,rad/s
p4_occl_20261006_205337,26.4273,1791287078237711104,0,,,0.000000,LOST,0.00000,0.00000,rad/s
p4_occl_20261006_205337,26.4633,1791287078271068928,0,,,0.000000,LOST,0.00000,0.00000,rad/s
p4_occl_20261006_205337,26.4919,1791287078304426752,0,,,0.000000,LOST,0.00000,0.00000,rad/s
p4_occl_20261006_205337,26.5276,1791287078337784320,0,,,0.000000,LOST,0.00000,0.00000,rad/s
p4_occl_20261006_205337,26.5614,1791287078371142400,0,,,0.000000,LOST,0.00000,0.00000,rad/s
p4_occl_20261006_205337,26.5933,1791287078404499968,0,,,0.000000,LOST,0.00000,0.00000,rad/s
p4_occl_20261006_205337,26.6274,1791287078437857792,0,,,0.000000,LOST,0.00000,0.00000,rad/s
p4_occl_20261006_205337,26.6609,1791287078471215616,0,,,0.000000,LOST,0.00000,0.00000,rad/s
p4_occl_20261006_205337,26.6942,1791287078504573440,0,,,0.000000,LOST,0.00000,0.00000,rad/s
p4_occl_20261006_205337,26.7278,1791287078537931520,0,,,0.000000,LOST,0.00000,0.00000,rad/s
p4_occl_20261006_205337,26.7601,1791287078571289088,0,,,0.000000,LOST,0.00000,0.00000,rad/s
p4_occl_20261006_205337,26.7916,1791287078604646912,0,,,0.000000,LOST,0.00000,0.00000,rad/s
p4_occl_20261006_205337,26.8282,1791287078638004736,0,,,0.000000,LOST,0.00000,0.00000,rad/s
p4_occl_20261006_205337,26.8613,1791287078671362560,0,,,0.000000,LOST,0.00000,0.00000,rad/s
p4_occl_20261006_205337,26.8943,1791287078704720384,0,,,0.000000,LOST,0.00000,0.00000,rad/s
p4_occl_20261006_205337,26.9289,1791287078738078208,0,,,0.000000,LOST,0.00000,0.00000,rad/s
p4_occl_20261006_205337,26.9610,1791287078771436032,0,,,0.000000,LOST,0.00000,0.00000,rad/s
p4_occl_20261006_205337,26.9908,1791287078804793856,0,,,0.000000,LOST,0.00000,0.00000,rad/s
p4_occl_20261006_205337,27.0275,1791287078838151680,0,,,0.000000,LOST,0.00000,0.00000,rad/s
p4_occl_20261006_205337,27.0608,1791287078871509504,0,,,0.000000,LOST,0.00000,0.00000,rad/s
p4_occl_20261006_205337,27.0911,1791287078904867328,0,,,0.000000,LOST,0.00000,0.00000,rad/s
p4_occl_20261006_205337,27.1277,1791287078938225152,0,,,0.000000,LOST,0.00000,0.00000,rad/s
p4_occl_20261006_205337,27.1627,1791287078971582976,0,,,0.000000,LOST,0.00000,0.00000,rad/s
p4_occl_20261006_205337,27.1938,1791287079004940800,0,,,0.000000,LOST,0.00000,0.00000,rad/s
p4_occl_20261006_205337,27.2273,1791287079038298880,0,,,0.000000,LOST,0.00000,0.00000,rad/s
p4_occl_20261006_205337,27.2620,1791287079071656448,0,,,0.000000,LOST,0.00000,0.00000,rad/s
p4_occl_20261006_205337,27.2918,1791287079105014528,0,,,0.000000,LOST,0.00000,0.00000,rad/s
p4_occl_20261006_205337,27.3283,1791287079138372352,0,,,0.000000,LOST,0.00000,0.00000,rad/s
p4_occl_20261006_205337,27.3611,1791287079171730176,0,,,0.000000,LOST,0.00000,0.00000,rad/s
p4_occl_20261006_205337,27.3917,1791287079205088000,0,,,0.000000,LOST,0.00000,0.00000,rad/s
p4_occl_20261006_205337,27.4275,1791287079238445824,0,,,0.000000,LOST,0.00000,0.00000,rad/s
p4_occl_20261006_205337,27.4621,1791287079271803392,0,,,0.000000,LOST,0.00000,0.00000,rad/s
p4_occl_20261006_205337,27.4920,1791287079305161472,0,,,0.000000,LOST,0.00000,0.00000,rad/s
p4_occl_20261006_205337,27.5302,1791287079338519296,0,,,0.000000,LOST,0.00000,0.00000,rad/s
p4_occl_20261006_205337,27.5611,1791287079371876864,0,,,0.000000,LOST,0.00000,0.00000,rad/s
p4_occl_20261006_205337,27.5920,1791287079405234944,0,,,0.000000,LOST,0.00000,0.00000,rad/s
p4_occl_20261006_205337,27.6277,1791287079438592512,0,,,0.000000,LOST,0.00000,0.00000,rad/s
p4_occl_20261006_205337,27.6641,1791287079471950336,0,,,0.000000,LOST,0.00000,0.00000,rad/s
p4_occl_20261006_205337,27.6942,1791287079505308160,0,,,0.000000,LOST,0.00000,0.00000,rad/s
p4_occl_20261006_205337,27.7283,1791287079538665984,0,,,0.000000,LOST,0.00000,0.00000,rad/s
p4_occl_20261006_205337,27.7612,1791287079572023808,0,,,0.000000,LOST,0.00000,0.00000,rad/s
p4_occl_20261006_205337,27.7943,1791287079605381632,0,,,0.000000,LOST,0.00000,0.00000,rad/s
p4_occl_20261006_205337,27.8281,1791287079638739456,0,,,0.000000,LOST,0.00000,0.00000,rad/s
p4_occl_20261006_205337,27.8625,1791287079672097536,0,,,0.000000,LOST,0.00000,0.00000,rad/s
p4_occl_20261006_205337,27.8943,1791287079705455104,0,,,0.000000,LOST,0.00000,0.00000,rad/s
p4_occl_20261006_205337,27.9276,1791287079738812928,0,,,0.000000,LOST,0.00000,0.00000,rad/s
p4_occl_20261006_205337,27.9616,1791287079772170752,0,,,0.000000,LOST,0.00000,0.00000,rad/s
p4_occl_20261006_205337,27.9945,1791287079805528576,0,,,0.000000,LOST,0.00000,0.00000,rad/s
p4_occl_20261006_205337,28.0283,1791287079838886400,0,,,0.000000,LOST,0.00000,0.00000,rad/s
p4_occl_20261006_205337,28.0624,1791287079872244224,0,,,0.000000,LOST,0.00000,0.00000,rad/s
p4_occl_20261006_205337,28.0938,1791287079905602048,0,,,0.000000,LOST,0.00000,0.00000,rad/s
p4_occl_20261006_205337,28.1263,1791287079938959872,0,,,0.000000,LOST,0.00000,0.00000,rad/s
p4_occl_20261006_205337,28.1601,1791287079972317696,0,,,0.000000,LOST,0.00000,0.00000,rad/s
p4_occl_20261006_205337,28.1943,1791287080005675520,0,,,0.000000,LOST,0.00000,0.00000,rad/s
p4_occl_20261006_205337,28.2285,1791287080039033344,0,,,0.000000,LOST,0.00000,0.00000,rad/s
p4_occl_20261006_205337,28.2615,1791287080072391424,0,,,0.000000,LOST,0.00000,0.00000,rad/s
p4_occl_20261006_205337,28.2919,1791287080105748992,0,,,0.000000,LOST,0.00000,0.00000,rad/s
p4_occl_20261006_205337,28.3285,1791287080139106816,0,,,0.000000,LOST,0.00000,0.00000,rad/s
p4_occl_20261006_205337,28.3618,1791287080172464896,0,,,0.000000,LOST,0.00000,0.00000,rad/s
p4_occl_20261006_205337,28.3938,1791287080205822208,0,,,0.000000,LOST,0.00000,0.00000,rad/s
p4_occl_20261006_205337,28.4291,1791287080239179520,0,,,0.000000,LOST,0.00000,0.00000,rad/s
p4_occl_20261006_205337,28.4624,1791287080272536832,0,,,0.000000,LOST,0.00000,0.00000,rad/s
p4_occl_20261006_205337,28.4944,1791287080305894400,0,,,0.000000,LOST,0.00000,0.00000,rad/s
p4_occl_20261006_205337,28.5288,1791287080339251712,0,,,0.000000,LOST,0.00000,0.00000,rad/s
p4_occl_20261006_205337,28.5624,1791287080372609024,0,,,0.000000,LOST,0.00000,0.00000,rad/s
p4_occl_20261006_205337,28.5945,1791287080405966336,0,,,0.000000,LOST,0.00000,0.00000,rad/s
p4_occl_20261006_205337,28.6285,1791287080439323648,0,,,0.000000,LOST,0.00000,0.00000,rad/s
p4_occl_20261006_205337,28.6606,1791287080472681216,0,,,0.000000,LOST,0.00000,0.00000,rad/s
p4_occl_20261006_205337,28.6946,1791287080506038528,0,,,0.000000,LOST,0.00000,0.00000,rad/s
p4_occl_20261006_205337,28.7294,1791287080539395840,0,,,0.000000,LOST,0.00000,0.00000,rad/s
p4_occl_20261006_205337,28.7623,1791287080572753152,0,,,0.000000,LOST,0.00000,0.00000,rad/s
p4_occl_20261006_205337,28.7944,1791287080606110720,0,,,0.000000,LOST,0.00000,0.00000,rad/s
p4_occl_20261006_205337,28.8286,1791287080639467776,0,,,0.000000,LOST,0.00000,0.00000,rad/s
p4_occl_20261006_205337,28.8619,1791287080672825088,0,,,0.000000,LOST,0.00000,0.00000,rad/s
p4_occl_20261006_205337,28.8938,1791287080706182400,0,,,0.000000,LOST,0.00000,0.00000,rad/s
p4_occl_20261006_205337,28.9289,1791287080739539712,0,,,0.000000,LOST,0.00000,0.00000,rad/s
p4_occl_20261006_205337,28.9608,1791287080772897280,0,,,0.000000,LOST,0.00000,0.00000,rad/s
p4_occl_20261006_205337,28.9945,1791287080806254336,0,,,0.000000,LOST,0.00000,0.00000,rad/s
p4_occl_20261006_205337,29.0310,1791287080839611904,0,,,0.000000,LOST,0.00000,0.00000,rad/s
p4_occl_20261006_205337,29.0639,1791287080872968960,0,,,0.000000,LOST,0.00000,0.00000,rad/s
p4_occl_20261006_205337,29.0996,1791287080906326528,0,,,0.000000,LOST,0.00000,0.00000,rad/s
p4_occl_20261006_205337,29.1350,1791287080939683584,1,-0.33460,0.02204,0.011070,LOST,0.00000,0.00000,rad/s
p4_occl_20261006_205337,29.1670,1791287080973040896,1,-0.34045,-0.01081,0.013687,LOST,0.00000,0.00000,rad/s
p4_occl_20261006_205337,29.2020,1791287081006398208,1,-0.34632,0.00163,0.013668,LOST,0.00000,0.00000,rad/s
p4_occl_20261006_205337,29.2357,1791287081039755264,1,-0.35417,0.01285,0.013633,TRACKING,0.51947,0.00000,rad/s
p4_occl_20261006_205337,29.2710,1791287081073112832,1,-0.36055,0.01979,0.013550,TRACKING,0.53125,0.00000,rad/s
p4_occl_20261006_205337,29.3033,1791287081106469888,1,-0.36625,0.02579,0.013526,TRACKING,0.53125,0.00000,rad/s
p4_occl_20261006_205337,29.3376,1791287081139827456,1,-0.37333,0.03093,0.013561,TRACKING,0.54937,0.00000,rad/s
p4_occl_20261006_205337,29.3688,1791287081173184512,1,-0.38125,0.03553,0.013728,TRACKING,0.55999,0.00000,rad/s
p4_occl_20261006_205337,29.4028,1791287081206541824,1,-0.38842,0.04107,0.013761,TRACKING,0.55999,0.00000,rad/s
p4_occl_20261006_205337,29.4371,1791287081239898880,1,-0.39506,0.04185,0.013832,TRACKING,0.58262,0.00000,rad/s
p4_occl_20261006_205337,29.4694,1791287081273256448,1,-0.39730,0.04119,0.013815,TRACKING,0.59258,0.00000,rad/s
p4_occl_20261006_205337,29.5015,1791287081306613504,1,-0.39946,0.04404,0.013932,TRACKING,0.59258,0.00000,rad/s
p4_occl_20261006_205337,29.5367,1791287081339970816,1,-0.39861,0.04760,0.014086,TRACKING,0.59919,0.00000,rad/s
p4_occl_20261006_205337,29.5693,1791287081373327872,1,-0.39561,0.05301,0.014112,TRACKING,0.59792,0.00000,rad/s
p4_occl_20261006_205337,29.6027,1791287081406685184,1,-0.39117,0.05719,0.014223,TRACKING,0.59792,0.00000,rad/s
p4_occl_20261006_205337,29.6369,1791287081440042240,1,-0.38182,0.06310,0.014316,TRACKING,0.58675,-0.04575,rad/s
p4_occl_20261006_205337,29.6703,1791287081473399552,1,-0.36964,0.06812,0.014280,TRACKING,0.57273,-0.05048,rad/s
p4_occl_20261006_205337,29.7042,1791287081506756864,1,-0.35589,0.07160,0.014323,TRACKING,0.57273,-0.05048,rad/s
p4_occl_20261006_205337,29.7368,1791287081540113920,1,-0.33587,0.07854,0.014102,TRACKING,0.53384,-0.05728,rad/s
p4_occl_20261006_205337,29.7702,1791287081573471232,1,-0.31265,0.08096,0.013876,TRACKING,0.50380,-0.06283,rad/s
p4_occl_20261006_205337,29.8038,1791287081606828288,1,-0.28793,0.08121,0.013789,TRACKING,0.50380,-0.06283,rad/s
p4_occl_20261006_205337,29.8364,1791287081640185600,1,-0.26176,0.07844,0.013637,TRACKING,0.43190,-0.06497,rad/s
p4_occl_20261006_205337,29.8723,1791287081673542656,1,-0.23684,0.07101,0.013420,TRACKING,0.39265,-0.06275,rad/s
p4_occl_20261006_205337,29.9034,1791287081706899968,1,-0.21325,0.06311,0.013244,TRACKING,0.39265,-0.06275,rad/s
p4_occl_20261006_205337,29.9363,1791287081740257024,1,-0.18964,0.05026,0.013064,TRACKING,0.31988,-0.05049,rad/s
p4_occl_20261006_205337,29.9678,1791287081773614592,1,-0.16934,0.04373,0.013166,TRACKING,0.28445,-0.04020,rad/s
p4_occl_20261006_205337,30.0023,1791287081806971648,1,-0.14878,0.03633,0.013188,TRACKING,0.28445,-0.04020,rad/s
p4_occl_20261006_205337,30.0346,1791287081840328960,1,-0.13183,0.02818,0.013086,TRACKING,0.22316,0.00000,rad/s
p4_occl_20261006_205337,30.0706,1791287081873686016,1,-0.11889,0.01847,0.013016,TRACKING,0.19775,0.00000,rad/s
p4_occl_20261006_205337,30.1036,1791287081907043328,1,-0.10720,0.00989,0.012980,TRACKING,0.19775,0.00000,rad/s
p4_occl_20261006_205337,30.1374,1791287081940400384,1,-0.09942,0.00980,0.012975,TRACKING,0.16080,0.00000,rad/s
p4_occl_20261006_205337,30.1706,1791287081973757696,1,-0.09297,0.00183,0.013147,TRACKING,0.14913,0.00000,rad/s
p4_occl_20261006_205337,30.2037,1791287082007114752,1,-0.08620,0.00204,0.013349,TRACKING,0.14913,0.00000,rad/s
p4_occl_20261006_205337,30.2384,1791287082040471808,1,-0.08223,-0.00568,0.013483,TRACKING,0.12930,0.00000,rad/s
p4_occl_20261006_205337,30.2691,1791287082073829120,1,-0.08048,-0.00768,0.013698,TRACKING,0.12335,0.00000,rad/s
p4_occl_20261006_205337,30.3033,1791287082107186176,1,-0.08130,-0.01180,0.013817,TRACKING,0.12335,0.00000,rad/s
p4_occl_20261006_205337,30.3378,1791287082140543488,1,-0.08912,-0.01541,0.013980,TRACKING,0.12194,0.00000,rad/s
p4_occl_20261006_205337,30.3688,1791287082173900544,1,-0.09989,-0.01679,0.014186,TRACKING,0.13368,0.00000,rad/s
p4_occl_20261006_205337,30.4029,1791287082207258624,1,-0.11262,-0.01946,0.014266,TRACKING,0.13368,0.00000,rad/s
p4_occl_20261006_205337,30.4388,1791287082240616448,1,-0.12759,-0.02004,0.014527,TRACKING,0.16894,0.00000,rad/s
p4_occl_20261006_205337,30.4706,1791287082273974272,1,-0.14311,-0.02409,0.014627,TRACKING,0.19139,0.00000,rad/s
p4_occl_20261006_205337,30.5040,1791287082307332352,1,-0.15682,-0.02819,0.014653,TRACKING,0.19139,0.00000,rad/s
p4_occl_20261006_205337,30.5376,1791287082340690176,1,-0.17256,-0.03464,0.014653,TRACKING,0.23523,0.00000,rad/s
p4_occl_20261006_205337,30.5689,1791287082374048000,1,-0.18892,-0.04195,0.014418,TRACKING,0.25884,0.00000,rad/s
p4_occl_20261006_205337,30.6037,1791287082407406080,1,-0.20496,-0.05036,0.014588,TRACKING,0.25884,0.00000,rad/s
p4_occl_20261006_205337,30.6355,1791287082440763904,1,-0.22299,-0.05736,0.014763,TRACKING,0.30744,0.04029,rad/s
p4_occl_20261006_205337,30.6706,1791287082474121472,1,-0.23961,-0.06404,0.014685,TRACKING,0.33449,0.04589,rad/s
p4_occl_20261006_205337,30.7039,1791287082507479552,1,-0.25522,-0.07358,0.014501,TRACKING,0.33449,0.04589,rad/s
p4_occl_20261006_205337,30.7373,1791287082540837376,1,-0.26889,-0.08615,0.014503,TRACKING,0.38283,0.05886,rad/s
p4_occl_20261006_205337,30.7696,1791287082574195200,1,-0.27792,-0.09646,0.014770,TRACKING,0.40333,0.06892,rad/s
p4_occl_20261006_205337,30.8066,1791287082607553280,1,-0.28422,-0.10686,0.015020,TRACKING,0.40333,0.06892,rad/s
p4_occl_20261006_205337,30.8357,1791287082640911104,1,-0.28977,-0.11538,0.015323,TRACKING,0.42633,0.08549,rad/s
p4_occl_20261006_205337,30.8701,1791287082674268928,1,-0.29244,-0.12584,0.015373,TRACKING,0.43465,0.09230,rad/s
p4_occl_20261006_205337,30.9024,1791287082707627008,1,-0.29287,-0.12969,0.015755,TRACKING,0.43465,0.09230,rad/s
p4_occl_20261006_205337,30.9381,1791287082740984832,1,-0.29175,-0.13818,0.015714,TRACKING,0.43930,0.10375,rad/s
p4_occl_20261006_205337,30.9695,1791287082774342656,1,-0.28844,-0.13941,0.015816,TRACKING,0.43763,0.11054,rad/s
p4_occl_20261006_205337,31.0038,1791287082807700736,1,-0.28560,-0.14517,0.016070,TRACKING,0.43763,0.11054,rad/s
p4_occl_20261006_205337,31.0362,1791287082841058560,1,-0.28434,-0.14721,0.015914,TRACKING,0.42841,0.11613,rad/s
p4_occl_20261006_205337,31.0702,1791287082874416384,1,-0.28457,-0.15002,0.015983,TRACKING,0.42650,0.11777,rad/s
p4_occl_20261006_205337,31.1047,1791287082907774464,1,-0.28425,-0.15058,0.015920,TRACKING,0.42650,0.11777,rad/s
p4_occl_20261006_205337,31.1385,1791287082941132288,1,-0.28288,-0.15065,0.015879,TRACKING,0.42638,0.12046,rad/s
p4_occl_20261006_205337,31.1705,1791287082974490112,1,-0.28040,-0.15137,0.015794,TRACKING,0.42432,0.12052,rad/s
p4_occl_20261006_205337,31.2037,1791287083007848192,1,-0.27531,-0.14949,0.015801,TRACKING,0.42432,0.12052,rad/s
p4_occl_20261006_205337,31.2363,1791287083041206016,1,-0.26902,-0.14961,0.015749,TRACKING,0.41297,0.11959,rad/s
p4_occl_20261006_205337,31.2701,1791287083074563840,1,-0.26223,-0.15287,0.015742,TRACKING,0.40353,0.11969,rad/s
p4_occl_20261006_205337,31.3035,1791287083107921920,1,-0.25392,-0.15833,0.015660,TRACKING,0.40353,0.11969,rad/s
p4_occl_20261006_205337,31.3369,1791287083141279488,1,-0.24255,-0.15910,0.015582,TRACKING,0.38087,0.12666,rad/s
p4_occl_20261006_205337,31.3860,1791287083174637568,1,-0.23171,-0.16305,0.015436,TRACKING,0.36382,0.12728,rad/s
p4_occl_20261006_205337,31.4113,1791287083207994368,1,-0.21866,-0.16359,0.015013,TRACKING,0.36382,0.12728,rad/s
p4_occl_20261006_205337,31.4358,1791287083241351424,1,-0.20476,-0.16421,0.015046,TRACKING,0.34757,0.13044,rad/s
p4_occl_20261006_205337,31.4705,1791287083274708224,1,-0.18930,-0.16077,0.014850,TRACKING,0.30714,0.13137,rad/s
p4_occl_20261006_205337,31.5038,1791287083308065024,1,-0.17322,-0.15927,0.014672,TRACKING,0.30714,0.13137,rad/s
p4_occl_20261006_205337,31.5393,1791287083341421824,1,-0.15542,-0.15393,0.014544,TRACKING,0.25983,0.12741,rad/s
p4_occl_20261006_205337,31.5701,1791287083374778880,1,-0.13670,-0.14886,0.014408,TRACKING,0.23313,0.12314,rad/s
p4_occl_20261006_205337,31.6055,1791287083408135424,1,-0.11604,-0.14504,0.014199,TRACKING,0.23313,0.12314,rad/s
p4_occl_20261006_205337,31.6384,1791287083441492480,1,-0.09470,-0.13931,0.014071,TRACKING,0.17406,0.11603,rad/s
p4_occl_20261006_205337,31.6705,1791287083474849024,1,-0.07222,-0.13392,0.014006,TRACKING,0.14205,0.11145,rad/s
p4_occl_20261006_205337,31.7039,1791287083508206080,1,-0.04972,-0.13013,0.014180,TRACKING,0.14205,0.11145,rad/s
p4_occl_20261006_205337,31.7384,1791287083541562624,1,-0.02593,-0.12884,0.014123,TRACKING,0.00000,0.10410,rad/s
p4_occl_20261006_205337,31.7698,1791287083574919680,1,0.00071,-0.13257,0.013945,TRACKING,0.00000,0.10308,rad/s
p4_occl_20261006_205337,31.8049,1791287083608276480,1,0.02864,-0.13790,0.013913,TRACKING,0.00000,0.10308,rad/s
p4_occl_20261006_205337,31.8380,1791287083641633024,1,0.05702,-0.15002,0.014232,TRACKING,0.00000,0.11032,rad/s
p4_occl_20261006_205337,31.8721,1791287083674990080,1,0.08636,-0.16560,0.014160,TRACKING,-0.08552,0.12002,rad/s
p4_occl_20261006_205337,31.9061,1791287083708346624,1,0.11421,-0.18086,0.014596,TRACKING,-0.08552,0.12002,rad/s
p4_occl_20261006_205337,31.9365,1791287083741703424,1,0.14068,-0.20328,0.014974,TRACKING,-0.17132,0.14469,rad/s
p4_occl_20261006_205337,31.9738,1791287083775060224,1,0.16045,-0.23153,0.015638,TRACKING,-0.21101,0.16262,rad/s
p4_occl_20261006_205337,32.0044,1791287083808417024,1,0.17571,-0.26249,0.015833,TRACKING,-0.21101,0.16262,rad/s
p4_occl_20261006_205337,32.0387,1791287083841773568,1,0.18874,-0.29518,0.016293,TRACKING,-0.26357,0.20999,rad/s
p4_occl_20261006_205337,32.0709,1791287083875130368,1,0.19759,-0.32709,0.016686,TRACKING,-0.28312,0.23614,rad/s
p4_occl_20261006_205337,32.1057,1791287083908487168,1,0.20374,-0.35759,0.016938,TRACKING,-0.28312,0.23614,rad/s
p4_occl_20261006_205337,32.1393,1791287083941843712,1,0.20719,-0.38698,0.017105,TRACKING,-0.30560,0.28607,rad/s
p4_occl_20261006_205337,32.1691,1791287083975200512,1,0.20788,-0.41365,0.017309,TRACKING,-0.31078,0.30958,rad/s
p4_occl_20261006_205337,32.2057,1791287084008557056,1,0.20673,-0.43984,0.017400,TRACKING,-0.31078,0.30958,rad/s
p4_occl_20261006_205337,32.2386,1791287084041913856,1,0.20453,-0.45946,0.017617,TRACKING,-0.31009,0.35187,rad/s
p4_occl_20261006_205337,32.2718,1791287084075270400,1,0.20383,-0.48054,0.017717,TRACKING,-0.30680,0.36756,rad/s
p4_occl_20261006_205337,32.3043,1791287084108627200,1,0.20572,-0.50124,0.018082,TRACKING,-0.30680,0.36756,rad/s
p4_occl_20261006_205337,32.3382,1791287084141984000,1,0.20719,-0.51666,0.018121,TRACKING,-0.30859,0.40000,rad/s
p4_occl_20261006_205337,32.3724,1791287084175340544,1,0.20773,-0.53667,0.018038,TRACKING,-0.31079,0.40000,rad/s
p4_occl_20261006_205337,32.4044,1791287084208698368,1,0.20927,-0.56190,0.017917,TRACKING,-0.31079,0.40000,rad/s
p4_occl_20261006_205337,32.4369,1791287084242056704,1,0.21142,-0.59120,0.017969,TRACKING,-0.31390,0.40000,rad/s
p4_occl_20261006_205337,32.4718,1791287084275414528,1,0.21312,-0.62249,0.018175,TRACKING,-0.31713,0.40000,rad/s
p4_occl_20261006_205337,32.5062,1791287084308772608,1,0.21359,-0.64524,0.018644,TRACKING,-0.31713,0.40000,rad/s
p4_occl_20261006_205337,32.5367,1791287084342130688,1,0.21539,-0.65106,0.019206,TRACKING,-0.32039,0.40000,rad/s
p4_occl_20261006_205337,32.5723,1791287084375488768,1,0.21400,-0.64942,0.019182,TRACKING,-0.32309,0.40000,rad/s
p4_occl_20261006_205337,32.6062,1791287084408846592,1,0.21125,-0.63421,0.019340,TRACKING,-0.32309,0.40000,rad/s
p4_occl_20261006_205337,32.6386,1791287084442204928,1,0.20685,-0.60518,0.019136,TRACKING,-0.31688,0.40000,rad/s
p4_occl_20261006_205337,32.6727,1791287084475562752,1,0.19911,-0.57131,0.018904,TRACKING,-0.31027,0.40000,rad/s
p4_occl_20261006_205337,32.7036,1791287084508920832,1,0.18864,-0.53304,0.018594,TRACKING,-0.31027,0.40000,rad/s
p4_occl_20261006_205337,32.7385,1791287084542278912,1,0.17654,-0.48878,0.018134,TRACKING,-0.28296,0.40000,rad/s
p4_occl_20261006_205337,32.7705,1791287084575636992,1,0.16189,-0.44130,0.017795,TRACKING,-0.26482,0.39102,rad/s
p4_occl_20261006_205337,32.8040,1791287084608995072,1,0.14781,-0.39169,0.017329,TRACKING,-0.26482,0.39102,rad/s
p4_occl_20261006_205337,32.8359,1791287084642353152,1,0.13413,-0.33428,0.016916,TRACKING,-0.22172,0.31336,rad/s
p4_occl_20261006_205337,32.8711,1791287084675711232,1,0.11899,-0.27605,0.016576,TRACKING,-0.20119,0.26742,rad/s
p4_occl_20261006_205337,32.9085,1791287084709069312,1,0.10300,-0.22026,0.016150,TRACKING,-0.20119,0.26742,rad/s
p4_occl_20261006_205337,32.9371,1791287084742427392,1,0.08610,-0.16139,0.015829,TRACKING,-0.15450,0.17620,rad/s
p4_occl_20261006_205337,32.9717,1791287084775785472,1,0.06949,-0.09944,0.015597,TRACKING,-0.12915,0.12911,rad/s
p4_occl_20261006_205337,33.0056,1791287084809143552,1,0.05409,-0.04075,0.015553,TRACKING,-0.12915,0.12911,rad/s
p4_occl_20261006_205337,33.0386,1791287084842501632,1,0.03837,0.00797,0.015436,TRACKING,-0.08114,0.00000,rad/s
p4_occl_20261006_205337,33.0707,1791287084875859968,1,0.02244,0.04745,0.015519,CENTERED,0.00000,0.00000,rad/s
p4_occl_20261006_205337,33.1058,1791287084909218048,1,0.00640,0.07715,0.015714,CENTERED,0.00000,0.00000,rad/s
p4_occl_20261006_205337,33.1364,1791287084942575872,1,-0.00652,0.10264,0.015818,TRACKING,0.00000,-0.06172,rad/s
p4_occl_20261006_205337,33.1706,1791287084975934208,1,-0.01706,0.12350,0.015825,TRACKING,0.00000,-0.08211,rad/s
p4_occl_20261006_205337,33.2032,1791287085009292288,1,-0.02034,0.23818,0.008611,TRACKING,0.00000,-0.08211,rad/s
p4_occl_20261006_205337,33.2340,1791287085042650368,0,,,0.000000,TRACKING,0.00000,-0.19055,rad/s
p4_occl_20261006_205337,33.2653,1791287085076008448,0,,,0.000000,LOST,0.00000,0.00000,rad/s
p4_occl_20261006_205337,33.2989,1791287085109366784,0,,,0.000000,LOST,0.00000,0.00000,rad/s
p4_occl_20261006_205337,33.3320,1791287085142724864,0,,,0.000000,LOST,0.00000,0.00000,rad/s
p4_occl_20261006_205337,33.3644,1791287085176082944,0,,,0.000000,LOST,0.00000,0.00000,rad/s
p4_occl_20261006_205337,33.3979,1791287085209440256,0,,,0.000000,LOST,0.00000,0.00000,rad/s
p4_occl_20261006_205337,33.4305,1791287085242797312,0,,,0.000000,LOST,0.00000,0.00000,rad/s
p4_occl_20261006_205337,33.4635,1791287085276154624,0,,,0.000000,LOST,0.00000,0.00000,rad/s
p4_occl_20261006_205337,33.4989,1791287085309511680,0,,,0.000000,LOST,0.00000,0.00000,rad/s
p4_occl_20261006_205337,33.5306,1791287085342868736,0,,,0.000000,LOST,0.00000,0.00000,rad/s
p4_occl_20261006_205337,33.5652,1791287085376225792,0,,,0.000000,LOST,0.00000,0.00000,rad/s
p4_occl_20261006_205337,33.5975,1791287085409583104,0,,,0.000000,LOST,0.00000,0.00000,rad/s
p4_occl_20261006_205337,33.6320,1791287085442940160,0,,,0.000000,LOST,0.00000,0.00000,rad/s
p4_occl_20261006_205337,33.6642,1791287085476297472,0,,,0.000000,LOST,0.00000,0.00000,rad/s
p4_occl_20261006_205337,33.6984,1791287085509654528,0,,,0.000000,LOST,0.00000,0.00000,rad/s
p4_occl_20261006_205337,33.7309,1791287085543011840,0,,,0.000000,LOST,0.00000,0.00000,rad/s
p4_occl_20261006_205337,33.7633,1791287085576368896,0,,,0.000000,LOST,0.00000,0.00000,rad/s
p4_occl_20261006_205337,33.7968,1791287085609725952,0,,,0.000000,LOST,0.00000,0.00000,rad/s
p4_occl_20261006_205337,33.8317,1791287085643083008,0,,,0.000000,LOST,0.00000,0.00000,rad/s
p4_occl_20261006_205337,33.8643,1791287085676440064,0,,,0.000000,LOST,0.00000,0.00000,rad/s
p4_occl_20261006_205337,33.8983,1791287085709797376,0,,,0.000000,LOST,0.00000,0.00000,rad/s
p4_occl_20261006_205337,33.9308,1791287085743154432,0,,,0.000000,LOST,0.00000,0.00000,rad/s
p4_occl_20261006_205337,33.9643,1791287085776511744,0,,,0.000000,LOST,0.00000,0.00000,rad/s
p4_occl_20261006_205337,33.9990,1791287085809868544,0,,,0.000000,LOST,0.00000,0.00000,rad/s
p4_occl_20261006_205337,34.0320,1791287085843225856,0,,,0.000000,LOST,0.00000,0.00000,rad/s
p4_occl_20261006_205337,34.0635,1791287085876582912,0,,,0.000000,LOST,0.00000,0.00000,rad/s
p4_occl_20261006_205337,34.0989,1791287085909940224,0,,,0.000000,LOST,0.00000,0.00000,rad/s
p4_occl_20261006_205337,34.1310,1791287085943297280,0,,,0.000000,LOST,0.00000,0.00000,rad/s
p4_occl_20261006_205337,34.1724,1791287085976654336,0,,,0.000000,LOST,0.00000,0.00000,rad/s
p4_occl_20261006_205337,34.1992,1791287086010011392,0,,,0.000000,LOST,0.00000,0.00000,rad/s
p4_occl_20261006_205337,34.2316,1791287086043368704,0,,,0.000000,LOST,0.00000,0.00000,rad/s
p4_occl_20261006_205337,34.2645,1791287086076725760,0,,,0.000000,LOST,0.00000,0.00000,rad/s
p4_occl_20261006_205337,34.2993,1791287086110083072,0,,,0.000000,LOST,0.00000,0.00000,rad/s
p4_occl_20261006_205337,34.3311,1791287086143439872,0,,,0.000000,LOST,0.00000,0.00000,rad/s
p4_occl_20261006_205337,34.3651,1791287086176797184,0,,,0.000000,LOST,0.00000,0.00000,rad/s
p4_occl_20261006_205337,34.3972,1791287086210155776,0,,,0.000000,LOST,0.00000,0.00000,rad/s
p4_occl_20261006_205337,34.4305,1791287086243514368,0,,,0.000000,LOST,0.00000,0.00000,rad/s
p4_occl_20261006_205337,34.4641,1791287086276873216,0,,,0.000000,LOST,0.00000,0.00000,rad/s
p4_occl_20261006_205337,34.4983,1791287086310231808,0,,,0.000000,LOST,0.00000,0.00000,rad/s
p4_occl_20261006_205337,34.5301,1791287086343590656,0,,,0.000000,LOST,0.00000,0.00000,rad/s
p4_occl_20261006_205337,34.5651,1791287086376949504,0,,,0.000000,LOST,0.00000,0.00000,rad/s
p4_occl_20261006_205337,34.5978,1791287086410308096,0,,,0.000000,LOST,0.00000,0.00000,rad/s
p4_occl_20261006_205337,34.6311,1791287086443666688,0,,,0.000000,LOST,0.00000,0.00000,rad/s
p4_occl_20261006_205337,34.6644,1791287086477025536,0,,,0.000000,LOST,0.00000,0.00000,rad/s
p4_occl_20261006_205337,34.7001,1791287086510384384,0,,,0.000000,LOST,0.00000,0.00000,rad/s
p4_occl_20261006_205337,34.7316,1791287086543743232,0,,,0.000000,LOST,0.00000,0.00000,rad/s
p4_occl_20261006_205337,34.7637,1791287086577101824,0,,,0.000000,LOST,0.00000,0.00000,rad/s
p4_occl_20261006_205337,34.7988,1791287086610460672,0,,,0.000000,LOST,0.00000,0.00000,rad/s
p4_occl_20261006_205337,34.8301,1791287086643819264,0,,,0.000000,LOST,0.00000,0.00000,rad/s
p4_occl_20261006_205337,34.8646,1791287086677178112,0,,,0.000000,LOST,0.00000,0.00000,rad/s
p4_occl_20261006_205337,34.9007,1791287086710536960,0,,,0.000000,LOST,0.00000,0.00000,rad/s
p4_occl_20261006_205337,34.9317,1791287086743895808,0,,,0.000000,LOST,0.00000,0.00000,rad/s
p4_occl_20261006_205337,34.9653,1791287086777254656,0,,,0.000000,LOST,0.00000,0.00000,rad/s
p4_occl_20261006_205337,34.9991,1791287086810613248,0,,,0.000000,LOST,0.00000,0.00000,rad/s
p4_occl_20261006_205337,35.0311,1791287086843972096,0,,,0.000000,LOST,0.00000,0.00000,rad/s
p4_occl_20261006_205337,35.0644,1791287086877330944,0,,,0.000000,LOST,0.00000,0.00000,rad/s
p4_occl_20261006_205337,35.1002,1791287086910690048,0,,,0.000000,LOST,0.00000,0.00000,rad/s
p4_occl_20261006_205337,35.1336,1791287086944048896,0,,,0.000000,LOST,0.00000,0.00000,rad/s
p4_occl_20261006_205337,35.1647,1791287086977407488,0,,,0.000000,LOST,0.00000,0.00000,rad/s
p4_occl_20261006_205337,35.1998,1791287087010766336,0,,,0.000000,LOST,0.00000,0.00000,rad/s
p4_occl_20261006_205337,35.2319,1791287087044125184,0,,,0.000000,LOST,0.00000,0.00000,rad/s
p4_occl_20261006_205337,35.2648,1791287087077484032,0,,,0.000000,LOST,0.00000,0.00000,rad/s
p4_occl_20261006_205337,35.2993,1791287087110843136,0,,,0.000000,LOST,0.00000,0.00000,rad/s
p4_occl_20261006_205337,35.3313,1791287087144201984,0,,,0.000000,LOST,0.00000,0.00000,rad/s
p4_occl_20261006_205337,35.3649,1791287087177560832,0,,,0.000000,LOST,0.00000,0.00000,rad/s
p4_occl_20261006_205337,35.3991,1791287087210917120,0,,,0.000000,LOST,0.00000,0.00000,rad/s
p4_occl_20261006_205337,35.4330,1791287087244273920,0,,,0.000000,LOST,0.00000,0.00000,rad/s
p4_occl_20261006_205337,35.4643,1791287087277630720,0,,,0.000000,LOST,0.00000,0.00000,rad/s
p4_occl_20261006_205337,35.5010,1791287087310987008,0,,,0.000000,LOST,0.00000,0.00000,rad/s
p4_occl_20261006_205337,35.5320,1791287087344343552,0,,,0.000000,LOST,0.00000,0.00000,rad/s
p4_occl_20261006_205337,35.5652,1791287087377700096,0,,,0.000000,LOST,0.00000,0.00000,rad/s
p4_occl_20261006_205337,35.5999,1791287087411056640,0,,,0.000000,LOST,0.00000,0.00000,rad/s
p4_occl_20261006_205337,35.6316,1791287087444413440,0,,,0.000000,LOST,0.00000,0.00000,rad/s
p4_occl_20261006_205337,35.6679,1791287087477769728,1,0.22675,0.86070,0.008242,LOST,0.00000,0.00000,rad/s
p4_occl_20261006_205337,35.7034,1791287087511126272,1,0.21859,0.77283,0.013581,LOST,0.00000,0.00000,rad/s
p4_occl_20261006_205337,35.7370,1791287087544482816,1,0.21734,0.77187,0.013589,LOST,0.00000,0.00000,rad/s
p4_occl_20261006_205337,35.7719,1791287087577839360,1,0.21600,0.77250,0.013592,TRACKING,-0.32601,-0.40000,rad/s
p4_occl_20261006_205337,35.8095,1791287087611195904,1,0.21407,0.77287,0.013700,TRACKING,-0.32601,-0.40000,rad/s
p4_occl_20261006_205337,35.8377,1791287087644552448,1,0.21316,0.77319,0.013633,TRACKING,-0.32111,-0.40000,rad/s
p4_occl_20261006_205337,35.8739,1791287087677908992,1,0.21310,0.77539,0.013568,TRACKING,-0.31974,-0.40000,rad/s
p4_occl_20261006_205337,35.9101,1791287087711265280,1,0.21332,0.77760,0.013442,TRACKING,-0.31974,-0.40000,rad/s
p4_occl_20261006_205337,35.9376,1791287087744621824,1,0.21334,0.77962,0.013355,TRACKING,-0.31998,-0.40000,rad/s
p4_occl_20261006_205337,35.9744,1791287087777978368,1,0.21403,0.78034,0.013312,TRACKING,-0.32000,-0.40000,rad/s
p4_occl_20261006_205337,36.0075,1791287087811334912,1,0.21286,0.77648,0.013440,TRACKING,-0.32000,-0.40000,rad/s
p4_occl_20261006_205337,36.0391,1791287087844691456,1,0.21115,0.77008,0.013691,TRACKING,-0.31929,-0.40000,rad/s
p4_occl_20261006_205337,36.0744,1791287087878047744,1,0.20769,0.74916,0.013262,TRACKING,-0.31673,-0.40000,rad/s
p4_occl_20261006_205337,36.1062,1791287087911404288,1,0.20414,0.73390,0.013203,TRACKING,-0.31673,-0.40000,rad/s
p4_occl_20261006_205337,36.1386,1791287087944760832,1,0.19996,0.71081,0.012934,TRACKING,-0.30622,-0.40000,rad/s
p4_occl_20261006_205337,36.1739,1791287087978117120,1,0.19646,0.68790,0.012823,TRACKING,-0.29994,-0.40000,rad/s
p4_occl_20261006_205337,36.2089,1791287088011473664,1,0.19221,0.65740,0.012500,TRACKING,-0.29994,-0.40000,rad/s
p4_occl_20261006_205337,36.2383,1791287088044829952,1,0.18626,0.63183,0.012363,TRACKING,-0.28831,-0.40000,rad/s
p4_occl_20261006_205337,36.2737,1791287088078186496,1,0.18238,0.60080,0.012164,TRACKING,-0.27938,-0.40000,rad/s
p4_occl_20261006_205337,36.3088,1791287088111543040,1,0.18346,0.57318,0.012081,TRACKING,-0.27938,-0.40000,rad/s
p4_occl_20261006_205337,36.3391,1791287088144899328,1,0.18762,0.54189,0.011988,TRACKING,-0.27518,-0.40000,rad/s
p4_occl_20261006_205337,36.3741,1791287088178255872,1,0.19303,0.51338,0.011827,TRACKING,-0.28143,-0.40000,rad/s
p4_occl_20261006_205337,36.4108,1791287088211612928,1,0.19878,0.48047,0.011697,TRACKING,-0.28143,-0.40000,rad/s
p4_occl_20261006_205337,36.4379,1791287088244970240,1,0.20586,0.45053,0.011645,TRACKING,-0.29816,-0.38437,rad/s
p4_occl_20261006_205337,36.4742,1791287088278327552,1,0.21361,0.42409,0.011478,TRACKING,-0.30879,-0.36043,rad/s
p4_occl_20261006_205337,36.5078,1791287088311684864,1,0.22229,0.39319,0.011385,TRACKING,-0.30879,-0.36043,rad/s
p4_occl_20261006_205337,36.5397,1791287088345041920,1,0.23290,0.36151,0.011272,TRACKING,-0.33344,-0.31455,rad/s
p4_occl_20261006_205337,36.5749,1791287088378399488,1,0.24455,0.33021,0.011291,TRACKING,-0.34935,-0.28921,rad/s
p4_occl_20261006_205337,36.6075,1791287088411756544,1,0.25524,0.29229,0.011335,TRACKING,-0.34935,-0.28921,rad/s
p4_occl_20261006_205337,36.6399,1791287088445113856,1,0.26334,0.25719,0.011714,TRACKING,-0.38285,-0.23383,rad/s
p4_occl_20261006_205337,36.6747,1791287088478470912,1,0.27223,0.22227,0.011970,TRACKING,-0.39501,-0.20575,rad/s
p4_occl_20261006_205337,36.7108,1791287088511828224,1,0.27811,0.18372,0.012298,TRACKING,-0.39501,-0.20575,rad/s
p4_occl_20261006_205337,36.7391,1791287088545185536,1,0.28219,0.15076,0.012721,TRACKING,-0.41717,-0.14698,rad/s
p4_occl_20261006_205337,36.7746,1791287088578542848,1,0.28305,0.11866,0.012821,TRACKING,-0.42329,-0.12061,rad/s
p4_occl_20261006_205337,36.8111,1791287088611899904,1,0.28112,0.08957,0.013147,TRACKING,-0.42329,-0.12061,rad/s
p4_occl_20261006_205337,36.8386,1791287088645256960,1,0.28050,0.06145,0.013227,TRACKING,-0.42169,-0.07166,rad/s
p4_occl_20261006_205337,36.8756,1791287088678614272,1,0.28047,0.03665,0.012858,TRACKING,-0.42075,-0.04916,rad/s
p4_occl_20261006_205337,36.9103,1791287088711971584,1,0.27865,0.00961,0.012958,TRACKING,-0.42075,-0.04916,rad/s
p4_occl_20261006_205337,36.9390,1791287088745328896,1,0.27630,-0.01741,0.013066,TRACKING,-0.41797,0.00000,rad/s
p4_occl_20261006_205337,36.9745,1791287088778685952,1,0.27243,-0.04102,0.013266,TRACKING,-0.41445,0.00000,rad/s
p4_occl_20261006_205337,37.0109,1791287088812043264,1,0.26917,-0.06286,0.013177,TRACKING,-0.41445,0.00000,rad/s
p4_occl_20261006_205337,37.0392,1791287088845400320,1,0.26218,-0.07945,0.013433,TRACKING,-0.40375,0.05029,rad/s
p4_occl_20261006_205337,37.0756,1791287088878757632,1,0.25381,-0.09026,0.013403,TRACKING,-0.39327,0.06356,rad/s
p4_occl_20261006_205337,37.1095,1791287088912114688,1,0.24496,-0.09298,0.013273,TRACKING,-0.39327,0.06356,rad/s
p4_occl_20261006_205337,37.1398,1791287088945472256,1,0.23632,-0.10032,0.013056,TRACKING,-0.36744,0.07438,rad/s
p4_occl_20261006_205337,37.1760,1791287088978829312,1,0.22656,-0.10560,0.012995,TRACKING,-0.35448,0.08025,rad/s
p4_occl_20261006_205337,37.2094,1791287089012186624,1,0.21668,-0.11140,0.013099,TRACKING,-0.35448,0.08025,rad/s
p4_occl_20261006_205337,37.2394,1791287089045543680,1,0.20781,-0.11425,0.013036,TRACKING,-0.32502,0.08912,rad/s
p4_occl_20261006_205337,37.2746,1791287089078900992,1,0.20063,-0.11754,0.012888,TRACKING,-0.31171,0.09140,rad/s
p4_occl_20261006_205337,37.3113,1791287089112258048,1,0.19312,-0.11943,0.012598,TRACKING,-0.31171,0.09140,rad/s
p4_occl_20261006_205337,37.3406,1791287089145615360,1,0.18556,-0.11883,0.012576,TRACKING,-0.30095,0.09403,rad/s
p4_occl_20261006_205337,37.3735,1791287089178972416,1,0.17831,-0.11408,0.012624,TRACKING,-0.27834,0.09506,rad/s
p4_occl_20261006_205337,37.4119,1791287089212329728,1,0.17299,-0.10860,0.012470,TRACKING,-0.27834,0.09506,rad/s
p4_occl_20261006_205337,37.4412,1791287089245687552,1,0.16928,-0.10493,0.012465,TRACKING,-0.26746,0.09127,rad/s
p4_occl_20261006_205337,37.4744,1791287089279045120,1,0.16703,-0.10283,0.012365,TRACKING,-0.25392,0.08394,rad/s
p4_occl_20261006_205337,37.5111,1791287089312402688,1,0.16576,-0.10205,0.012114,TRACKING,-0.25392,0.08394,rad/s
p4_occl_20261006_205337,37.5395,1791287089345760256,1,0.16645,-0.10271,0.011836,TRACKING,-0.24864,0.08164,rad/s
p4_occl_20261006_205337,37.5756,1791287089379117568,1,0.16859,-0.10730,0.011695,TRACKING,-0.24967,0.08217,rad/s
p4_occl_20261006_205337,37.6107,1791287089412475392,1,0.17325,-0.11015,0.011306,TRACKING,-0.24967,0.08217,rad/s
p4_occl_20261006_205337,37.6399,1791287089445832704,1,0.17831,-0.11580,0.011202,TRACKING,-0.25988,0.08812,rad/s
p4_occl_20261006_205337,37.6760,1791287089479190528,1,0.18432,-0.11815,0.010857,TRACKING,-0.26747,0.09264,rad/s
p4_occl_20261006_205337,37.7097,1791287089512547840,1,0.18961,-0.12219,0.010803,TRACKING,-0.26747,0.09264,rad/s
p4_occl_20261006_205337,37.7393,1791287089545905408,1,0.19387,-0.12143,0.010645,TRACKING,-0.28441,0.09775,rad/s
p4_occl_20261006_205337,37.7738,1791287089579262976,1,0.19738,-0.12226,0.010816,TRACKING,-0.29080,0.09715,rad/s
p4_occl_20261006_205337,37.8110,1791287089612620544,1,0.20138,-0.12015,0.010612,TRACKING,-0.29080,0.09715,rad/s
p4_occl_20261006_205337,37.8394,1791287089645978368,1,0.20619,-0.11831,0.010503,TRACKING,-0.30207,0.09612,rad/s
p4_occl_20261006_205337,37.8756,1791287089679335680,1,0.21199,-0.11996,0.010239,TRACKING,-0.30929,0.09465,rad/s
p4_occl_20261006_205337,37.9095,1791287089712693248,1,0.21966,-0.12465,0.009952,TRACKING,-0.30929,0.09465,rad/s
p4_occl_20261006_205337,37.9395,1791287089746050816,1,0.22686,-0.13331,0.009868,TRACKING,-0.32949,0.09972,rad/s
p4_occl_20261006_205337,37.9752,1791287089779408384,1,0.23319,-0.14237,0.009722,TRACKING,-0.34029,0.10665,rad/s
p4_occl_20261006_205337,38.0116,1791287089812765952,1,0.23737,-0.15262,0.009492,TRACKING,-0.34029,0.10665,rad/s
p4_occl_20261006_205337,38.0410,1791287089846123520,1,0.24021,-0.16976,0.009416,TRACKING,-0.34979,0.11389,rad/s
p4_occl_20261006_205337,38.0774,1791287089879481088,1,0.24109,-0.18170,0.009349,TRACKING,-0.36032,0.13581,rad/s
p4_occl_20261006_205337,38.1091,1791287089912838656,1,0.24115,-0.19720,0.009362,TRACKING,-0.36032,0.13581,rad/s
p4_occl_20261006_205337,38.1409,1791287089946196224,1,0.24031,-0.20960,0.009401,TRACKING,-0.36173,0.15776,rad/s
p4_occl_20261006_205337,38.1750,1791287089979553792,1,0.23709,-0.22127,0.009395,TRACKING,-0.36046,0.16768,rad/s
p4_occl_20261006_205337,38.2121,1791287090012911360,1,0.23164,-0.22218,0.009217,TRACKING,-0.36046,0.16768,rad/s
p4_occl_20261006_205337,38.2416,1791287090046268672,1,0.22762,-0.22086,0.009076,TRACKING,-0.35564,0.17702,rad/s
p4_occl_20261006_205337,38.2745,1791287090079626496,1,0.22453,-0.22620,0.009132,TRACKING,-0.34143,0.17669,rad/s
p4_occl_20261006_205337,38.3107,1791287090112984064,1,0.22378,-0.23350,0.008954,TRACKING,-0.34143,0.17669,rad/s
p4_occl_20261006_205337,38.3395,1791287090146341632,1,0.21994,-0.23509,0.008850,TRACKING,-0.33567,0.18680,rad/s
p4_occl_20261006_205337,38.3766,1791287090179699200,1,0.21937,-0.24850,0.009208,TRACKING,-0.32991,0.18807,rad/s
p4_occl_20261006_205337,38.4108,1791287090213056768,1,0.21673,-0.25186,0.009247,TRACKING,-0.32991,0.18807,rad/s
p4_occl_20261006_205337,38.4396,1791287090246414848,1,0.21378,-0.25644,0.009160,TRACKING,-0.32510,0.20149,rad/s
p4_occl_20261006_205337,38.4761,1791287090279772416,1,0.21212,-0.26491,0.009364,TRACKING,-0.32068,0.20515,rad/s
p4_occl_20261006_205337,38.5114,1791287090313130240,1,0.20878,-0.25884,0.008841,TRACKING,-0.32068,0.20515,rad/s
p4_occl_20261006_205337,38.5409,1791287090346488064,1,0.20241,-0.25477,0.007860,TRACKING,-0.31818,0.21193,rad/s
p4_occl_20261006_205337,38.5759,1791287090379845632,1,0.20183,-0.25366,0.007604,TRACKING,-0.30362,0.20381,rad/s
p4_occl_20261006_205337,38.6093,1791287090413203456,1,0.20202,-0.24890,0.007480,TRACKING,-0.30362,0.20381,rad/s
p4_occl_20261006_205337,38.6419,1791287090446561280,1,0.20235,-0.24116,0.007567,TRACKING,-0.30304,0.19912,rad/s
p4_occl_20261006_205337,38.6768,1791287090479918848,1,0.20219,-0.23261,0.007470,TRACKING,-0.30352,0.19293,rad/s
p4_occl_20261006_205337,38.7113,1791287090513276672,1,0.20222,-0.23322,0.007431,TRACKING,-0.30352,0.19293,rad/s
p4_occl_20261006_205337,38.7439,1791287090546634496,1,0.20321,-0.23503,0.007376,TRACKING,-0.30329,0.18609,rad/s
p4_occl_20261006_205337,38.7769,1791287090579992064,1,0.20394,-0.24224,0.007357,TRACKING,-0.30482,0.18802,rad/s
p4_occl_20261006_205337,38.8114,1791287090613350144,1,0.20438,-0.25477,0.007214,TRACKING,-0.30482,0.18802,rad/s
p4_occl_20261006_205337,38.8408,1791287090646707712,1,0.20440,-0.27078,0.007253,TRACKING,-0.30591,0.19380,rad/s
p4_occl_20261006_205337,38.8765,1791287090680065536,1,0.20216,-0.28579,0.007138,TRACKING,-0.30660,0.21662,rad/s
p4_occl_20261006_205337,38.9118,1791287090713423360,1,0.19798,-0.30140,0.007520,TRACKING,-0.30660,0.21662,rad/s
p4_occl_20261006_205337,38.9403,1791287090746780928,1,0.19070,-0.31097,0.007465,TRACKING,-0.30324,0.22863,rad/s
p4_occl_20261006_205337,38.9743,1791287090780139008,1,0.18196,-0.32195,0.007561,TRACKING,-0.28605,0.24878,rad/s
p4_occl_20261006_205337,39.0126,1791287090813496576,1,0.17176,-0.33619,0.007732,TRACKING,-0.28605,0.24878,rad/s
p4_occl_20261006_205337,39.0414,1791287090846854400,1,0.16176,-0.35242,0.007943,TRACKING,-0.27295,0.25756,rad/s
p4_occl_20261006_205337,39.0745,1791287090880212224,1,0.15238,-0.37387,0.008479,TRACKING,-0.24264,0.28194,rad/s
p4_occl_20261006_205337,39.1111,1791287090913570048,1,0.14195,-0.39549,0.008932,TRACKING,-0.24264,0.28194,rad/s
p4_occl_20261006_205337,39.1410,1791287090946927616,1,0.12814,-0.41686,0.009325,TRACKING,-0.22856,0.29909,rad/s
p4_occl_20261006_205337,39.1769,1791287090980285696,1,0.11253,-0.43178,0.009514,TRACKING,-0.19222,0.33349,rad/s
p4_occl_20261006_205337,39.2119,1791287091013643264,1,0.09392,-0.43850,0.009701,TRACKING,-0.19222,0.33349,rad/s
p4_occl_20261006_205337,39.2413,1791287091047001344,1,0.07450,-0.44141,0.009898,TRACKING,-0.16880,0.34542,rad/s
p4_occl_20261006_205337,39.2772,1791287091080358912,1,0.05357,-0.44004,0.010197,TRACKING,-0.11175,0.35313,rad/s
p4_occl_20261006_205337,39.3115,1791287091113716736,1,0.03068,-0.42920,0.010451,TRACKING,-0.11175,0.35313,rad/s
p4_occl_20261006_205337,39.3412,1791287091147074816,1,0.00832,-0.42269,0.011237,TRACKING,-0.08036,0.35203,rad/s
p4_occl_20261006_205337,39.3753,1791287091180432384,1,-0.01553,-0.41021,0.011608,TRACKING,0.00000,0.33815,rad/s
p4_occl_20261006_205337,39.4101,1791287091213789696,1,-0.04045,-0.39483,0.012059,TRACKING,0.00000,0.33815,rad/s
p4_occl_20261006_205337,39.4420,1791287091247147264,1,-0.06417,-0.37742,0.012272,TRACKING,0.00000,0.31587,rad/s
p4_occl_20261006_205337,39.4763,1791287091280504576,1,-0.08828,-0.35587,0.012754,TRACKING,0.09626,0.30193,rad/s
p4_occl_20261006_205337,39.5103,1791287091313861888,1,-0.11069,-0.33134,0.013414,TRACKING,0.09626,0.30193,rad/s
p4_occl_20261006_205337,39.5441,1791287091347219200,1,-0.12965,-0.30400,0.013845,TRACKING,0.16604,0.26507,rad/s
p4_occl_20261006_205337,39.5765,1791287091380576768,1,-0.14672,-0.27782,0.014347,TRACKING,0.19448,0.24320,rad/s
p4_occl_20261006_205337,39.6114,1791287091413934080,1,-0.16214,-0.24302,0.014379,TRACKING,0.19448,0.24320,rad/s
p4_occl_20261006_205337,39.6440,1791287091447291392,1,-0.17740,-0.20598,0.014444,TRACKING,0.22008,0.22226,rad/s
p4_occl_20261006_205337,39.6774,1791287091480648960,1,-0.19327,-0.16546,0.014262,TRACKING,0.26610,0.16478,rad/s
p4_occl_20261006_205337,39.7119,1791287091514006016,1,-0.21069,-0.12589,0.014054,TRACKING,0.26610,0.16478,rad/s
p4_occl_20261006_205337,39.7418,1791287091547363584,1,-0.23035,-0.07961,0.014036,TRACKING,0.28990,0.13236,rad/s
p4_occl_20261006_205337,39.7778,1791287091580720896,1,-0.24790,-0.03438,0.014347,TRACKING,0.34553,0.06369,rad/s
p4_occl_20261006_205337,39.8130,1791287091614078464,1,-0.26405,0.01691,0.014206,TRACKING,0.34553,0.06369,rad/s
p4_occl_20261006_205337,39.8437,1791287091647435776,1,-0.28007,0.04877,0.014703,TRACKING,0.37186,0.00000,rad/s
p4_occl_20261006_205337,39.8762,1791287091680793088,1,-0.29638,0.07779,0.014618,TRACKING,0.42011,0.00000,rad/s
p4_occl_20261006_205337,39.9154,1791287091714150400,1,-0.31354,0.09385,0.015397,TRACKING,0.44456,-0.06223,rad/s
p4_occl_20261006_205337,39.9420,1791287091747507712,1,-0.32956,0.11696,0.015634,TRACKING,0.44456,-0.06223,rad/s
p4_occl_20261006_205337,39.9776,1791287091780865280,1,-0.34607,0.12839,0.016074,TRACKING,0.49435,-0.09357,rad/s
p4_occl_20261006_205337,40.0123,1791287091814222592,1,-0.36497,0.14225,0.016864,TRACKING,0.49435,-0.09357,rad/s
p4_occl_20261006_205337,40.0440,1791287091847580160,1,-0.38451,0.15731,0.017758,TRACKING,0.51910,-0.10271,rad/s
p4_occl_20261006_205337,40.0764,1791287091880937216,1,-0.40374,0.16794,0.018958,TRACKING,0.57677,-0.12585,rad/s
p4_occl_20261006_205337,40.1142,1791287091914294784,1,-0.42084,0.17087,0.019399,TRACKING,0.60000,-0.13435,rad/s
p4_occl_20261006_205337,40.1418,1791287091947652096,1,-0.43873,0.17503,0.019900,TRACKING,0.60000,-0.13435,rad/s
p4_occl_20261006_205337,40.1772,1791287091981009408,1,-0.45679,0.18115,0.020184,TRACKING,0.60000,-0.14002,rad/s
p4_occl_20261006_205337,40.2113,1791287092014366976,1,-0.47675,0.18637,0.020731,TRACKING,0.60000,-0.14002,rad/s
p4_occl_20261006_205337,40.2420,1791287092047724288,1,-0.49478,0.19582,0.020122,TRACKING,0.60000,-0.14492,rad/s
p4_occl_20261006_205337,40.2784,1791287092081081600,1,-0.50938,0.21143,0.019403,TRACKING,0.60000,-0.15666,rad/s
p4_occl_20261006_205337,40.3114,1791287092114438912,1,-0.52363,0.21409,0.018262,TRACKING,0.60000,-0.15666,rad/s
p4_occl_20261006_205337,40.3442,1791287092147796480,1,-0.53017,0.21827,0.016194,TRACKING,0.60000,-0.16914,rad/s
p4_occl_20261006_205337,40.3768,1791287092181153792,1,-0.53885,0.21590,0.014186,TRACKING,0.60000,-0.17462,rad/s
p4_occl_20261006_205337,40.4115,1791287092214511104,1,-0.53567,0.23403,0.011309,TRACKING,0.60000,-0.17462,rad/s
p4_occl_20261006_205337,40.4446,1791287092247868928,1,-0.56090,0.19587,0.012928,TRACKING,0.60000,-0.17272,rad/s
p4_occl_20261006_205337,40.4767,1791287092281226496,1,-0.57108,0.19670,0.011756,TRACKING,0.60000,-0.15670,rad/s
p4_occl_20261006_205337,40.5129,1791287092314584064,1,-0.57548,0.19480,0.011215,TRACKING,0.60000,-0.15670,rad/s
p4_occl_20261006_205337,40.5445,1791287092347941632,1,-0.58311,0.18976,0.014271,TRACKING,0.60000,-0.15736,rad/s
p4_occl_20261006_205337,40.5777,1791287092381299200,1,-0.58858,0.15557,0.017604,TRACKING,0.60000,-0.15181,rad/s
p4_occl_20261006_205337,40.6150,1791287092414656768,1,-0.59660,0.13097,0.018787,TRACKING,0.60000,-0.12445,rad/s
p4_occl_20261006_205337,40.6418,1791287092448014336,1,-0.59625,0.07750,0.023678,TRACKING,0.60000,-0.12445,rad/s
p4_occl_20261006_205337,40.6761,1791287092481372160,1,-0.59017,0.04418,0.025773,TRACKING,0.60000,-0.06200,rad/s
p4_occl_20261006_205337,40.7152,1791287092514729472,1,-0.57855,0.02901,0.026259,TRACKING,0.60000,0.00000,rad/s
p4_occl_20261006_205337,40.7413,1791287092548087040,1,-0.56451,0.10412,0.018194,TRACKING,0.60000,0.00000,rad/s
p4_occl_20261006_205337,40.7768,1791287092581444608,0,,,0.000000,TRACKING,0.60000,-0.08329,rad/s
p4_occl_20261006_205337,40.8093,1791287092614802176,0,,,0.000000,TRACKING,0.60000,-0.08329,rad/s
p4_occl_20261006_205337,40.8383,1791287092648160000,0,,,0.000000,LOST,0.00000,0.00000,rad/s
p4_occl_20261006_205337,40.8732,1791287092681517312,0,,,0.000000,LOST,0.00000,0.00000,rad/s
p4_occl_20261006_205337,40.9049,1791287092714874880,0,,,0.000000,LOST,0.00000,0.00000,rad/s
p4_occl_20261006_205337,40.9354,1791287092748232448,0,,,0.000000,LOST,0.00000,0.00000,rad/s
p4_occl_20261006_205337,40.9709,1791287092781590016,0,,,0.000000,LOST,0.00000,0.00000,rad/s
p4_occl_20261006_205337,41.0041,1791287092814947840,0,,,0.000000,LOST,0.00000,0.00000,rad/s
p4_occl_20261006_205337,41.0353,1791287092848305152,0,,,0.000000,LOST,0.00000,0.00000,rad/s
p4_occl_20261006_205337,41.0707,1791287092881662720,0,,,0.000000,LOST,0.00000,0.00000,rad/s
p4_occl_20261006_205337,41.1048,1791287092915020288,0,,,0.000000,LOST,0.00000,0.00000,rad/s
p4_occl_20261006_205337,41.1344,1791287092948377856,0,,,0.000000,LOST,0.00000,0.00000,rad/s
p4_occl_20261006_205337,41.1707,1791287092981735680,0,,,0.000000,LOST,0.00000,0.00000,rad/s
p4_occl_20261006_205337,41.2057,1791287093015092992,0,,,0.000000,LOST,0.00000,0.00000,rad/s
p4_occl_20261006_205337,41.2348,1791287093048450560,0,,,0.000000,LOST,0.00000,0.00000,rad/s
p4_occl_20261006_205337,41.2712,1791287093081808128,0,,,0.000000,LOST,0.00000,0.00000,rad/s
p4_occl_20261006_205337,41.3043,1791287093115165696,0,,,0.000000,LOST,0.00000,0.00000,rad/s
p4_occl_20261006_205337,41.3358,1791287093148523264,0,,,0.000000,LOST,0.00000,0.00000,rad/s
p4_occl_20261006_205337,41.3710,1791287093181880832,0,,,0.000000,LOST,0.00000,0.00000,rad/s
p4_occl_20261006_205337,41.4061,1791287093215238400,0,,,0.000000,LOST,0.00000,0.00000,rad/s
p4_occl_20261006_205337,41.4352,1791287093248595456,0,,,0.000000,LOST,0.00000,0.00000,rad/s
p4_occl_20261006_205337,41.4725,1791287093281952768,0,,,0.000000,LOST,0.00000,0.00000,rad/s
p4_occl_20261006_205337,41.5049,1791287093315310336,0,,,0.000000,LOST,0.00000,0.00000,rad/s
p4_occl_20261006_205337,41.5354,1791287093348667392,0,,,0.000000,LOST,0.00000,0.00000,rad/s
p4_occl_20261006_205337,41.5719,1791287093382024960,0,,,0.000000,LOST,0.00000,0.00000,rad/s
p4_occl_20261006_205337,41.6137,1791287093415382272,0,,,0.000000,LOST,0.00000,0.00000,rad/s
p4_occl_20261006_205337,41.6365,1791287093448739584,0,,,0.000000,LOST,0.00000,0.00000,rad/s
p4_occl_20261006_205337,41.6716,1791287093482096896,0,,,0.000000,LOST,0.00000,0.00000,rad/s
p4_occl_20261006_205337,41.7048,1791287093515454208,0,,,0.000000,LOST,0.00000,0.00000,rad/s
p4_occl_20261006_205337,41.7371,1791287093548811520,0,,,0.000000,LOST,0.00000,0.00000,rad/s
p4_occl_20261006_205337,41.7723,1791287093582168832,0,,,0.000000,LOST,0.00000,0.00000,rad/s
p4_occl_20261006_205337,41.8040,1791287093615526144,0,,,0.000000,LOST,0.00000,0.00000,rad/s
p4_occl_20261006_205337,41.8355,1791287093648883456,0,,,0.000000,LOST,0.00000,0.00000,rad/s
p4_occl_20261006_205337,41.8719,1791287093682240768,0,,,0.000000,LOST,0.00000,0.00000,rad/s
p4_occl_20261006_205337,41.9061,1791287093715598080,0,,,0.000000,LOST,0.00000,0.00000,rad/s
p4_occl_20261006_205337,41.9355,1791287093748955392,0,,,0.000000,LOST,0.00000,0.00000,rad/s
p4_occl_20261006_205337,41.9720,1791287093782312704,0,,,0.000000,LOST,0.00000,0.00000,rad/s
p4_occl_20261006_205337,42.0062,1791287093815670016,0,,,0.000000,LOST,0.00000,0.00000,rad/s
p4_occl_20261006_205337,42.0356,1791287093849027328,0,,,0.000000,LOST,0.00000,0.00000,rad/s
p4_occl_20261006_205337,42.0718,1791287093882384640,0,,,0.000000,LOST,0.00000,0.00000,rad/s
p4_occl_20261006_205337,42.1061,1791287093915741952,0,,,0.000000,LOST,0.00000,0.00000,rad/s
p4_occl_20261006_205337,42.1365,1791287093949099008,0,,,0.000000,LOST,0.00000,0.00000,rad/s
p4_occl_20261006_205337,42.1725,1791287093982456576,0,,,0.000000,LOST,0.00000,0.00000,rad/s
p4_occl_20261006_205337,42.2050,1791287094015813632,0,,,0.000000,LOST,0.00000,0.00000,rad/s
p4_occl_20261006_205337,42.2352,1791287094049171200,0,,,0.000000,LOST,0.00000,0.00000,rad/s
p4_occl_20261006_205337,42.2719,1791287094082528256,0,,,0.000000,LOST,0.00000,0.00000,rad/s
p4_occl_20261006_205337,42.3046,1791287094115885824,0,,,0.000000,LOST,0.00000,0.00000,rad/s
p4_occl_20261006_205337,42.3355,1791287094149242880,0,,,0.000000,LOST,0.00000,0.00000,rad/s
p4_occl_20261006_205337,42.3727,1791287094182600448,0,,,0.000000,LOST,0.00000,0.00000,rad/s
p4_occl_20261006_205337,42.4062,1791287094215958016,0,,,0.000000,LOST,0.00000,0.00000,rad/s
p4_occl_20261006_205337,42.4362,1791287094249315328,0,,,0.000000,LOST,0.00000,0.00000,rad/s
p4_occl_20261006_205337,42.4721,1791287094282673152,0,,,0.000000,LOST,0.00000,0.00000,rad/s
p4_occl_20261006_205337,42.5067,1791287094316030720,0,,,0.000000,LOST,0.00000,0.00000,rad/s
p4_occl_20261006_205337,42.5402,1791287094349388288,1,-0.31728,0.60245,0.003286,LOST,0.00000,0.00000,rad/s
p4_occl_20261006_205337,42.5781,1791287094382745856,1,-0.32722,0.41220,0.016914,LOST,0.00000,0.00000,rad/s
p4_occl_20261006_205337,42.6134,1791287094416103424,1,-0.32251,0.42628,0.016673,LOST,0.00000,0.00000,rad/s
p4_occl_20261006_205337,42.6458,1791287094449461248,1,-0.31479,0.45372,0.016165,LOST,0.00000,0.00000,rad/s
p4_occl_20261006_205337,42.6808,1791287094482818560,1,-0.30388,0.49530,0.015864,TRACKING,0.47218,-0.36297,rad/s
p4_occl_20261006_205337,42.7155,1791287094516176384,1,-0.29260,0.55070,0.015896,TRACKING,0.47218,-0.36297,rad/s
p4_occl_20261006_205337,42.7460,1791287094549533952,1,-0.28220,0.61738,0.015723,TRACKING,0.45582,-0.39624,rad/s
p4_occl_20261006_205337,42.7791,1791287094582891520,1,-0.26893,0.70374,0.016235,TRACKING,0.42330,-0.40000,rad/s
p4_occl_20261006_205337,42.8163,1791287094616249088,1,-0.25481,0.75933,0.015955,TRACKING,0.40340,-0.40000,rad/s
p4_occl_20261006_205337,42.8447,1791287094649606656,1,-0.24133,0.79257,0.014475,TRACKING,0.40340,-0.40000,rad/s
p4_occl_20261006_205337,42.8818,1791287094682964480,1,-0.22709,0.82117,0.012496,TRACKING,0.36199,-0.40000,rad/s
p4_occl_20261006_205337,42.9138,1791287094716322048,1,-0.20810,0.83896,0.010948,TRACKING,0.34063,-0.40000,rad/s
p4_occl_20261006_205337,42.9460,1791287094749679360,1,-0.18728,0.85251,0.010072,TRACKING,0.34063,-0.40000,rad/s
p4_occl_20261006_205337,42.9790,1791287094783037184,1,-0.16546,0.85793,0.009301,TRACKING,0.28092,-0.40000,rad/s
p4_occl_20261006_205337,43.0154,1791287094816394752,1,-0.14323,0.85602,0.009019,TRACKING,0.24819,-0.40000,rad/s
p4_occl_20261006_205337,43.0451,1791287094849752320,1,-0.11818,0.85357,0.009234,TRACKING,0.24819,-0.40000,rad/s
p4_occl_20261006_205337,43.0803,1791287094883109888,1,-0.09627,0.84515,0.009620,TRACKING,0.17726,-0.40000,rad/s
p4_occl_20261006_205337,43.1140,1791287094916467456,1,-0.07842,0.83612,0.010408,TRACKING,0.14441,-0.40000,rad/s
p4_occl_20261006_205337,43.1457,1791287094949825280,1,-0.06463,0.81632,0.011795,TRACKING,0.14441,-0.40000,rad/s
p4_occl_20261006_205337,43.1783,1791287094983182848,1,-0.05454,0.79639,0.012604,TRACKING,0.09695,-0.40000,rad/s
p4_occl_20261006_205337,43.2127,1791287095016540416,1,-0.04939,0.76956,0.012897,TRACKING,0.09695,-0.40000,rad/s
p4_occl_20261006_205337,43.2446,1791287095049897984,1,-0.04562,0.73212,0.012635,TRACKING,0.08182,-0.40000,rad/s
p4_occl_20261006_205337,43.2787,1791287095083255552,1,-0.04537,0.69403,0.012678,TRACKING,0.00000,-0.40000,rad/s
p4_occl_20261006_205337,43.3130,1791287095116613376,1,-0.04955,0.65775,0.012938,TRACKING,0.00000,-0.40000,rad/s
p4_occl_20261006_205337,43.3459,1791287095149970944,1,-0.05884,0.61906,0.013123,TRACKING,0.00000,-0.40000,rad/s
p4_occl_20261006_205337,43.3788,1791287095183328512,1,-0.07092,0.58077,0.013123,TRACKING,0.08825,-0.40000,rad/s
p4_occl_20261006_205337,43.4168,1791287095216686336,1,-0.08807,0.54387,0.013561,TRACKING,0.10639,-0.40000,rad/s
p4_occl_20261006_205337,43.4453,1791287095250043904,1,-0.11139,0.50983,0.013832,TRACKING,0.10639,-0.40000,rad/s
p4_occl_20261006_205337,43.4792,1791287095283401728,1,-0.13701,0.47226,0.013661,TRACKING,0.16708,-0.40000,rad/s
p4_occl_20261006_205337,43.5135,1791287095316759296,1,-0.16559,0.43630,0.014290,TRACKING,0.16708,-0.40000,rad/s
p4_occl_20261006_205337,43.5458,1791287095350117120,1,-0.19725,0.39619,0.014295,TRACKING,0.20551,-0.37781,rad/s
p4_occl_20261006_205337,43.5787,1791287095383474944,1,-0.22861,0.35916,0.014618,TRACKING,0.29587,-0.31695,rad/s
p4_occl_20261006_205337,43.6164,1791287095416832512,1,-0.25967,0.31916,0.014572,TRACKING,0.34292,-0.28733,rad/s
p4_occl_20261006_205337,43.6457,1791287095450190080,1,-0.29258,0.27832,0.015056,TRACKING,0.34292,-0.28733,rad/s
p4_occl_20261006_205337,43.6784,1791287095483547904,1,-0.32130,0.23543,0.015234,TRACKING,0.43886,-0.22266,rad/s
p4_occl_20261006_205337,43.7135,1791287095516905728,1,-0.35244,0.19378,0.015675,TRACKING,0.43886,-0.22266,rad/s
p4_occl_20261006_205337,43.7460,1791287095550263552,1,-0.38525,0.15523,0.016521,TRACKING,0.48195,-0.18835,rad/s
p4_occl_20261006_205337,43.7801,1791287095583621120,1,-0.41517,0.10938,0.017272,TRACKING,0.57788,-0.12419,rad/s
p4_occl_20261006_205337,43.8159,1791287095616978944,1,-0.43757,0.06668,0.018006,TRACKING,0.60000,-0.08750,rad/s
p4_occl_20261006_205337,43.8459,1791287095650336768,1,-0.45153,0.02745,0.018249,TRACKING,0.60000,-0.08750,rad/s
p4_occl_20261006_205337,43.8789,1791287095683694336,1,-0.45737,-0.00714,0.018377,TRACKING,0.60000,0.00000,rad/s
p4_occl_20261006_205337,43.9170,1791287095717051904,1,-0.45630,-0.04202,0.018398,TRACKING,0.60000,0.00000,rad/s
p4_occl_20261006_205337,43.9456,1791287095750409984,1,-0.44471,-0.06939,0.018207,TRACKING,0.60000,0.00000,rad/s
p4_occl_20261006_205337,43.9784,1791287095783767552,1,-0.42632,-0.09113,0.017595,TRACKING,0.60000,0.05551,rad/s
p4_occl_20261006_205337,44.0126,1791287095817125120,1,-0.40442,-0.10515,0.017233,TRACKING,0.60000,0.05551,rad/s
p4_occl_20261006_205337,44.0479,1791287095850483200,1,-0.37751,-0.11312,0.016547,TRACKING,0.60000,0.07291,rad/s
p4_occl_20261006_205337,44.0792,1791287095883840768,1,-0.34454,-0.11342,0.015495,TRACKING,0.56626,0.09050,rad/s
p4_occl_20261006_205337,44.1170,1791287095917198592,1,-0.30915,-0.10990,0.014605,TRACKING,0.51680,0.09073,rad/s
p4_occl_20261006_205337,44.1459,1791287095950556416,1,-0.27071,-0.09853,0.013609,TRACKING,0.51680,0.09073,rad/s
p4_occl_20261006_205337,44.1778,1791287095983913984,1,-0.22889,-0.08204,0.012474,TRACKING,0.40607,0.07882,rad/s
p4_occl_20261006_205337,44.2177,1791287096017272064,1,-0.18890,-0.06665,0.011482,TRACKING,0.34334,0.06563,rad/s
p4_occl_20261006_205337,44.2460,1791287096050629632,1,-0.15376,-0.05257,0.010974,TRACKING,0.34334,0.06563,rad/s
p4_occl_20261006_205337,44.2812,1791287096083987200,1,-0.12138,-0.04294,0.010534,TRACKING,0.23064,0.04205,rad/s
p4_occl_20261006_205337,44.3171,1791287096117345280,1,-0.08974,-0.03262,0.009787,TRACKING,0.18207,0.00000,rad/s
p4_occl_20261006_205337,44.3462,1791287096150702848,1,-0.06286,-0.02185,0.009217,TRACKING,0.18207,0.00000,rad/s
p4_occl_20261006_205337,44.3799,1791287096184060672,1,-0.03898,-0.01832,0.008691,TRACKING,0.09429,0.00000,rad/s
p4_occl_20261006_205337,44.4153,1791287096217418240,1,-0.01824,-0.01859,0.008299,CENTERED,0.00000,0.00000,rad/s
p4_occl_20261006_205337,44.4483,1791287096250775808,1,0.00146,-0.02107,0.007886,CENTERED,0.00000,0.00000,rad/s
p4_occl_20261006_205337,44.4795,1791287096284133632,1,0.01966,-0.02635,0.007493,CENTERED,0.00000,0.00000,rad/s
p4_occl_20261006_205337,44.5159,1791287096317491200,1,0.03319,-0.03539,0.007140,CENTERED,0.00000,0.00000,rad/s
p4_occl_20261006_205337,44.5482,1791287096350848768,1,0.04101,-0.03905,0.006868,CENTERED,0.00000,0.00000,rad/s
p4_occl_20261006_205337,44.5801,1791287096384206592,1,0.04210,-0.04038,0.006658,CENTERED,0.00000,0.00000,rad/s
p4_occl_20261006_205337,44.6170,1791287096417564160,1,0.03438,-0.03783,0.006673,CENTERED,0.00000,0.00000,rad/s
p4_occl_20261006_205337,44.6462,1791287096450921984,1,0.02254,-0.03216,0.006484,CENTERED,0.00000,0.00000,rad/s
p4_occl_20261006_205337,44.6803,1791287096484279552,1,0.00218,-0.02666,0.006478,CENTERED,0.00000,0.00000,rad/s
p4_occl_20261006_205337,44.7145,1791287096517637120,1,-0.02347,-0.02218,0.006337,CENTERED,0.00000,0.00000,rad/s
p4_occl_20261006_205337,44.7477,1791287096550994944,1,-0.04955,-0.01618,0.006385,CENTERED,0.00000,0.00000,rad/s
p4_occl_20261006_205337,44.7798,1791287096584352256,1,-0.07902,-0.01320,0.006293,CENTERED,0.00000,0.00000,rad/s
p4_occl_20261006_205337,44.8167,1791287096617710080,1,-0.11036,-0.01028,0.006096,TRACKING,0.11854,0.00000,rad/s
p4_occl_20261006_205337,44.8460,1791287096651067648,1,-0.13864,-0.00722,0.005959,TRACKING,0.11854,0.00000,rad/s
p4_occl_20261006_205337,44.8821,1791287096684425216,1,-0.16940,-0.01017,0.005430,TRACKING,0.20796,0.00000,rad/s
p4_occl_20261006_205337,44.9153,1791287096717783040,1,-0.20142,-0.01360,0.005352,TRACKING,0.25410,0.00000,rad/s
p4_occl_20261006_205337,44.9486,1791287096751140608,1,-0.23023,-0.01496,0.005056,TRACKING,0.25410,0.00000,rad/s
p4_occl_20261006_205337,44.9799,1791287096784498176,1,-0.25845,-0.01908,0.004829,TRACKING,0.34534,0.00000,rad/s
p4_occl_20261006_205337,45.0151,1791287096817856000,1,-0.28072,-0.02351,0.004889,TRACKING,0.38768,0.00000,rad/s
p4_occl_20261006_205337,45.0496,1791287096851213568,1,-0.29780,-0.02454,0.005050,TRACKING,0.38768,0.00000,rad/s
p4_occl_20261006_205337,45.0799,1791287096884571392,1,-0.30819,-0.02895,0.005095,TRACKING,0.44670,0.00000,rad/s
p4_occl_20261006_205337,45.1138,1791287096917928960,1,-0.31545,-0.03240,0.005059,TRACKING,0.46229,0.00000,rad/s
p4_occl_20261006_205337,45.1473,1791287096951286528,1,-0.31972,-0.03827,0.004963,TRACKING,0.46229,0.00000,rad/s
p4_occl_20261006_205337,45.1798,1791287096984644352,1,-0.31742,-0.04414,0.004894,TRACKING,0.47958,0.00000,rad/s
p4_occl_20261006_205337,45.2182,1791287097018001920,1,-0.30693,-0.04855,0.004681,TRACKING,0.47613,0.00000,rad/s
p4_occl_20261006_205337,45.2455,1791287097051359744,1,-0.29247,-0.05357,0.004538,TRACKING,0.47613,0.00000,rad/s
p4_occl_20261006_205337,45.2791,1791287097084717312,1,-0.27218,-0.05728,0.004299,TRACKING,0.43871,0.04285,rad/s
p4_occl_20261006_205337,45.3168,1791287097118074880,1,-0.24833,-0.05968,0.004249,TRACKING,0.40827,0.04583,rad/s
p4_occl_20261006_205337,45.3473,1791287097151432704,1,-0.22248,-0.06422,0.004149,TRACKING,0.40827,0.04583,rad/s
p4_occl_20261006_205337,45.3795,1791287097184790016,1,-0.19226,-0.06569,0.004108,TRACKING,0.33372,0.05137,rad/s
p4_occl_20261006_205337,45.4161,1791287097218147840,1,-0.15956,-0.06672,0.004019,TRACKING,0.28838,0.05255,rad/s
p4_occl_20261006_205337,45.4479,1791287097251505664,1,-0.12497,-0.06839,0.004056,TRACKING,0.28838,0.05255,rad/s
p4_occl_20261006_205337,45.4798,1791287097284863232,1,-0.09072,-0.07150,0.003991,TRACKING,0.18745,0.05471,rad/s
p4_occl_20261006_205337,45.5176,1791287097318221312,1,-0.05431,-0.07454,0.003956,TRACKING,0.13608,0.05720,rad/s
p4_occl_20261006_205337,45.5458,1791287097351578880,1,-0.01592,-0.07092,0.003989,TRACKING,0.13608,0.05720,rad/s
p4_occl_20261006_205337,45.5806,1791287097384936448,1,0.02419,-0.07137,0.004151,TRACKING,0.00000,0.05674,rad/s
p4_occl_20261006_205337,45.6174,1791287097418294528,1,0.06633,-0.06556,0.004390,TRACKING,0.00000,0.05710,rad/s
p4_occl_20261006_205337,45.6491,1791287097451652096,1,0.10885,-0.06070,0.004653,TRACKING,0.00000,0.05710,rad/s
p4_occl_20261006_205337,45.6793,1791287097485009664,1,0.14952,-0.05557,0.004878,TRACKING,-0.16328,0.04856,rad/s
p4_occl_20261006_205337,45.7177,1791287097518367744,1,0.18927,-0.04757,0.005087,TRACKING,-0.22428,0.04446,rad/s
p4_occl_20261006_205337,45.7476,1791287097551725312,1,0.22369,-0.04361,0.005319,TRACKING,-0.22428,0.04446,rad/s
p4_occl_20261006_205337,45.7798,1791287097585082880,1,0.25563,-0.04251,0.005449,TRACKING,-0.33553,0.00000,rad/s
p4_occl_20261006_205337,45.8166,1791287097618440960,1,0.28276,-0.03828,0.005614,TRACKING,-0.38345,0.00000,rad/s
p4_occl_20261006_205337,45.8479,1791287097651798528,1,0.30868,-0.03212,0.005614,TRACKING,-0.38345,0.00000,rad/s
p4_occl_20261006_205337,45.8800,1791287097685156352,1,0.33324,-0.02841,0.005649,TRACKING,-0.46303,0.00000,rad/s
p4_occl_20261006_205337,45.9163,1791287097718514176,1,0.35911,-0.02855,0.005471,TRACKING,-0.49986,0.00000,rad/s
p4_occl_20261006_205337,45.9470,1791287097751871744,1,0.38078,-0.02653,0.005447,TRACKING,-0.49986,0.00000,rad/s
p4_occl_20261006_205337,45.9803,1791287097785229568,1,0.40194,-0.02927,0.005410,TRACKING,-0.57118,0.00000,rad/s
p4_occl_20261006_205337,46.0176,1791287097818587392,1,0.41965,-0.03314,0.005404,TRACKING,-0.60000,0.00000,rad/s
p4_occl_20261006_205337,46.0477,1791287097851944960,1,0.43593,-0.03599,0.005432,TRACKING,-0.60000,0.00000,rad/s
p4_occl_20261006_205337,46.0809,1791287097885302784,1,0.44874,-0.04043,0.005523,TRACKING,-0.60000,0.00000,rad/s
p4_occl_20261006_205337,46.1156,1791287097918660608,1,0.45737,-0.04168,0.005508,TRACKING,-0.60000,0.00000,rad/s
p4_occl_20261006_205337,46.1505,1791287097952018432,1,0.46457,-0.04437,0.005579,TRACKING,-0.60000,0.00000,rad/s
p4_occl_20261006_205337,46.1804,1791287097985376256,1,0.47150,-0.04610,0.005790,TRACKING,-0.60000,0.00000,rad/s
p4_occl_20261006_205337,46.2168,1791287098018733824,1,0.47682,-0.04652,0.005753,TRACKING,-0.60000,0.00000,rad/s
p4_occl_20261006_205337,46.2475,1791287098052091648,1,0.48013,-0.04893,0.005757,TRACKING,-0.60000,0.00000,rad/s
p4_occl_20261006_205337,46.2798,1791287098085449472,1,0.48243,-0.04804,0.005812,TRACKING,-0.60000,0.00000,rad/s
p4_occl_20261006_205337,46.3174,1791287098118807040,1,0.48279,-0.05139,0.006009,TRACKING,-0.60000,0.00000,rad/s
p4_occl_20261006_205337,46.3487,1791287098152164864,1,0.48010,-0.05360,0.006068,TRACKING,-0.60000,0.00000,rad/s
p4_occl_20261006_205337,46.3805,1791287098185522688,1,0.47566,-0.05427,0.006076,TRACKING,-0.60000,0.04288,rad/s
p4_occl_20261006_205337,46.4175,1791287098218880256,1,0.47181,-0.05381,0.006200,TRACKING,-0.60000,0.04342,rad/s
p4_occl_20261006_205337,46.4498,1791287098252238336,1,0.46837,-0.05770,0.006094,TRACKING,-0.60000,0.04342,rad/s
p4_occl_20261006_205337,46.4825,1791287098285595904,1,0.46555,-0.05936,0.006092,TRACKING,-0.60000,0.04616,rad/s
p4_occl_20261006_205337,46.5163,1791287098318953984,1,0.46004,-0.06402,0.006053,TRACKING,-0.60000,0.04749,rad/s
p4_occl_20261006_205337,46.5494,1791287098352311552,1,0.45406,-0.07067,0.005946,TRACKING,-0.60000,0.04749,rad/s
p4_occl_20261006_205337,46.5807,1791287098385669376,1,0.44848,-0.08013,0.005655,TRACKING,-0.60000,0.05654,rad/s
p4_occl_20261006_205337,46.6189,1791287098419027200,1,0.44204,-0.09382,0.005191,TRACKING,-0.60000,0.06410,rad/s
p4_occl_20261006_205337,46.6474,1791287098452385024,1,0.43464,-0.10765,0.004937,TRACKING,-0.60000,0.06410,rad/s
p4_occl_20261006_205337,46.6806,1791287098485742592,1,0.42527,-0.12083,0.004729,TRACKING,-0.60000,0.08612,rad/s
p4_occl_20261006_205337,46.7167,1791287098519100672,1,0.41210,-0.13294,0.004414,TRACKING,-0.60000,0.09667,rad/s
p4_occl_20261006_205337,46.7490,1791287098552458240,1,0.39720,-0.14257,0.004191,TRACKING,-0.60000,0.09667,rad/s
p4_occl_20261006_205337,46.7809,1791287098585816064,1,0.38131,-0.15035,0.004078,TRACKING,-0.59580,0.11406,rad/s
p4_occl_20261006_205337,46.8188,1791287098619174144,1,0.36514,-0.15337,0.003837,TRACKING,-0.57196,0.12028,rad/s
p4_occl_20261006_205337,46.8488,1791287098652531712,1,0.34898,-0.16178,0.003770,TRACKING,-0.57196,0.12028,rad/s
p4_occl_20261006_205337,46.8809,1791287098685889536,1,0.33293,-0.16870,0.003635,TRACKING,-0.52347,0.12942,rad/s
p4_occl_20261006_205337,46.9188,1791287098719247360,1,0.31757,-0.17944,0.003589,TRACKING,-0.49939,0.13496,rad/s
p4_occl_20261006_205337,46.9490,1791287098752605184,1,0.30284,-0.18303,0.003327,TRACKING,-0.49939,0.13496,rad/s
p4_occl_20261006_205337,46.9805,1791287098785963008,1,0.29008,-0.19397,0.003016,TRACKING,-0.45426,0.14642,rad/s
p4_occl_20261006_205337,47.0176,1791287098819320832,1,0.27967,-0.21232,0.003086,TRACKING,-0.43512,0.15518,rad/s
p4_occl_20261006_205337,47.0502,1791287098852678656,1,0.27070,-0.22154,0.002782,TRACKING,-0.43512,0.15518,rad/s
p4_occl_20261006_205337,47.0819,1791287098886036736,1,0.26123,-0.23448,0.002539,TRACKING,-0.40605,0.17723,rad/s
p4_occl_20261006_205337,47.1165,1791287098919394304,1,0.24945,-0.24077,0.002079,TRACKING,-0.39184,0.18758,rad/s
p4_occl_20261006_205337,47.1492,1791287098952752128,1,0.24104,-0.25422,0.001892,TRACKING,-0.39184,0.18758,rad/s
p4_occl_20261006_205337,47.1808,1791287098986110208,1,0.23396,-0.26274,0.001795,TRACKING,-0.36156,0.20337,rad/s
p4_occl_20261006_205337,47.2193,1791287099019467776,1,0.22909,-0.27627,0.001914,TRACKING,-0.35095,0.21019,rad/s
p4_occl_20261006_205337,47.2487,1791287099052825600,1,0.22366,-0.28482,0.001749,TRACKING,-0.35095,0.21019,rad/s
p4_occl_20261006_205337,47.2815,1791287099086183680,1,0.21996,-0.30041,0.001688,TRACKING,-0.33549,0.22786,rad/s
p4_occl_20261006_205337,47.3194,1791287099119541504,1,0.21714,-0.31799,0.001834,TRACKING,-0.32994,0.24033,rad/s
p4_occl_20261006_205337,47.3474,1791287099152899072,1,0.21278,-0.33534,0.001654,TRACKING,-0.32994,0.24033,rad/s
p4_occl_20261006_205337,47.3817,1791287099186257152,1,0.21090,-0.36572,0.001740,TRACKING,-0.31916,0.26827,rad/s
p4_occl_20261006_205337,47.4182,1791287099219614464,1,0.20704,-0.39315,0.001532,TRACKING,-0.31635,0.29258,rad/s
p4_occl_20261006_205337,47.4508,1791287099252972032,1,0.20749,-0.43976,0.001595,TRACKING,-0.31635,0.29258,rad/s
p4_occl_20261006_205337,47.4823,1791287099286329600,1,0.20230,-0.46576,0.001647,TRACKING,-0.31123,0.35181,rad/s
p4_occl_20261006_205337,47.5185,1791287099319686912,0,,,0.000000,TRACKING,-0.30345,0.37261,rad/s
p4_occl_20261006_205337,47.5490,1791287099353044480,1,0.19608,-0.55121,0.001378,TRACKING,-0.30345,0.37261,rad/s
p4_occl_20261006_205337,47.5818,1791287099386401792,1,0.18810,-0.58355,0.001406,TRACKING,-0.29412,0.40000,rad/s
p4_occl_20261006_205337,47.6185,1791287099419759360,1,0.17959,-0.61890,0.001369,TRACKING,-0.28214,0.40000,rad/s
p4_occl_20261006_205337,47.6488,1791287099453116928,1,0.17173,-0.65495,0.001278,TRACKING,-0.28214,0.40000,rad/s
p4_occl_20261006_205337,47.6820,1791287099486474240,1,0.15909,-0.69372,0.001411,TRACKING,-0.25760,0.40000,rad/s
p4_occl_20261006_205337,47.7150,1791287099519831808,0,,,0.000000,TRACKING,-0.23864,0.40000,rad/s
p4_occl_20261006_205337,47.7498,1791287099553189120,0,,,0.000000,TRACKING,-0.23864,0.40000,rad/s
p4_occl_20261006_205337,47.7808,1791287099586546688,0,,,0.000000,LOST,0.00000,0.00000,rad/s
p4_occl_20261006_205337,47.8179,1791287099619904256,0,,,0.000000,LOST,0.00000,0.00000,rad/s
p4_occl_20261006_205337,47.8496,1791287099653261824,0,,,0.000000,LOST,0.00000,0.00000,rad/s
p4_occl_20261006_205337,47.8819,1791287099686619136,0,,,0.000000,LOST,0.00000,0.00000,rad/s
p4_occl_20261006_205337,47.9166,1791287099719976448,0,,,0.000000,LOST,0.00000,0.00000,rad/s
p4_occl_20261006_205337,47.9482,1791287099753334016,0,,,0.000000,LOST,0.00000,0.00000,rad/s
p4_occl_20261006_205337,47.9815,1791287099786691328,0,,,0.000000,LOST,0.00000,0.00000,rad/s
p4_occl_20261006_205337,48.0179,1791287099820048896,0,,,0.000000,LOST,0.00000,0.00000,rad/s
p4_occl_20261006_205337,48.0491,1791287099853406464,0,,,0.000000,LOST,0.00000,0.00000,rad/s
p4_occl_20261006_205337,48.0822,1791287099886764032,0,,,0.000000,LOST,0.00000,0.00000,rad/s
p4_occl_20261006_205337,48.1162,1791287099920121344,0,,,0.000000,LOST,0.00000,0.00000,rad/s
p4_occl_20261006_205337,48.1492,1791287099953478656,0,,,0.000000,LOST,0.00000,0.00000,rad/s
p4_occl_20261006_205337,48.1814,1791287099986836224,0,,,0.000000,LOST,0.00000,0.00000,rad/s
p4_occl_20261006_205337,48.2211,1791287100020193536,0,,,0.000000,LOST,0.00000,0.00000,rad/s
p4_occl_20261006_205337,48.2482,1791287100053551104,0,,,0.000000,LOST,0.00000,0.00000,rad/s
p4_occl_20261006_205337,48.2820,1791287100086908416,0,,,0.000000,LOST,0.00000,0.00000,rad/s
p4_occl_20261006_205337,48.3182,1791287100120265984,0,,,0.000000,LOST,0.00000,0.00000,rad/s
p4_occl_20261006_205337,48.3486,1791287100153623296,0,,,0.000000,LOST,0.00000,0.00000,rad/s
p4_occl_20261006_205337,48.3805,1791287100186980864,0,,,0.000000,LOST,0.00000,0.00000,rad/s
p4_occl_20261006_205337,48.4172,1791287100220338432,0,,,0.000000,LOST,0.00000,0.00000,rad/s
p4_occl_20261006_205337,48.4497,1791287100253696000,0,,,0.000000,LOST,0.00000,0.00000,rad/s
p4_occl_20261006_205337,48.4814,1791287100287053824,0,,,0.000000,LOST,0.00000,0.00000,rad/s
p4_occl_20261006_205337,48.5171,1791287100320411392,0,,,0.000000,LOST,0.00000,0.00000,rad/s
p4_occl_20261006_205337,48.5499,1791287100353768960,0,,,0.000000,LOST,0.00000,0.00000,rad/s
p4_occl_20261006_205337,48.5814,1791287100387126784,0,,,0.000000,LOST,0.00000,0.00000,rad/s
p4_occl_20261006_205337,48.6166,1791287100420484352,0,,,0.000000,LOST,0.00000,0.00000,rad/s
p4_occl_20261006_205337,48.6507,1791287100453841920,1,-0.71400,-0.09434,0.002118,LOST,0.00000,0.00000,rad/s
p4_occl_20261006_205337,48.6837,1791287100487199744,1,-0.78817,0.11334,0.001354,LOST,0.00000,0.00000,rad/s
p4_occl_20261006_205337,48.7202,1791287100520557312,1,-0.86923,0.26920,0.004753,LOST,0.00000,0.00000,rad/s
p4_occl_20261006_205337,48.7509,1791287100553915136,1,-0.94675,0.39372,0.005169,LOST,0.00000,0.00000,rad/s
p4_occl_20261006_205337,48.7833,1791287100587272704,0,,,0.000000,TRACKING,0.60000,-0.31498,rad/s
p4_occl_20261006_205337,48.8177,1791287100620630272,0,,,0.000000,LOST,0.00000,0.00000,rad/s
p4_occl_20261006_205337,48.8498,1791287100653988096,0,,,0.000000,LOST,0.00000,0.00000,rad/s
p4_occl_20261006_205337,48.8837,1791287100687345664,0,,,0.000000,LOST,0.00000,0.00000,rad/s
p4_occl_20261006_205337,48.9181,1791287100720703488,0,,,0.000000,LOST,0.00000,0.00000,rad/s
p4_occl_20261006_205337,48.9494,1791287100754061056,0,,,0.000000,LOST,0.00000,0.00000,rad/s
p4_occl_20261006_205337,48.9818,1791287100787418624,0,,,0.000000,LOST,0.00000,0.00000,rad/s
p4_occl_20261006_205337,49.0192,1791287100820776448,0,,,0.000000,LOST,0.00000,0.00000,rad/s
p4_occl_20261006_205337,49.0485,1791287100854134016,0,,,0.000000,LOST,0.00000,0.00000,rad/s
p4_occl_20261006_205337,49.0823,1791287100887491584,0,,,0.000000,LOST,0.00000,0.00000,rad/s
p4_occl_20261006_205337,49.1175,1791287100920849408,0,,,0.000000,LOST,0.00000,0.00000,rad/s
p4_occl_20261006_205337,49.1506,1791287100954206976,0,,,0.000000,LOST,0.00000,0.00000,rad/s
p4_occl_20261006_205337,49.1840,1791287100987564800,0,,,0.000000,LOST,0.00000,0.00000,rad/s
p4_occl_20261006_205337,49.2188,1791287101020922368,0,,,0.000000,LOST,0.00000,0.00000,rad/s
p4_occl_20261006_205337,49.2474,1791287101054279936,0,,,0.000000,LOST,0.00000,0.00000,rad/s
p4_occl_20261006_205337,49.2831,1791287101087637760,0,,,0.000000,LOST,0.00000,0.00000,rad/s
p4_occl_20261006_205337,49.3173,1791287101120995328,0,,,0.000000,LOST,0.00000,0.00000,rad/s
p4_occl_20261006_205337,49.3500,1791287101154353152,0,,,0.000000,LOST,0.00000,0.00000,rad/s
p4_occl_20261006_205337,49.3822,1791287101187710720,0,,,0.000000,LOST,0.00000,0.00000,rad/s
p4_occl_20261006_205337,49.4160,1791287101221068032,0,,,0.000000,LOST,0.00000,0.00000,rad/s
p4_occl_20261006_205337,49.4492,1791287101254425856,0,,,0.000000,LOST,0.00000,0.00000,rad/s
p4_occl_20261006_205337,49.4819,1791287101287783168,0,,,0.000000,LOST,0.00000,0.00000,rad/s
p4_occl_20261006_205337,49.5176,1791287101321140736,0,,,0.000000,LOST,0.00000,0.00000,rad/s
p4_occl_20261006_205337,49.5484,1791287101354498048,0,,,0.000000,LOST,0.00000,0.00000,rad/s
p4_occl_20261006_205337,49.5817,1791287101387855616,0,,,0.000000,LOST,0.00000,0.00000,rad/s
p4_occl_20261006_205337,49.6174,1791287101421213184,0,,,0.000000,LOST,0.00000,0.00000,rad/s
p4_occl_20261006_205337,49.6501,1791287101454570496,0,,,0.000000,LOST,0.00000,0.00000,rad/s
p4_occl_20261006_205337,49.6820,1791287101487928064,0,,,0.000000,LOST,0.00000,0.00000,rad/s
p4_occl_20261006_205337,49.7192,1791287101521285632,0,,,0.000000,LOST,0.00000,0.00000,rad/s
p4_occl_20261006_205337,49.7492,1791287101554642944,0,,,0.000000,LOST,0.00000,0.00000,rad/s
p4_occl_20261006_205337,49.7832,1791287101588000512,0,,,0.000000,LOST,0.00000,0.00000,rad/s
p4_occl_20261006_205337,49.8187,1791287101621357824,0,,,0.000000,LOST,0.00000,0.00000,rad/s
p4_occl_20261006_205337,49.8502,1791287101654715392,0,,,0.000000,LOST,0.00000,0.00000,rad/s
p4_occl_20261006_205337,49.8827,1791287101688072960,0,,,0.000000,LOST,0.00000,0.00000,rad/s
p4_occl_20261006_205337,49.9183,1791287101721430528,0,,,0.000000,LOST,0.00000,0.00000,rad/s
p4_occl_20261006_205337,49.9498,1791287101754787840,0,,,0.000000,LOST,0.00000,0.00000,rad/s
p4_occl_20261006_205337,49.9822,1791287101788145152,0,,,0.000000,LOST,0.00000,0.00000,rad/s
p4_occl_20261006_205337,50.0177,1791287101821502720,0,,,0.000000,LOST,0.00000,0.00000,rad/s
p4_occl_20261006_205337,50.0510,1791287101854860288,0,,,0.000000,LOST,0.00000,0.00000,rad/s
p4_occl_20261006_205337,50.0831,1791287101888217856,0,,,0.000000,LOST,0.00000,0.00000,rad/s
p4_occl_20261006_205337,50.1179,1791287101921575168,0,,,0.000000,LOST,0.00000,0.00000,rad/s
p4_occl_20261006_205337,50.1495,1791287101954932736,0,,,0.000000,LOST,0.00000,0.00000,rad/s
p4_occl_20261006_205337,50.1826,1791287101988290048,0,,,0.000000,LOST,0.00000,0.00000,rad/s
p4_occl_20261006_205337,50.2190,1791287102021647360,0,,,0.000000,LOST,0.00000,0.00000,rad/s
p4_occl_20261006_205337,50.2508,1791287102055005184,0,,,0.000000,LOST,0.00000,0.00000,rad/s
p4_occl_20261006_205337,50.2816,1791287102088362496,0,,,0.000000,LOST,0.00000,0.00000,rad/s
p4_occl_20261006_205337,50.3180,1791287102121720064,0,,,0.000000,LOST,0.00000,0.00000,rad/s
p4_occl_20261006_205337,50.3519,1791287102155077376,0,,,0.000000,LOST,0.00000,0.00000,rad/s
p4_occl_20261006_205337,50.3815,1791287102188434688,0,,,0.000000,LOST,0.00000,0.00000,rad/s
p4_occl_20261006_205337,50.4171,1791287102221792768,0,,,0.000000,LOST,0.00000,0.00000,rad/s
p4_occl_20261006_205337,50.4514,1791287102255150592,0,,,0.000000,LOST,0.00000,0.00000,rad/s
p4_occl_20261006_205337,50.4813,1791287102288508416,0,,,0.000000,LOST,0.00000,0.00000,rad/s
p4_occl_20261006_205337,50.5179,1791287102321866240,0,,,0.000000,LOST,0.00000,0.00000,rad/s
p4_occl_20261006_205337,50.5507,1791287102355224064,0,,,0.000000,LOST,0.00000,0.00000,rad/s
p4_occl_20261006_205337,50.5851,1791287102388581888,0,,,0.000000,LOST,0.00000,0.00000,rad/s
p4_occl_20261006_205337,50.6183,1791287102421939712,0,,,0.000000,LOST,0.00000,0.00000,rad/s
p4_occl_20261006_205337,50.6491,1791287102455297536,0,,,0.000000,LOST,0.00000,0.00000,rad/s
p4_occl_20261006_205337,50.6833,1791287102488655616,0,,,0.000000,LOST,0.00000,0.00000,rad/s
p4_occl_20261006_205337,50.7206,1791287102522013184,0,,,0.000000,LOST,0.00000,0.00000,rad/s
p4_occl_20261006_205337,50.7508,1791287102555371008,0,,,0.000000,LOST,0.00000,0.00000,rad/s
p4_occl_20261006_205337,50.7832,1791287102588729088,0,,,0.000000,LOST,0.00000,0.00000,rad/s
p4_occl_20261006_205337,50.8196,1791287102622086912,0,,,0.000000,LOST,0.00000,0.00000,rad/s
p4_occl_20261006_205337,50.8510,1791287102655444480,0,,,0.000000,LOST,0.00000,0.00000,rad/s
p4_occl_20261006_205337,50.8822,1791287102688802560,0,,,0.000000,LOST,0.00000,0.00000,rad/s
p4_occl_20261006_205337,50.9183,1791287102722160384,0,,,0.000000,LOST,0.00000,0.00000,rad/s
p4_occl_20261006_205337,50.9505,1791287102755518208,0,,,0.000000,LOST,0.00000,0.00000,rad/s
p4_occl_20261006_205337,50.9827,1791287102788876288,0,,,0.000000,LOST,0.00000,0.00000,rad/s
p4_occl_20261006_205337,51.0179,1791287102822234112,0,,,0.000000,LOST,0.00000,0.00000,rad/s
p4_occl_20261006_205337,51.0514,1791287102855591680,0,,,0.000000,LOST,0.00000,0.00000,rad/s
p4_occl_20261006_205337,51.0833,1791287102888949760,0,,,0.000000,LOST,0.00000,0.00000,rad/s
p4_occl_20261006_205337,51.1184,1791287102922307584,0,,,0.000000,LOST,0.00000,0.00000,rad/s
p4_occl_20261006_205337,51.1527,1791287102955665408,0,,,0.000000,LOST,0.00000,0.00000,rad/s
p4_occl_20261006_205337,51.1837,1791287102989023488,0,,,0.000000,LOST,0.00000,0.00000,rad/s
p4_occl_20261006_205337,51.2183,1791287103022381312,0,,,0.000000,LOST,0.00000,0.00000,rad/s
p4_occl_20261006_205337,51.2521,1791287103055739136,0,,,0.000000,LOST,0.00000,0.00000,rad/s
p4_occl_20261006_205337,51.2839,1791287103089096960,0,,,0.000000,LOST,0.00000,0.00000,rad/s
p4_occl_20261006_205337,51.3191,1791287103122454784,0,,,0.000000,LOST,0.00000,0.00000,rad/s
