t,src,ex,ey,area,age,pan_cmd,tilt_cmd,status,pan_pos,tilt_pos
1.9212,target,0.00000,0.00000,0.000000,4566.4537,,,,,
1.9564,target,0.00000,0.00000,0.000000,4566.4556,,,,,
1.9876,target,0.00000,0.00000,0.000000,4566.4534,,,,,
2.0196,target,0.00000,0.00000,0.000000,4566.4521,,,,,
2.0573,target,0.00000,0.00000,0.000000,4566.4564,,,,,
2.0911,target,0.00000,0.00000,0.000000,4566.4568,,,,,
2.0955,joint,,,,,,,,0.21476,-0.26384
2.1193,target,0.00000,0.00000,0.000000,4566.4517,,,,,
2.1582,target,0.00000,0.00000,0.000000,4566.4572,,,,,
2.1825,cmd,,,,,0.00000,0.00000,,,
2.1827,status,,,,,,,LOST,,
2.1912,target,0.00000,0.00000,0.000000,4566.4569,,,,,
2.2186,target,0.00000,0.00000,0.000000,4566.4509,,,,,
2.2329,cmd,,,,,0.00000,0.00000,,,
2.2340,status,,,,,,,LOST,,
2.2571,target,0.00000,0.00000,0.000000,4566.4560,,,,,
2.2838,cmd,,,,,0.00000,0.00000,,,
2.2839,status,,,,,,,LOST,,
2.2871,target,0.00000,0.00000,0.000000,4566.4527,,,,,
2.3211,target,0.00000,0.00000,0.000000,4566.4534,,,,,
2.3333,cmd,,,,,0.00000,0.00000,,,
2.3343,status,,,,,,,LOST,,
2.3571,target,0.00000,0.00000,0.000000,4566.4560,,,,,
2.3827,cmd,,,,,0.00000,0.00000,,,
2.3828,status,,,,,,,LOST,,
2.3888,target,0.00000,0.00000,0.000000,4566.4543,,,,,
2.4206,target,0.00000,0.00000,0.000000,4566.4527,,,,,
2.4331,cmd,,,,,0.00000,0.00000,,,
2.4332,status,,,,,,,LOST,,
2.4578,target,0.00000,0.00000,0.000000,4566.4566,,,,,
2.4837,cmd,,,,,0.00000,0.00000,,,
2.4851,status,,,,,,,LOST,,
2.4911,target,0.00000,0.00000,0.000000,4566.4565,,,,,
2.5227,target,0.00000,0.00000,0.000000,4566.4548,,,,,
2.5340,cmd,,,,,0.00000,0.00000,,,
2.5343,status,,,,,,,LOST,,
2.5563,target,0.00000,0.00000,0.000000,4566.4550,,,,,
2.5835,cmd,,,,,0.00000,0.00000,,,
2.5836,status,,,,,,,LOST,,
2.5882,target,0.00000,0.00000,0.000000,4566.4535,,,,,
2.6103,joint,,,,,,,,0.21476,-0.26384
2.6253,target,0.00000,0.00000,0.000000,4566.4573,,,,,
2.6333,cmd,,,,,0.00000,0.00000,,,
2.6337,status,,,,,,,LOST,,
2.6567,target,0.00000,0.00000,0.000000,4566.4553,,,,,
2.6829,cmd,,,,,0.00000,0.00000,,,
2.6831,status,,,,,,,LOST,,
2.6891,target,0.00000,0.00000,0.000000,4566.4544,,,,,
2.7205,target,0.00000,0.00000,0.000000,4566.4524,,,,,
2.7332,cmd,,,,,0.00000,0.00000,,,
2.7341,status,,,,,,,LOST,,
2.7567,target,0.00000,0.00000,0.000000,4566.4552,,,,,
2.7826,cmd,,,,,0.00000,0.00000,,,
2.7828,status,,,,,,,LOST,,
2.7910,target,0.00000,0.00000,0.000000,4566.4562,,,,,
2.8195,target,0.00000,0.00000,0.000000,4566.4513,,,,,
2.8330,cmd,,,,,0.00000,0.00000,,,
2.8335,status,,,,,,,LOST,,
2.8561,target,0.00000,0.00000,0.000000,4566.4546,,,,,
2.8830,cmd,,,,,0.00000,0.00000,,,
2.8841,status,,,,,,,LOST,,
2.8869,target,0.00000,0.00000,0.000000,4566.4520,,,,,
2.9214,target,0.00000,0.00000,0.000000,4566.4532,,,,,
2.9333,cmd,,,,,0.00000,0.00000,,,
2.9342,status,,,,,,,LOST,,
2.9573,target,0.00000,0.00000,0.000000,4566.4557,,,,,
2.9835,cmd,,,,,0.00000,0.00000,,,
2.9840,status,,,,,,,LOST,,
2.9919,target,0.00000,0.00000,0.000000,4566.4569,,,,,
3.0194,target,0.00000,0.00000,0.000000,4566.4512,,,,,
3.0328,cmd,,,,,0.00000,0.00000,,,
3.0329,status,,,,,,,LOST,,
3.0572,target,0.00000,0.00000,0.000000,4566.4555,,,,,
3.0831,cmd,,,,,0.00000,0.00000,,,
3.0831,status,,,,,,,LOST,,
3.0891,target,0.00000,0.00000,0.000000,4566.4541,,,,,
3.1216,target,0.00000,0.00000,0.000000,4566.4533,,,,,
3.1317,joint,,,,,,,,0.21476,-0.26384
3.1341,cmd,,,,,0.00000,0.00000,,,
3.1345,status,,,,,,,LOST,,
3.1571,target,0.00000,0.00000,0.000000,4566.4554,,,,,
3.1831,cmd,,,,,0.00000,0.00000,,,
3.1834,status,,,,,,,LOST,,
3.1915,target,0.00000,0.00000,0.000000,4566.4565,,,,,
3.2210,target,0.00000,0.00000,0.000000,4566.4526,,,,,
3.2325,cmd,,,,,0.00000,0.00000,,,
3.2331,status,,,,,,,LOST,,
3.2559,target,0.00000,0.00000,0.000000,4566.4541,,,,,
3.2855,cmd,,,,,0.00000,0.00000,,,
3.2857,status,,,,,,,LOST,,
3.2905,target,0.00000,0.00000,0.000000,4566.4554,,,,,
3.3219,target,0.00000,0.00000,0.000000,4566.4534,,,,,
3.3342,cmd,,,,,0.00000,0.00000,,,
3.3344,status,,,,,,,LOST,,
3.3566,target,0.00000,0.00000,0.000000,4566.4548,,,,,
3.3827,cmd,,,,,0.00000,0.00000,,,
3.3841,status,,,,,,,LOST,,
3.3905,target,0.00000,0.00000,0.000000,4566.4553,,,,,
3.4218,target,0.00000,0.00000,0.000000,4566.4533,,,,,
3.4329,cmd,,,,,0.00000,0.00000,,,
3.4354,status,,,,,,,LOST,,
3.4584,target,0.00000,0.00000,0.000000,4566.4565,,,,,
3.4828,cmd,,,,,0.00000,0.00000,,,
3.4830,status,,,,,,,LOST,,
3.4893,target,0.00000,0.00000,0.000000,4566.4540,,,,,
3.5225,target,0.00000,0.00000,0.000000,4566.4539,,,,,
3.5333,cmd,,,,,0.00000,0.00000,,,
3.5333,status,,,,,,,LOST,,
3.5579,target,0.00000,0.00000,0.000000,4566.4559,,,,,
3.5822,cmd,,,,,0.00000,0.00000,,,
3.5825,status,,,,,,,LOST,,
3.5913,target,0.00000,0.00000,0.000000,4566.4560,,,,,
3.6193,target,0.00000,0.00000,0.000000,4566.4506,,,,,
3.6329,cmd,,,,,0.00000,0.00000,,,
3.6332,status,,,,,,,LOST,,
3.6497,joint,,,,,,,,0.21476,-0.26384
3.6577,target,0.00000,0.00000,0.000000,4566.4557,,,,,
3.6841,cmd,,,,,0.00000,0.00000,,,
3.6843,status,,,,,,,LOST,,
3.6884,target,0.00000,0.00000,0.000000,4566.4529,,,,,
3.7207,target,0.00000,0.00000,0.000000,4566.4519,,,,,
3.7327,cmd,,,,,0.00000,0.00000,,,
3.7343,status,,,,,,,LOST,,
3.7556,target,0.00000,0.00000,0.000000,4566.4534,,,,,
3.7852,cmd,,,,,0.00000,0.00000,,,
3.7853,status,,,,,,,LOST,,
3.7907,target,0.00000,0.00000,0.000000,4566.4552,,,,,
3.8217,target,0.00000,0.00000,0.000000,4566.4528,,,,,
3.8334,cmd,,,,,0.00000,0.00000,,,
3.8356,status,,,,,,,LOST,,
3.8577,target,0.00000,0.00000,0.000000,4566.4555,,,,,
3.8822,cmd,,,,,0.00000,0.00000,,,
3.8823,status,,,,,,,LOST,,
3.8912,target,0.00000,0.00000,0.000000,4566.4557,,,,,
3.9233,target,0.00000,0.00000,0.000000,4566.4543,,,,,
3.9330,cmd,,,,,0.00000,0.00000,,,
3.9338,status,,,,,,,LOST,,
3.9579,target,0.00000,0.00000,0.000000,4566.4557,,,,,
3.9825,cmd,,,,,0.00000,0.00000,,,
3.9843,status,,,,,,,LOST,,
3.9921,target,0.00000,0.00000,0.000000,4566.4564,,,,,
4.0206,target,0.00000,0.00000,0.000000,4566.4516,,,,,
4.0335,cmd,,,,,0.00000,0.00000,,,
4.0354,status,,,,,,,LOST,,
4.0580,target,0.00000,0.00000,0.000000,4566.4557,,,,,
4.0841,cmd,,,,,0.00000,0.00000,,,
4.0842,status,,,,,,,LOST,,
4.0916,target,0.00000,0.00000,0.000000,4566.4559,,,,,
4.1229,target,0.00000,0.00000,0.000000,4566.4538,,,,,
4.1331,cmd,,,,,0.00000,0.00000,,,
4.1340,status,,,,,,,LOST,,
4.1583,target,0.00000,0.00000,0.000000,4566.4559,,,,,
4.1722,joint,,,,,,,,0.21476,-0.26384
4.1843,cmd,,,,,0.00000,0.00000,,,
4.1846,status,,,,,,,LOST,,
4.1922,target,0.00000,0.00000,0.000000,4566.4564,,,,,
4.2214,target,0.00000,0.00000,0.000000,4566.4523,,,,,
4.2329,cmd,,,,,0.00000,0.00000,,,
4.2331,status,,,,,,,LOST,,
4.2567,target,0.00000,0.00000,0.000000,4566.4542,,,,,
4.2824,cmd,,,,,0.00000,0.00000,,,
4.2827,status,,,,,,,LOST,,
4.2932,target,0.00000,0.00000,0.000000,4566.4573,,,,,
4.3229,target,0.00000,0.00000,0.000000,4566.4537,,,,,
4.3332,cmd,,,,,0.00000,0.00000,,,
4.3362,status,,,,,,,LOST,,
4.3580,target,0.00000,0.00000,0.000000,4566.4555,,,,,
4.3862,cmd,,,,,0.00000,0.00000,,,
4.3863,status,,,,,,,LOST,,
4.3913,target,0.00000,0.00000,0.000000,4566.4554,,,,,
4.4220,target,0.00000,0.00000,0.000000,4566.4527,,,,,
4.4334,cmd,,,,,0.00000,0.00000,,,
4.4340,status,,,,,,,LOST,,
4.4585,target,0.00000,0.00000,0.000000,4566.4559,,,,,
4.4825,cmd,,,,,0.00000,0.00000,,,
4.4826,status,,,,,,,LOST,,
4.4913,target,0.00000,0.00000,0.000000,4566.4553,,,,,
4.5236,target,0.00000,0.00000,0.000000,4566.4542,,,,,
4.5331,cmd,,,,,0.00000,0.00000,,,
4.5338,status,,,,,,,LOST,,
4.5572,target,0.00000,0.00000,0.000000,4566.4545,,,,,
4.5840,cmd,,,,,0.00000,0.00000,,,
4.5844,status,,,,,,,LOST,,
4.5893,target,0.00000,0.00000,0.000000,4566.4533,,,,,
4.6226,target,0.00000,0.00000,0.000000,4566.4532,,,,,
4.6331,cmd,,,,,0.00000,0.00000,,,
4.6336,status,,,,,,,LOST,,
4.6574,target,0.00000,0.00000,0.000000,4566.4546,,,,,
4.6824,cmd,,,,,0.00000,0.00000,,,
4.6825,status,,,,,,,LOST,,
4.6904,joint,,,,,,,,0.21476,-0.26384
4.6918,target,0.00000,0.00000,0.000000,4566.4557,,,,,
4.7207,target,0.00000,0.00000,0.000000,4566.4512,,,,,
4.7335,cmd,,,,,0.00000,0.00000,,,
4.7341,status,,,,,,,LOST,,
4.7577,target,0.00000,0.00000,0.000000,4566.4548,,,,,
4.7823,cmd,,,,,0.00000,0.00000,,,
4.7824,status,,,,,,,LOST,,
4.7912,target,0.00000,0.00000,0.000000,4566.4550,,,,,
4.8222,target,0.00000,0.00000,0.000000,4566.4526,,,,,
4.8331,cmd,,,,,0.00000,0.00000,,,
4.8344,status,,,,,,,LOST,,
4.8570,target,0.00000,0.00000,0.000000,4566.4541,,,,,
4.8829,cmd,,,,,0.00000,0.00000,,,
4.8830,status,,,,,,,LOST,,
4.8917,target,0.00000,0.00000,0.000000,4566.4554,,,,,
4.9234,target,0.00000,0.00000,0.000000,4566.4537,,,,,
4.9331,cmd,,,,,0.00000,0.00000,,,
4.9334,status,,,,,,,LOST,,
4.9578,target,0.00000,0.00000,0.000000,4566.4548,,,,,
4.9861,cmd,,,,,0.00000,0.00000,,,
4.9862,status,,,,,,,LOST,,
4.9911,target,0.00000,0.00000,0.000000,4566.4548,,,,,
5.0245,target,0.00000,0.00000,0.000000,4566.4547,,,,,
5.0328,cmd,,,,,0.00000,0.00000,,,
5.0337,status,,,,,,,LOST,,
5.0572,target,0.00000,0.00000,0.000000,4566.4541,,,,,
5.0823,cmd,,,,,0.00000,0.00000,,,
5.0824,status,,,,,,,LOST,,
5.0916,target,0.00000,0.00000,0.000000,4566.4551,,,,,
5.1207,target,0.00000,0.00000,0.000000,4566.4509,,,,,
5.1333,cmd,,,,,0.00000,0.00000,,,
5.1339,status,,,,,,,LOST,,
5.1579,target,0.00000,0.00000,0.000000,4566.4548,,,,,
5.1823,cmd,,,,,0.00000,0.00000,,,
5.1842,status,,,,,,,LOST,,
5.1904,joint,,,,,,,,0.21476,-0.26384
5.1925,target,0.00000,0.00000,0.000000,4566.4560,,,,,
5.2233,target,0.00000,0.00000,0.000000,4566.4535,,,,,
5.2341,cmd,,,,,0.00000,0.00000,,,
5.2343,status,,,,,,,LOST,,
5.2574,target,0.00000,0.00000,0.000000,4566.4542,,,,,
5.2823,cmd,,,,,0.00000,0.00000,,,
5.2825,status,,,,,,,LOST,,
5.2917,target,0.00000,0.00000,0.000000,4566.4551,,,,,
5.3245,target,0.00000,0.00000,0.000000,4566.4545,,,,,
5.3332,cmd,,,,,0.00000,0.00000,,,
5.3352,status,,,,,,,LOST,,
5.3586,target,0.00000,0.00000,0.000000,4566.4553,,,,,
5.3828,cmd,,,,,0.00000,0.00000,,,
5.3851,status,,,,,,,LOST,,
5.3912,target,0.00000,0.00000,0.000000,4566.4545,,,,,
5.4244,target,0.00000,0.00000,0.000000,4566.4544,,,,,
5.4327,cmd,,,,,0.00000,0.00000,,,
5.4331,status,,,,,,,LOST,,
5.4578,target,0.00000,0.00000,0.000000,4566.4544,,,,,
5.4823,cmd,,,,,0.00000,0.00000,,,
5.4824,status,,,,,,,LOST,,
5.4918,target,0.00000,0.00000,0.000000,4566.4551,,,,,
5.5235,target,0.00000,0.00000,0.000000,4566.4534,,,,,
5.5327,cmd,,,,,0.00000,0.00000,,,
5.5342,status,,,,,,,LOST,,
5.5573,target,0.00000,0.00000,0.000000,4566.4538,,,,,
5.5824,cmd,,,,,0.00000,0.00000,,,
5.5826,status,,,,,,,LOST,,
5.5914,target,0.00000,0.00000,0.000000,4566.4545,,,,,
5.6246,target,0.00000,0.00000,0.000000,4566.4544,,,,,
5.6320,cmd,,,,,0.00000,0.00000,,,
5.6321,status,,,,,,,LOST,,
5.6578,target,0.00000,0.00000,0.000000,4566.4543,,,,,
5.6823,cmd,,,,,0.00000,0.00000,,,
5.6832,status,,,,,,,LOST,,
5.6933,target,0.00000,0.00000,0.000000,4566.4564,,,,,
5.7102,joint,,,,,,,,0.21476,-0.26384
5.7211,target,0.00000,0.00000,0.000000,4566.4508,,,,,
5.7334,cmd,,,,,0.00000,0.00000,,,
5.7352,status,,,,,,,LOST,,
5.7581,target,0.00000,0.00000,0.000000,4566.4545,,,,,
5.7823,cmd,,,,,0.00000,0.00000,,,
5.7841,status,,,,,,,LOST,,
5.7929,target,0.00000,0.00000,0.000000,4566.4559,,,,,
5.8225,target,0.00000,0.00000,0.000000,4566.4522,,,,,
5.8325,cmd,,,,,0.00000,0.00000,,,
5.8345,status,,,,,,,LOST,,
5.8583,target,0.00000,0.00000,0.000000,4566.4546,,,,,
5.8823,cmd,,,,,0.00000,0.00000,,,
5.8825,status,,,,,,,LOST,,
5.8928,target,0.00000,0.00000,0.000000,4566.4558,,,,,
5.9228,target,0.00000,0.00000,0.000000,4566.4525,,,,,
5.9332,cmd,,,,,0.00000,0.00000,,,
5.9341,status,,,,,,,LOST,,
5.9607,target,0.00000,0.00000,0.000000,4566.4570,,,,,
5.9871,cmd,,,,,0.00000,0.00000,,,
5.9872,status,,,,,,,LOST,,
5.9919,target,0.00000,0.00000,0.000000,4566.4548,,,,,
6.0256,target,0.00000,0.00000,0.000000,4566.4551,,,,,
6.0328,cmd,,,,,0.00000,0.00000,,,
6.0331,status,,,,,,,LOST,,
6.0596,target,0.00000,0.00000,0.000000,4566.4558,,,,,
6.0823,cmd,,,,,0.00000,0.00000,,,
6.0824,status,,,,,,,LOST,,
6.0931,target,0.00000,0.00000,0.000000,4566.4559,,,,,
6.1250,target,0.00000,0.00000,0.000000,4566.4545,,,,,
6.1321,cmd,,,,,0.00000,0.00000,,,
6.1322,status,,,,,,,LOST,,
6.1577,target,0.00000,0.00000,0.000000,4566.4538,,,,,
6.1823,cmd,,,,,0.00000,0.00000,,,
6.1823,status,,,,,,,LOST,,
6.1931,target,0.00000,0.00000,0.000000,4566.4559,,,,,
6.2243,target,0.00000,0.00000,0.000000,4566.4537,,,,,
6.2300,joint,,,,,,,,0.21476,-0.26384
6.2326,cmd,,,,,0.00000,0.00000,,,
6.2334,status,,,,,,,LOST,,
6.2576,target,0.00000,0.00000,0.000000,4566.4536,,,,,
6.2822,cmd,,,,,0.00000,0.00000,,,
6.2823,status,,,,,,,LOST,,
6.2935,target,0.00000,0.00000,0.000000,4566.4562,,,,,
6.3223,target,0.00000,0.00000,0.000000,4566.4516,,,,,
6.3331,cmd,,,,,0.00000,0.00000,,,
6.3334,status,,,,,,,LOST,,
6.3580,target,0.00000,0.00000,0.000000,4566.4540,,,,,
6.3823,cmd,,,,,0.00000,0.00000,,,
6.3824,status,,,,,,,LOST,,
6.3931,target,0.00000,0.00000,0.000000,4566.4557,,,,,
6.4250,target,0.00000,0.00000,0.000000,4566.4543,,,,,
6.4322,cmd,,,,,0.00000,0.00000,,,
6.4324,status,,,,,,,LOST,,
6.4595,target,0.00000,0.00000,0.000000,4566.4554,,,,,
6.4823,cmd,,,,,0.00000,0.00000,,,
6.4824,status,,,,,,,LOST,,
6.4915,target,0.00000,0.00000,0.000000,4566.4540,,,,,
6.5245,target,0.00000,0.00000,0.000000,4566.4536,,,,,
6.5326,cmd,,,,,0.00000,0.00000,,,
6.5327,status,,,,,,,LOST,,
6.5589,target,0.00000,0.00000,0.000000,4566.4547,,,,,
6.5823,cmd,,,,,0.00000,0.00000,,,
6.5824,status,,,,,,,LOST,,
6.5940,target,0.00000,0.00000,0.000000,4566.4564,,,,,
6.6252,target,0.00000,0.00000,0.000000,4566.4543,,,,,
6.6322,cmd,,,,,0.00000,0.00000,,,
6.6323,status,,,,,,,LOST,,
6.6582,target,0.00000,0.00000,0.000000,4566.4540,,,,,
6.6823,cmd,,,,,0.00000,0.00000,,,
6.6824,status,,,,,,,LOST,,
6.6916,target,0.00000,0.00000,0.000000,4566.4540,,,,,
6.7252,target,0.00000,0.00000,0.000000,4566.4542,,,,,
6.7297,joint,,,,,,,,0.21476,-0.26231
6.7324,cmd,,,,,0.00000,0.00000,,,
6.7325,status,,,,,,,LOST,,
6.7582,target,0.00000,0.00000,0.000000,4566.4538,,,,,
6.7821,cmd,,,,,0.00000,0.00000,,,
6.7822,status,,,,,,,LOST,,
6.7942,target,0.00000,0.00000,0.000000,4566.4565,,,,,
6.8243,target,0.00000,0.00000,0.000000,4566.4533,,,,,
6.8318,cmd,,,,,0.00000,0.00000,,,
6.8318,status,,,,,,,LOST,,
6.8573,target,0.00000,0.00000,0.000000,4566.4529,,,,,
6.8821,cmd,,,,,0.00000,0.00000,,,
6.8822,status,,,,,,,LOST,,
6.8926,target,0.00000,0.00000,0.000000,4566.4549,,,,,
6.9224,target,0.00000,0.00000,0.000000,4566.4512,,,,,
6.9325,cmd,,,,,0.00000,0.00000,,,
6.9329,status,,,,,,,LOST,,
6.9581,target,0.00000,0.00000,0.000000,4566.4536,,,,,
6.9823,cmd,,,,,0.00000,0.00000,,,
6.9824,status,,,,,,,LOST,,
6.9921,target,0.00000,0.00000,0.000000,4566.4542,,,,,
7.0244,target,0.00000,0.00000,0.000000,4566.4532,,,,,
7.0326,cmd,,,,,0.00000,0.00000,,,
7.0331,status,,,,,,,LOST,,
7.0588,target,0.00000,0.00000,0.000000,4566.4543,,,,,
7.0823,cmd,,,,,0.00000,0.00000,,,
7.0824,status,,,,,,,LOST,,
7.0916,target,0.00000,0.00000,0.000000,4566.4536,,,,,
7.1243,target,0.00000,0.00000,0.000000,4566.4530,,,,,
7.1327,cmd,,,,,0.00000,0.00000,,,
7.1329,status,,,,,,,LOST,,
7.1594,target,0.00000,0.00000,0.000000,4566.4547,,,,,
7.1837,cmd,,,,,0.00000,0.00000,,,
7.1838,status,,,,,,,LOST,,
7.1930,target,0.00000,0.00000,0.000000,4566.4550,,,,,
7.2240,target,0.00000,0.00000,0.000000,4566.4526,,,,,
7.2328,cmd,,,,,0.00000,0.00000,,,
7.2333,status,,,,,,,LOST,,
7.2500,joint,,,,,,,,0.21476,-0.26384
7.2583,target,0.00000,0.00000,0.000000,4566.4536,,,,,
7.2823,cmd,,,,,0.00000,0.00000,,,
7.2825,status,,,,,,,LOST,,
7.2913,target,0.00000,0.00000,0.000000,4566.4533,,,,,
7.3234,target,0.00000,0.00000,0.000000,4566.4520,,,,,
7.3328,cmd,,,,,0.00000,0.00000,,,
7.3330,status,,,,,,,LOST,,
7.3586,target,0.00000,0.00000,0.000000,4566.4538,,,,,
7.3820,cmd,,,,,0.00000,0.00000,,,
7.3839,status,,,,,,,LOST,,
7.3934,target,0.00000,0.00000,0.000000,4566.4552,,,,,
7.4223,target,0.00000,0.00000,0.000000,4566.4508,,,,,
7.4324,cmd,,,,,0.00000,0.00000,,,
7.4326,status,,,,,,,LOST,,
7.4590,target,0.00000,0.00000,0.000000,4566.4542,,,,,
7.4821,cmd,,,,,0.00000,0.00000,,,
7.4841,status,,,,,,,LOST,,
7.4915,target,0.00000,0.00000,0.000000,4566.4533,,,,,
7.5231,target,0.00000,0.00000,0.000000,4566.4515,,,,,
7.5331,cmd,,,,,0.00000,0.00000,,,
7.5332,status,,,,,,,LOST,,
7.5586,target,0.00000,0.00000,0.000000,4566.4537,,,,,
7.5823,cmd,,,,,0.00000,0.00000,,,
7.5824,status,,,,,,,LOST,,
7.5933,target,0.00000,0.00000,0.000000,4566.4550,,,,,
7.6249,target,0.00000,0.00000,0.000000,4566.4532,,,,,
7.6325,cmd,,,,,0.00000,0.00000,,,
7.6327,status,,,,,,,LOST,,
7.6582,target,0.00000,0.00000,0.000000,4566.4532,,,,,
7.6822,cmd,,,,,0.00000,0.00000,,,
7.6823,status,,,,,,,LOST,,
7.6928,target,0.00000,0.00000,0.000000,4566.4545,,,,,
7.7251,target,0.00000,0.00000,0.000000,4566.4534,,,,,
7.7322,cmd,,,,,0.00000,0.00000,,,
7.7323,status,,,,,,,LOST,,
7.7503,joint,,,,,,,,0.21476,-0.26384
7.7580,target,0.00000,0.00000,0.000000,4566.4529,,,,,
7.7823,cmd,,,,,0.00000,0.00000,,,
7.7825,status,,,,,,,LOST,,
7.7932,target,0.00000,0.00000,0.000000,4566.4548,,,,,
7.8245,target,0.00000,0.00000,0.000000,4566.4527,,,,,
7.8328,cmd,,,,,0.00000,0.00000,,,
7.8332,status,,,,,,,LOST,,
7.8589,target,0.00000,0.00000,0.000000,4566.4538,,,,,
7.8824,cmd,,,,,0.00000,0.00000,,,
7.8825,status,,,,,,,LOST,,
7.8930,target,0.00000,0.00000,0.000000,4566.4545,,,,,
7.9253,target,0.00000,0.00000,0.000000,4566.4534,,,,,
7.9323,cmd,,,,,0.00000,0.00000,,,
7.9324,status,,,,,,,LOST,,
7.9594,target,0.00000,0.00000,0.000000,4566.4542,,,,,
7.9823,cmd,,,,,0.00000,0.00000,,,
7.9825,status,,,,,,,LOST,,
7.9963,target,0.00000,0.00000,0.000000,4566.4577,,,,,
8.0232,target,0.00000,0.00000,0.000000,4566.4513,,,,,
8.0332,cmd,,,,,0.00000,0.00000,,,
8.0334,status,,,,,,,LOST,,
8.0589,target,0.00000,0.00000,0.000000,4566.4536,,,,,
8.0822,cmd,,,,,0.00000,0.00000,,,
8.0823,status,,,,,,,LOST,,
8.0929,target,0.00000,0.00000,0.000000,4566.4543,,,,,
8.1250,target,0.00000,0.00000,0.000000,4566.4530,,,,,
8.1322,cmd,,,,,0.00000,0.00000,,,
8.1323,status,,,,,,,LOST,,
8.1596,target,0.00000,0.00000,0.000000,4566.4542,,,,,
8.1822,cmd,,,,,0.00000,0.00000,,,
8.1843,status,,,,,,,LOST,,
8.1922,target,0.00000,0.00000,0.000000,4566.4535,,,,,
8.2271,target,0.00000,0.00000,0.000000,4566.4551,,,,,
8.2322,cmd,,,,,0.00000,0.00000,,,
8.2323,status,,,,,,,LOST,,
8.2603,target,0.00000,0.00000,0.000000,4566.4549,,,,,
8.2720,joint,,,,,,,,0.21476,-0.26384
8.2823,cmd,,,,,0.00000,0.00000,,,
8.2841,status,,,,,,,LOST,,
8.2951,target,0.00000,0.00000,0.000000,4566.4563,,,,,
8.3240,target,0.00000,0.00000,0.000000,4566.4519,,,,,
8.3323,cmd,,,,,0.00000,0.00000,,,
8.3325,status,,,,,,,LOST,,
8.3592,target,0.00000,0.00000,0.000000,4566.4537,,,,,
8.3825,cmd,,,,,0.00000,0.00000,,,
8.3827,status,,,,,,,LOST,,
8.3969,target,0.00000,0.00000,0.000000,4566.4580,,,,,
8.4249,target,0.00000,0.00000,0.000000,4566.4527,,,,,
8.4325,cmd,,,,,0.00000,0.00000,,,
8.4326,status,,,,,,,LOST,,
8.4615,target,0.00000,0.00000,0.000000,4566.4559,,,,,
8.4823,cmd,,,,,0.00000,0.00000,,,
8.4825,status,,,,,,,LOST,,
8.4915,target,0.00000,0.00000,0.000000,4566.4526,,,,,
8.5256,target,0.00000,0.00000,0.000000,4566.4533,,,,,
8.5323,cmd,,,,,0.00000,0.00000,,,
8.5324,status,,,,,,,LOST,,
8.5583,target,0.00000,0.00000,0.000000,4566.4526,,,,,
8.5823,cmd,,,,,0.00000,0.00000,,,
8.5827,status,,,,,,,LOST,,
8.5932,target,0.00000,0.00000,0.000000,4566.4542,,,,,
8.6257,target,0.00000,0.00000,0.000000,4566.4533,,,,,
8.6326,cmd,,,,,0.00000,0.00000,,,
8.6327,status,,,,,,,LOST,,
8.6594,target,0.00000,0.00000,0.000000,4566.4536,,,,,
8.6823,cmd,,,,,0.00000,0.00000,,,
8.6827,status,,,,,,,LOST,,
8.6955,target,0.00000,0.00000,0.000000,4566.4564,,,,,
8.7242,target,0.00000,0.00000,0.000000,4566.4518,,,,,
8.7325,cmd,,,,,0.00000,0.00000,,,
8.7327,status,,,,,,,LOST,,
8.7577,target,0.00000,0.00000,0.000000,4566.4520,,,,,
8.7715,joint,,,,,,,,0.21476,-0.26231
8.7831,cmd,,,,,0.00000,0.00000,,,
8.7833,status,,,,,,,LOST,,
8.7955,target,0.00000,0.00000,0.000000,4566.4563,,,,,
8.8258,target,0.00000,0.00000,0.000000,4566.4533,,,,,
8.8324,cmd,,,,,0.00000,0.00000,,,
8.8328,status,,,,,,,LOST,,
8.8612,target,0.00000,0.00000,0.000000,4566.4553,,,,,
8.8821,cmd,,,,,0.00000,0.00000,,,
8.8821,status,,,,,,,LOST,,
8.8951,target,0.00000,0.00000,0.000000,4566.4559,,,,,
8.9260,target,0.00000,0.00000,0.000000,4566.4534,,,,,
8.9320,cmd,,,,,0.00000,0.00000,,,
8.9321,status,,,,,,,LOST,,
8.9606,target,0.00000,0.00000,0.000000,4566.4546,,,,,
8.9822,cmd,,,,,0.00000,0.00000,,,
8.9841,status,,,,,,,LOST,,
8.9954,target,0.00000,0.00000,0.000000,4566.4561,,,,,
9.0255,target,0.00000,0.00000,0.000000,4566.4528,,,,,
9.0324,cmd,,,,,0.00000,0.00000,,,
9.0326,status,,,,,,,LOST,,
9.0611,target,0.00000,0.00000,0.000000,4566.4550,,,,,
9.0823,cmd,,,,,0.00000,0.00000,,,
9.0824,status,,,,,,,LOST,,
9.0940,target,0.00000,0.00000,0.000000,4566.4547,,,,,
9.1238,target,0.00000,0.00000,0.000000,4566.4511,,,,,
9.1326,cmd,,,,,0.00000,0.00000,,,
9.1328,status,,,,,,,LOST,,
9.1586,target,0.00000,0.00000,0.000000,4566.4526,,,,,
9.1821,cmd,,,,,0.00000,0.00000,,,
9.1823,status,,,,,,,LOST,,
9.1967,target,0.00000,0.00000,0.000000,4566.4572,,,,,
9.2251,target,0.00000,0.00000,0.000000,4566.4523,,,,,
9.2321,cmd,,,,,0.00000,0.00000,,,
9.2323,status,,,,,,,LOST,,
9.2603,target,0.00000,0.00000,0.000000,4566.4542,,,,,
9.2823,cmd,,,,,0.00000,0.00000,,,
9.2824,status,,,,,,,LOST,,
9.2903,joint,,,,,,,,0.21476,-0.26384
9.2944,target,0.00000,0.00000,0.000000,4566.4549,,,,,
9.3241,target,0.00000,0.00000,0.000000,4566.4513,,,,,
9.3325,cmd,,,,,0.00000,0.00000,,,
9.3327,status,,,,,,,LOST,,
9.3599,target,0.00000,0.00000,0.000000,4566.4536,,,,,
9.3822,cmd,,,,,0.00000,0.00000,,,
9.3824,status,,,,,,,LOST,,
9.3929,target,0.00000,0.00000,0.000000,4566.4533,,,,,
9.4230,target,0.00000,0.00000,0.000000,4566.4501,,,,,
9.4328,cmd,,,,,0.00000,0.00000,,,
9.4330,status,,,,,,,LOST,,
9.4597,target,0.00000,0.00000,0.000000,4566.4534,,,,,
9.4822,cmd,,,,,0.00000,0.00000,,,
9.4824,status,,,,,,,LOST,,
9.4951,target,0.00000,0.00000,0.000000,4566.4554,,,,,
9.5253,target,0.00000,0.00000,0.000000,4566.4523,,,,,
9.5326,cmd,,,,,0.00000,0.00000,,,
9.5327,status,,,,,,,LOST,,
9.5616,target,0.00000,0.00000,0.000000,4566.4552,,,,,
9.5824,cmd,,,,,0.00000,0.00000,,,
9.5825,status,,,,,,,LOST,,
9.5968,target,0.00000,0.00000,0.000000,4566.4570,,,,,
9.6267,target,0.00000,0.00000,0.000000,4566.4536,,,,,
9.6322,cmd,,,,,0.00000,0.00000,,,
9.6323,status,,,,,,,LOST,,
9.6609,target,0.00000,0.00000,0.000000,4566.4545,,,,,
9.6822,cmd,,,,,0.00000,0.00000,,,
9.6823,status,,,,,,,LOST,,
9.6961,target,0.00000,0.00000,0.000000,4566.4563,,,,,
9.7273,target,0.00000,0.00000,0.000000,4566.4541,,,,,
9.7321,cmd,,,,,0.00000,0.00000,,,
9.7323,status,,,,,,,LOST,,
9.7604,target,0.00000,0.00000,0.000000,4566.4538,,,,,
9.7823,cmd,,,,,0.00000,0.00000,,,
9.7841,status,,,,,,,LOST,,
9.7948,target,0.00000,0.00000,0.000000,4566.4549,,,,,
9.8129,joint,,,,,,,,0.21476,-0.26384
9.8255,target,0.00000,0.00000,0.000000,4566.4522,,,,,
9.8327,cmd,,,,,0.00000,0.00000,,,
9.8329,status,,,,,,,LOST,,
9.8606,target,0.00000,0.00000,0.000000,4566.4540,,,,,
9.8823,cmd,,,,,0.00000,0.00000,,,
9.8824,status,,,,,,,LOST,,
9.8959,target,0.00000,0.00000,0.000000,4566.4560,,,,,
9.9267,target,0.00000,0.00000,0.000000,4566.4534,,,,,
9.9322,cmd,,,,,0.00000,0.00000,,,
9.9323,status,,,,,,,LOST,,
9.9619,target,0.00000,0.00000,0.000000,4566.4552,,,,,
9.9822,cmd,,,,,0.00000,0.00000,,,
9.9824,status,,,,,,,LOST,,
9.9967,target,0.00000,0.00000,0.000000,4566.4566,,,,,
10.0240,target,0.00000,0.00000,0.000000,4566.4506,,,,,
10.0325,cmd,,,,,0.00000,0.00000,,,
10.0329,status,,,,,,,LOST,,
10.0610,target,0.00000,0.00000,0.000000,4566.4543,,,,,
10.0823,cmd,,,,,0.00000,0.00000,,,
10.0824,status,,,,,,,LOST,,
10.0959,target,0.00000,0.00000,0.000000,4566.4558,,,,,
10.1251,target,0.00000,0.00000,0.000000,4566.4517,,,,,
10.1322,cmd,,,,,0.00000,0.00000,,,
10.1324,status,,,,,,,LOST,,
10.1617,target,0.00000,0.00000,0.000000,4566.4548,,,,,
10.1832,cmd,,,,,0.00000,0.00000,,,
10.1833,status,,,,,,,LOST,,
10.1953,target,0.00000,0.00000,0.000000,4566.4551,,,,,
10.2289,target,0.00000,0.00000,0.000000,4566.4553,,,,,
10.2321,cmd,,,,,0.00000,0.00000,,,
10.2325,status,,,,,,,LOST,,
10.2626,target,0.00000,0.00000,0.000000,4566.4557,,,,,
10.2823,cmd,,,,,0.00000,0.00000,,,
10.2824,status,,,,,,,LOST,,
10.2955,target,0.00000,0.00000,0.000000,4566.4553,,,,,
10.3133,joint,,,,,,,,0.21476,-0.26384
10.3266,target,0.00000,0.00000,0.000000,4566.4530,,,,,
10.3321,cmd,,,,,0.00000,0.00000,,,
10.3322,status,,,,,,,LOST,,
10.3619,target,0.00000,0.00000,0.000000,4566.4549,,,,,
10.3823,cmd,,,,,0.00000,0.00000,,,
10.3824,status,,,,,,,LOST,,
10.3954,target,0.00000,0.00000,0.000000,4566.4551,,,,,
10.4274,target,0.00000,0.00000,0.000000,4566.4537,,,,,
10.4321,cmd,,,,,0.00000,0.00000,,,
10.4323,status,,,,,,,LOST,,
10.4618,target,0.00000,0.00000,0.000000,4566.4548,,,,,
10.4823,cmd,,,,,0.00000,0.00000,,,
10.4824,status,,,,,,,LOST,,
10.4945,target,0.00000,0.00000,0.000000,4566.4541,,,,,
10.5287,target,0.00000,0.00000,0.000000,4566.4549,,,,,
10.5322,cmd,,,,,0.00000,0.00000,,,
10.5323,status,,,,,,,LOST,,
10.5620,target,0.00000,0.00000,0.000000,4566.4549,,,,,
10.5824,cmd,,,,,0.00000,0.00000,,,
10.5825,status,,,,,,,LOST,,
10.5956,target,0.00000,0.00000,0.000000,4566.4551,,,,,
10.6270,target,0.00000,0.00000,0.000000,4566.4532,,,,,
10.6323,cmd,,,,,0.00000,0.00000,,,
10.6324,status,,,,,,,LOST,,
10.6604,target,0.00000,0.00000,0.000000,4566.4532,,,,,
10.6823,cmd,,,,,0.00000,0.00000,,,
10.6825,status,,,,,,,LOST,,
10.6961,target,0.00000,0.00000,0.000000,4566.4556,,,,,
10.7274,target,0.00000,0.00000,0.000000,4566.4535,,,,,
10.7321,cmd,,,,,0.00000,0.00000,,,
10.7322,status,,,,,,,LOST,,
10.7608,target,0.00000,0.00000,0.000000,4566.4535,,,,,
10.7822,cmd,,,,,0.00000,0.00000,,,
10.7824,status,,,,,,,LOST,,
10.7977,target,0.00000,0.00000,0.000000,4566.4571,,,,,
10.8131,joint,,,,,,,,0.21476,-0.26384
10.8267,target,0.00000,0.00000,0.000000,4566.4527,,,,,
10.8321,cmd,,,,,0.00000,0.00000,,,
10.8323,status,,,,,,,LOST,,
10.8613,target,0.00000,0.00000,0.000000,4566.4540,,,,,
10.8822,cmd,,,,,0.00000,0.00000,,,
10.8826,status,,,,,,,LOST,,
10.8953,target,0.00000,0.00000,0.000000,4566.4547,,,,,
10.9270,target,0.00000,0.00000,0.000000,4566.4529,,,,,
10.9318,cmd,,,,,0.00000,0.00000,,,
10.9329,status,,,,,,,LOST,,
10.9619,target,0.00000,0.00000,0.000000,4566.4545,,,,,
10.9819,cmd,,,,,0.00000,0.00000,,,
10.9820,status,,,,,,,LOST,,
10.9953,target,0.00000,0.00000,0.000000,4566.4545,,,,,
11.0276,target,0.00000,0.00000,0.000000,4566.4535,,,,,
11.0321,cmd,,,,,0.00000,0.00000,,,
11.0322,status,,,,,,,LOST,,
11.0630,target,0.00000,0.00000,0.000000,4566.4556,,,,,
11.0823,cmd,,,,,0.00000,0.00000,,,
11.0824,status,,,,,,,LOST,,
11.0945,target,0.00000,0.00000,0.000000,4566.4537,,,,,
11.1281,target,0.00000,0.00000,0.000000,4566.4539,,,,,
11.1321,cmd,,,,,0.00000,0.00000,,,
11.1322,status,,,,,,,LOST,,
11.1625,target,0.00000,0.00000,0.000000,4566.4550,,,,,
11.1823,cmd,,,,,0.00000,0.00000,,,
11.1824,status,,,,,,,LOST,,
11.1966,target,0.00000,0.00000,0.000000,4566.4557,,,,,
11.2275,target,0.00000,0.00000,0.000000,4566.4532,,,,,
11.2321,cmd,,,,,0.00000,0.00000,,,
11.2322,status,,,,,,,LOST,,
11.2614,target,0.00000,0.00000,0.000000,4566.4538,,,,,
11.2822,cmd,,,,,0.00000,0.00000,,,
11.2841,status,,,,,,,LOST,,
11.2970,target,0.00000,0.00000,0.000000,4566.4561,,,,,
11.3139,joint,,,,,,,,0.21476,-0.26384
11.3265,target,0.00000,0.00000,0.000000,4566.4522,,,,,
11.3323,cmd,,,,,0.00000,0.00000,,,
11.3324,status,,,,,,,LOST,,
11.3614,target,0.00000,0.00000,0.000000,4566.4537,,,,,
11.3823,cmd,,,,,0.00000,0.00000,,,
11.3824,status,,,,,,,LOST,,
11.3947,target,0.00000,0.00000,0.000000,4566.4537,,,,,
11.4274,target,0.00000,0.00000,0.000000,4566.4530,,,,,
11.4321,cmd,,,,,0.00000,0.00000,,,
11.4322,status,,,,,,,LOST,,
11.4631,target,0.00000,0.00000,0.000000,4566.4554,,,,,
11.4823,cmd,,,,,0.00000,0.00000,,,
11.4824,status,,,,,,,LOST,,
11.4952,target,0.00000,0.00000,0.000000,4566.4541,,,,,
11.5285,target,0.00000,0.00000,0.000000,4566.4540,,,,,
11.5322,cmd,,,,,0.00000,0.00000,,,
11.5323,status,,,,,,,LOST,,
11.5611,target,0.00000,0.00000,0.000000,4566.4533,,,,,
11.5823,cmd,,,,,0.00000,0.00000,,,
11.5831,status,,,,,,,LOST,,
11.5961,target,0.00000,0.00000,0.000000,4566.4549,,,,,
11.6283,target,0.00000,0.00000,0.000000,4566.4537,,,,,
11.6321,cmd,,,,,0.00000,0.00000,,,
11.6322,status,,,,,,,LOST,,
11.6616,target,0.00000,0.00000,0.000000,4566.4537,,,,,
11.6827,cmd,,,,,0.00000,0.00000,,,
11.6829,status,,,,,,,LOST,,
11.6963,target,0.00000,0.00000,0.000000,4566.4551,,,,,
11.7272,target,0.00000,0.00000,0.000000,4566.4526,,,,,
11.7320,cmd,,,,,0.00000,0.00000,,,
11.7321,status,,,,,,,LOST,,
11.7615,target,0.00000,0.00000,0.000000,4566.4536,,,,,
11.7819,cmd,,,,,0.00000,0.00000,,,
11.7839,status,,,,,,,LOST,,
11.7961,target,0.00000,0.00000,0.000000,4566.4548,,,,,
11.8277,target,0.00000,0.00000,0.000000,4566.4530,,,,,
11.8297,joint,,,,,,,,0.21476,-0.26384
11.8319,cmd,,,,,0.00000,0.00000,,,
11.8320,status,,,,,,,LOST,,
11.8613,target,0.00000,0.00000,0.000000,4566.4532,,,,,
11.8824,cmd,,,,,0.00000,0.00000,,,
11.8825,status,,,,,,,LOST,,
11.8952,target,0.00000,0.00000,0.000000,4566.4538,,,,,
11.9259,target,0.00000,0.00000,0.000000,4566.4511,,,,,
11.9321,cmd,,,,,0.00000,0.00000,,,
11.9322,status,,,,,,,LOST,,
11.9616,target,0.00000,0.00000,0.000000,4566.4535,,,,,
11.9823,cmd,,,,,0.00000,0.00000,,,
11.9824,status,,,,,,,LOST,,
11.9986,target,0.00000,0.00000,0.000000,4566.4571,,,,,
12.0286,target,0.00000,0.00000,0.000000,4566.4537,,,,,
12.0321,cmd,,,,,0.00000,0.00000,,,
12.0322,status,,,,,,,LOST,,
12.0631,target,0.00000,0.00000,0.000000,4566.4549,,,,,
12.0822,cmd,,,,,0.00000,0.00000,,,
12.0835,status,,,,,,,LOST,,
12.0958,target,0.00000,0.00000,0.000000,4566.4543,,,,,
12.1295,target,0.15264,-0.92514,0.003368,4566.4546,,,,,
12.1319,cmd,,,,,-0.60000,-0.40000,,,
12.1320,status,,,,,,,TRACKING,,
12.1635,target,0.15850,-0.90795,0.004123,4566.4552,,,,,
12.1822,cmd,,,,,-0.60000,-0.40000,,,
12.1823,status,,,,,,,TRACKING,,
12.1969,target,0.15460,-0.87554,0.003887,4566.4553,,,,,
12.2290,target,0.15223,-0.84645,0.003824,4566.4541,,,,,
12.2318,cmd,,,,,-0.60000,-0.40000,,,
12.2320,status,,,,,,,TRACKING,,
12.2642,target,0.14916,-0.82408,0.003830,4566.4559,,,,,
12.2822,cmd,,,,,-0.60000,-0.40000,,,
12.2824,status,,,,,,,TRACKING,,
12.2980,target,0.14726,-0.80653,0.003941,4566.4563,,,,,
12.3290,target,0.14589,-0.79367,0.004019,4566.4540,,,,,
12.3319,cmd,,,,,-0.60000,-0.40000,,,
12.3320,status,,,,,,,TRACKING,,
12.3502,joint,,,,,,,,0.20862,-0.26231
12.3659,target,0.14054,-0.78026,0.004089,4566.4575,,,,,
12.3821,cmd,,,,,-0.60000,-0.40000,,,
12.3822,status,,,,,,,TRACKING,,
12.3974,target,0.12989,-0.75659,0.003859,4566.4556,,,,,
12.4285,target,0.11592,-0.72717,0.003594,4566.4534,,,,,
12.4320,cmd,,,,,-0.52164,-0.40000,,,
12.4321,status,,,,,,,TRACKING,,
12.4651,target,0.09797,-0.68653,0.003299,4566.4567,,,,,
12.4822,cmd,,,,,-0.44086,-0.40000,,,
12.4823,status,,,,,,,TRACKING,,
12.4974,target,0.07834,-0.64659,0.003060,4566.4556,,,,,
12.5308,target,0.00000,0.00000,0.000000,4566.4556,,,,,
12.5334,cmd,,,,,0.00000,0.00000,,,
12.5335,status,,,,,,,LOST,,
12.5638,target,0.00000,0.00000,0.000000,4566.4553,,,,,
12.5822,cmd,,,,,0.00000,0.00000,,,
12.5824,status,,,,,,,LOST,,
12.5972,target,0.00000,0.00000,0.000000,4566.4554,,,,,
12.6305,target,-0.02094,-0.45448,0.002923,4566.4553,,,,,
12.6329,cmd,,,,,0.00000,-0.36358,,,
12.6333,status,,,,,,,TRACKING,,
12.6629,target,-0.04149,-0.41518,0.003045,4566.4543,,,,,
12.6827,cmd,,,,,0.00000,-0.33214,,,
12.6828,status,,,,,,,TRACKING,,
12.6980,target,-0.05894,-0.38108,0.003244,4566.4561,,,,,
12.7294,target,-0.07167,-0.35832,0.003477,4566.4541,,,,,
12.7321,cmd,,,,,0.32251,-0.28665,,,
12.7322,status,,,,,,,TRACKING,,
12.7650,target,-0.07993,-0.35080,0.003791,4566.4564,,,,,
12.7824,cmd,,,,,0.35968,-0.28064,,,
12.7826,status,,,,,,,TRACKING,,
12.7972,target,-0.08072,-0.35626,0.003700,4566.4552,,,,,
12.8310,target,-0.07547,-0.36853,0.003722,4566.4556,,,,,
12.8330,cmd,,,,,0.33962,-0.29483,,,
12.8334,status,,,,,,,TRACKING,,
12.8500,joint,,,,,,,,0.05062,-0.15647
12.8649,target,-0.06984,-0.37780,0.003668,4566.4561,,,,,
12.8821,cmd,,,,,0.31428,-0.30224,,,
12.8823,status,,,,,,,TRACKING,,
12.8970,target,-0.06293,-0.38962,0.003774,4566.4549,,,,,
12.9288,target,-0.05697,-0.39387,0.003822,4566.4534,,,,,
12.9316,cmd,,,,,0.25637,-0.31509,,,
12.9317,status,,,,,,,TRACKING,,
12.9657,target,-0.04793,-0.40037,0.003893,4566.4569,,,,,
12.9823,cmd,,,,,0.00000,-0.32029,,,
12.9825,status,,,,,,,TRACKING,,
12.9976,target,-0.03764,-0.40549,0.004023,4566.4555,,,,,
13.0297,target,-0.02571,-0.40764,0.003991,4566.4541,,,,,
13.0321,cmd,,,,,0.00000,-0.32611,,,
13.0322,status,,,,,,,TRACKING,,
13.0640,target,-0.01398,-0.40745,0.003947,4566.4551,,,,,
13.0821,cmd,,,,,0.00000,-0.32596,,,
13.0831,status,,,,,,,TRACKING,,
13.0987,target,-0.00221,-0.40154,0.003941,4566.4565,,,,,
13.1316,target,0.00772,-0.39341,0.003976,4566.4560,,,,,
13.1320,cmd,,,,,0.00000,-0.32123,,,
13.1321,status,,,,,,,TRACKING,,
13.1658,target,0.01367,-0.38506,0.004082,4566.4568,,,,,
13.1822,cmd,,,,,0.00000,-0.30805,,,
13.1842,status,,,,,,,TRACKING,,
13.1985,target,0.01391,-0.37068,0.003987,4566.4562,,,,,
13.2291,target,0.01047,-0.35510,0.003921,4566.4534,,,,,
13.2321,cmd,,,,,0.00000,-0.28408,,,
13.2322,status,,,,,,,TRACKING,,
13.2655,target,0.00467,-0.33600,0.003974,4566.4565,,,,,
13.2822,cmd,,,,,0.00000,-0.26880,,,
13.2823,status,,,,,,,TRACKING,,
13.2975,target,0.00257,-0.31289,0.003819,4566.4551,,,,,
13.3291,target,0.00200,-0.28766,0.003982,4566.4534,,,,,
13.3319,cmd,,,,,0.00000,-0.23013,,,
13.3320,status,,,,,,,TRACKING,,
13.3654,target,-0.00006,-0.26188,0.003895,4566.4563,,,,,
13.3697,joint,,,,,,,,0.07056,-0.05829
13.3821,cmd,,,,,0.00000,-0.20951,,,
13.3821,status,,,,,,,TRACKING,,
13.3980,target,-0.00087,-0.23510,0.003902,4566.4556,,,,,
13.4302,target,-0.00191,-0.20396,0.003898,4566.4544,,,,,
13.4324,cmd,,,,,0.00000,-0.16317,,,
13.4326,status,,,,,,,TRACKING,,
13.4654,target,-0.00313,-0.17486,0.003856,4566.4563,,,,,
13.4820,cmd,,,,,0.00000,-0.13989,,,
13.4821,status,,,,,,,TRACKING,,
13.4982,target,-0.00407,-0.14631,0.003828,4566.4557,,,,,
13.5320,cmd,,,,,0.00000,-0.11705,,,
13.5321,status,,,,,,,TRACKING,,
13.5355,target,-0.00392,-0.12071,0.003813,4566.4597,,,,,
13.5641,target,-0.00410,-0.09618,0.003822,4566.4549,,,,,
13.5822,cmd,,,,,0.00000,-0.07694,,,
13.5823,status,,,,,,,TRACKING,,
13.5977,target,-0.00425,-0.07147,0.003845,4566.4551,,,,,
13.6303,target,-0.00359,-0.05139,0.003826,4566.4544,,,,,
13.6324,cmd,,,,,0.00000,-0.04111,,,
13.6325,status,,,,,,,TRACKING,,
13.6640,target,-0.00362,-0.03227,0.003878,4566.4547,,,,,
13.6822,cmd,,,,,0.00000,0.00000,,,
13.6823,status,,,,,,,CENTERED,,
13.6983,target,-0.00339,-0.01532,0.003830,4566.4557,,,,,
13.7287,target,-0.00242,-0.00176,0.003863,4566.4527,,,,,
13.7318,cmd,,,,,0.00000,0.00000,,,
13.7319,status,,,,,,,CENTERED,,
13.7648,target,-0.00269,0.01392,0.003863,4566.4554,,,,,
13.7822,cmd,,,,,0.00000,0.00000,,,
13.7823,status,,,,,,,CENTERED,,
13.7980,target,-0.00299,0.02376,0.003869,4566.4552,,,,,
13.8305,target,-0.00269,0.02922,0.003835,4566.4545,,,,,
13.8327,cmd,,,,,0.00000,0.00000,,,
13.8329,status,,,,,,,CENTERED,,
13.8653,target,-0.00327,0.03026,0.003854,4566.4559,,,,,
13.8697,joint,,,,,,,,0.07056,0.04295
13.8839,cmd,,,,,0.00000,0.00000,,,
13.8841,status,,,,,,,CENTERED,,
13.8986,target,-0.00370,0.03380,0.003826,4566.4558,,,,,
13.9316,target,-0.00381,0.03288,0.003865,4566.4554,,,,,
13.9319,cmd,,,,,0.00000,0.00000,,,
13.9329,status,,,,,,,CENTERED,,
13.9647,target,-0.00327,0.03384,0.003813,4566.4552,,,,,
13.9821,cmd,,,,,0.00000,0.00000,,,
13.9823,status,,,,,,,CENTERED,,
13.9982,target,-0.00273,0.03223,0.003796,4566.4553,,,,,
14.0318,target,-0.00217,0.03146,0.003746,4566.4556,,,,,
14.0340,cmd,,,,,0.00000,0.00000,,,
14.0341,status,,,,,,,CENTERED,,
14.0648,target,-0.00288,0.03328,0.003822,4566.4552,,,,,
14.0831,cmd,,,,,0.00000,0.00000,,,
14.0832,status,,,,,,,CENTERED,,
14.0991,target,-0.00274,0.03134,0.003802,4566.4562,,,,,
14.1292,target,-0.00309,0.02805,0.003830,4566.4529,,,,,
14.1320,cmd,,,,,0.00000,0.00000,,,
14.1321,status,,,,,,,CENTERED,,
14.1658,target,-0.00148,0.02928,0.003832,4566.4562,,,,,
14.1823,cmd,,,,,0.00000,0.00000,,,
14.1824,status,,,,,,,CENTERED,,
14.1982,target,-0.00119,0.02748,0.003867,4566.4552,,,,,
14.2288,target,-0.00119,0.02602,0.003819,4566.4525,,,,,
14.2319,cmd,,,,,0.00000,0.00000,,,
14.2320,status,,,,,,,CENTERED,,
14.2644,target,-0.00088,0.02444,0.003843,4566.4547,,,,,
14.2824,cmd,,,,,0.00000,0.00000,,,
14.2825,status,,,,,,,CENTERED,,
14.2978,target,0.00003,0.02084,0.003819,4566.4548,,,,,
14.3291,target,0.00116,0.01682,0.003737,4566.4527,,,,,
14.3321,cmd,,,,,0.00000,0.00000,,,
14.3323,status,,,,,,,CENTERED,,
14.3651,target,0.00213,0.01471,0.003817,4566.4553,,,,,
14.3825,cmd,,,,,0.00000,0.00000,,,
14.3827,status,,,,,,,CENTERED,,
14.3911,joint,,,,,,,,0.07056,0.03988
14.3988,target,0.00292,0.01065,0.003867,4566.4556,,,,,
14.4313,target,0.00439,0.00711,0.003822,4566.4548,,,,,
14.4321,cmd,,,,,0.00000,0.00000,,,
14.4322,status,,,,,,,CENTERED,,
14.4649,target,0.00479,0.00340,0.003791,4566.4551,,,,,
14.4823,cmd,,,,,0.00000,0.00000,,,
14.4824,status,,,,,,,CENTERED,,
14.4983,target,0.00592,0.00073,0.003806,4566.4551,,,,,
14.5316,target,0.00541,-0.00193,0.003798,4566.4551,,,,,
14.5320,cmd,,,,,0.00000,0.00000,,,
14.5339,status,,,,,,,CENTERED,,
14.5645,target,0.00603,-0.00425,0.003793,4566.4545,,,,,
14.5826,cmd,,,,,0.00000,0.00000,,,
14.5845,status,,,,,,,CENTERED,,
14.5986,target,0.00600,-0.00661,0.003772,4566.4553,,,,,
14.6318,target,0.00685,-0.01020,0.003772,4566.4552,,,,,
14.6322,cmd,,,,,0.00000,0.00000,,,
14.6322,status,,,,,,,CENTERED,,
14.6647,target,0.00797,-0.01305,0.003743,4566.4547,,,,,
14.6832,cmd,,,,,0.00000,0.00000,,,
14.6833,status,,,,,,,CENTERED,,
14.6990,target,0.00917,-0.01636,0.003828,4566.4556,,,,,
14.7317,target,0.01082,-0.02019,0.003743,4566.4550,,,,,
14.7320,cmd,,,,,0.00000,0.00000,,,
14.7320,status,,,,,,,CENTERED,,
14.7651,target,0.01235,-0.02106,0.003811,4566.4550,,,,,
14.7828,cmd,,,,,0.00000,0.00000,,,
14.7829,status,,,,,,,CENTERED,,
14.7977,target,0.01398,-0.02400,0.003776,4566.4542,,,,,
14.8315,target,0.01411,-0.02286,0.003826,4566.4547,,,,,
14.8321,cmd,,,,,0.00000,0.00000,,,
14.8322,status,,,,,,,CENTERED,,
14.8637,target,0.01425,-0.02401,0.003887,4566.4536,,,,,
14.8825,cmd,,,,,0.00000,0.00000,,,
14.8826,status,,,,,,,CENTERED,,
14.8989,target,0.01382,-0.02315,0.003926,4566.4554,,,,,
14.9154,joint,,,,,,,,0.07056,0.03988
14.9323,target,0.01372,-0.02255,0.003917,4566.4554,,,,,
14.9324,cmd,,,,,0.00000,0.00000,,,
14.9325,status,,,,,,,CENTERED,,
14.9647,target,0.01392,-0.02179,0.003917,4566.4545,,,,,
14.9829,cmd,,,,,0.00000,0.00000,,,
14.9831,status,,,,,,,CENTERED,,
14.9996,target,0.01362,-0.01900,0.003730,4566.4560,,,,,
15.0299,target,0.01288,-0.01928,0.003665,4566.4529,,,,,
15.0320,cmd,,,,,0.00000,0.00000,,,
15.0322,status,,,,,,,CENTERED,,
15.0660,target,0.01275,-0.02236,0.003720,4566.4557,,,,,
15.0827,cmd,,,,,0.00000,0.00000,,,
15.0829,status,,,,,,,CENTERED,,
15.0990,target,0.01216,-0.02537,0.003687,4566.4553,,,,,
15.1312,target,0.01204,-0.02872,0.003717,4566.4542,,,,,
15.1322,cmd,,,,,0.00000,0.00000,,,
15.1323,status,,,,,,,CENTERED,,
15.1649,target,0.01178,-0.03160,0.003728,4566.4545,,,,,
15.1831,cmd,,,,,0.00000,0.00000,,,
15.1840,status,,,,,,,CENTERED,,
15.1988,target,0.01118,-0.03613,0.003674,4566.4550,,,,,
15.2305,target,0.01077,-0.04049,0.003683,4566.4534,,,,,
15.2325,cmd,,,,,0.00000,0.00000,,,
15.2340,status,,,,,,,CENTERED,,
15.2672,target,0.00914,-0.04368,0.003711,4566.4568,,,,,
15.2831,cmd,,,,,0.00000,0.00000,,,
15.2832,status,,,,,,,CENTERED,,
15.3001,target,0.00900,-0.04944,0.003700,4566.4563,,,,,
15.3314,target,0.00912,-0.05688,0.003702,4566.4542,,,,,
15.3323,cmd,,,,,0.00000,0.00000,,,
15.3324,status,,,,,,,CENTERED,,
15.3656,target,0.00916,-0.06528,0.003698,4566.4551,,,,,
15.3829,cmd,,,,,0.00000,-0.05223,,,
15.3830,status,,,,,,,TRACKING,,
15.3992,target,0.00753,-0.07505,0.003661,4566.4553,,,,,
15.4312,target,0.00605,-0.08696,0.003709,4566.4540,,,,,
15.4324,cmd,,,,,0.00000,-0.06004,,,
15.4342,status,,,,,,,TRACKING,,
15.4644,target,0.00444,-0.09842,0.003691,4566.4538,,,,,
15.4834,cmd,,,,,0.00000,-0.07874,,,
15.4838,status,,,,,,,TRACKING,,
15.4908,joint,,,,,,,,0.07056,0.03988
15.4990,target,0.00269,-0.11128,0.003713,4566.4550,,,,,
15.5323,target,0.00229,-0.12295,0.003746,4566.4550,,,,,
15.5324,cmd,,,,,0.00000,-0.08903,,,
15.5324,status,,,,,,,TRACKING,,
15.5637,target,0.00036,-0.13579,0.003717,4566.4531,,,,,
15.5834,cmd,,,,,0.00000,-0.10863,,,
15.5854,status,,,,,,,TRACKING,,
15.5998,target,0.00069,-0.15028,0.003741,4566.4558,,,,,
15.6333,target,-0.00003,-0.16603,0.003752,4566.4559,,,,,
15.6334,cmd,,,,,0.00000,-0.12022,,,
15.6335,status,,,,,,,TRACKING,,
15.6652,target,-0.00086,-0.18252,0.003752,4566.4545,,,,,
15.6842,cmd,,,,,0.00000,-0.14602,,,
15.6842,status,,,,,,,TRACKING,,
15.6988,target,-0.00170,-0.19633,0.003748,4566.4548,,,,,
15.7324,cmd,,,,,0.00000,-0.15707,,,
15.7339,target,-0.00236,-0.20818,0.003717,4566.4565,,,,,
15.7339,status,,,,,,,TRACKING,,
15.7658,target,-0.00369,-0.21767,0.003759,4566.4550,,,,,
15.7840,cmd,,,,,0.00000,-0.17413,,,
15.7841,status,,,,,,,TRACKING,,
15.7986,target,-0.00742,-0.22267,0.003715,4566.4545,,,,,
15.8308,target,-0.01122,-0.22930,0.003683,4566.4533,,,,,
15.8330,cmd,,,,,0.00000,-0.18344,,,
15.8331,status,,,,,,,TRACKING,,
15.8659,target,-0.01650,-0.23534,0.003672,4566.4550,,,,,
15.8838,cmd,,,,,0.00000,-0.18827,,,
15.8839,status,,,,,,,TRACKING,,
15.8994,target,-0.02278,-0.23564,0.003618,4566.4552,,,,,
15.9330,cmd,,,,,0.00000,-0.18851,,,
15.9331,status,,,,,,,TRACKING,,
15.9342,target,-0.02910,-0.23160,0.003620,4566.4566,,,,,
15.9508,joint,,,,,,,,0.07056,0.05829
15.9647,target,-0.03258,-0.22953,0.003596,4566.4537,,,,,
15.9834,cmd,,,,,0.00000,-0.18363,,,
15.9835,status,,,,,,,TRACKING,,
16.0004,target,-0.03364,-0.22891,0.003579,4566.4561,,,,,
16.0323,target,-0.03361,-0.22606,0.003533,4566.4547,,,,,
16.0324,cmd,,,,,0.00000,-0.18313,,,
16.0325,status,,,,,,,TRACKING,,
16.0657,target,-0.03258,-0.22193,0.003477,4566.4547,,,,,
16.0840,cmd,,,,,0.00000,-0.17754,,,
16.0841,status,,,,,,,TRACKING,,
16.1003,target,-0.03028,-0.21310,0.003346,4566.4559,,,,,
16.1323,cmd,,,,,0.00000,-0.17048,,,
16.1325,status,,,,,,,TRACKING,,
16.1348,target,-0.02522,-0.20430,0.003381,4566.4570,,,,,
16.1650,target,-0.02186,-0.18938,0.003227,4566.4539,,,,,
16.1838,cmd,,,,,0.00000,-0.15150,,,
16.1847,status,,,,,,,TRACKING,,
16.2022,target,-0.01729,-0.17666,0.003260,4566.4577,,,,,
16.2323,cmd,,,,,0.00000,-0.14133,,,
16.2326,target,-0.01312,-0.15991,0.003244,4566.4548,,,,,
16.2327,status,,,,,,,TRACKING,,
16.2673,target,0.00000,0.00000,0.000000,4566.4561,,,,,
16.2835,cmd,,,,,0.00000,0.00000,,,
16.2856,status,,,,,,,LOST,,
16.2988,target,-0.00714,-0.12608,0.003227,4566.4543,,,,,
16.3326,cmd,,,,,0.00000,-0.10087,,,
16.3327,status,,,,,,,TRACKING,,
16.3342,target,-0.00505,-0.10937,0.003331,4566.4563,,,,,
16.3652,target,-0.00362,-0.09484,0.003212,4566.4539,,,,,
16.3841,cmd,,,,,0.00000,-0.07587,,,
16.3859,status,,,,,,,TRACKING,,
16.4007,target,-0.00245,-0.08647,0.003359,4566.4561,,,,,
16.4321,target,-0.00183,-0.07800,0.003327,4566.4542,,,,,
16.4322,cmd,,,,,0.00000,-0.06918,,,
16.4330,status,,,,,,,TRACKING,,
16.4656,target,-0.00268,-0.07830,0.003296,4566.4543,,,,,
16.4698,joint,,,,,,,,0.07056,0.13499
16.4838,cmd,,,,,0.00000,-0.06264,,,
16.4840,status,,,,,,,TRACKING,,
16.5006,target,-0.00512,-0.07301,0.003288,4566.4560,,,,,
16.5325,cmd,,,,,0.00000,-0.05841,,,
16.5326,status,,,,,,,TRACKING,,
16.5333,target,-0.00950,-0.07327,0.003223,4566.4553,,,,,
16.5657,target,-0.01396,-0.07121,0.003207,4566.4543,,,,,
16.5840,cmd,,,,,0.00000,-0.05697,,,
16.5861,status,,,,,,,TRACKING,,
16.6019,target,-0.01938,-0.06548,0.003212,4566.4572,,,,,
16.6325,cmd,,,,,0.00000,-0.05238,,,
16.6326,status,,,,,,,TRACKING,,
16.6331,target,-0.02547,-0.06339,0.003227,4566.4550,,,,,
16.6661,target,-0.03231,-0.05630,0.003201,4566.4547,,,,,
16.6840,cmd,,,,,0.00000,-0.04504,,,
16.6841,status,,,,,,,TRACKING,,
16.7007,target,-0.04131,-0.05191,0.003149,4566.4559,,,,,
16.7325,cmd,,,,,0.00000,-0.04153,,,
16.7329,target,-0.04995,-0.04776,0.003142,4566.4547,,,,,
16.7329,status,,,,,,,TRACKING,,
16.7659,target,-0.05929,-0.04519,0.003175,4566.4543,,,,,
16.7839,cmd,,,,,0.26681,0.00000,,,
16.7842,status,,,,,,,TRACKING,,
16.8003,target,-0.06803,-0.04628,0.003118,4566.4554,,,,,
16.8324,target,-0.07520,-0.04939,0.003145,4566.4542,,,,,
16.8325,cmd,,,,,0.30613,0.00000,,,
16.8326,status,,,,,,,TRACKING,,
16.8654,target,-0.08281,-0.05157,0.003071,4566.4538,,,,,
16.8841,cmd,,,,,0.37266,-0.04125,,,
16.8842,status,,,,,,,TRACKING,,
16.9015,target,-0.08913,-0.05895,0.003138,4566.4566,,,,,
16.9326,cmd,,,,,0.40110,-0.04716,,,
16.9327,status,,,,,,,TRACKING,,
16.9336,target,-0.09484,-0.05907,0.003121,4566.4553,,,,,
16.9516,joint,,,,,,,,0.07210,0.15186
16.9662,target,-0.10113,-0.06648,0.003069,4566.4545,,,,,
16.9841,cmd,,,,,0.45507,-0.05318,,,
16.9844,status,,,,,,,TRACKING,,
17.0018,target,-0.10689,-0.06558,0.003101,4566.4567,,,,,
17.0328,cmd,,,,,0.48100,-0.05246,,,
17.0341,target,-0.11028,-0.06769,0.003086,4566.4557,,,,,
17.0342,status,,,,,,,TRACKING,,
17.0660,target,-0.11335,-0.06596,0.003008,4566.4543,,,,,
17.0843,cmd,,,,,0.51006,-0.05277,,,
17.0850,status,,,,,,,TRACKING,,
17.1009,target,-0.11533,-0.06213,0.003064,4566.4558,,,,,
17.1318,target,-0.11481,-0.05523,0.003110,4566.4533,,,,,
17.1320,cmd,,,,,0.51899,-0.04971,,,
17.1321,status,,,,,,,TRACKING,,
17.1670,target,-0.11416,-0.04916,0.002986,4566.4551,,,,,
17.1842,cmd,,,,,0.51373,0.00000,,,
17.1843,status,,,,,,,TRACKING,,
17.2001,target,-0.11226,-0.04238,0.003110,4566.4549,,,,,
17.2314,target,0.00000,0.00000,0.000000,4566.4529,,,,,
17.2322,cmd,,,,,0.50519,0.00000,,,
17.2323,status,,,,,,,TRACKING,,
17.2665,target,-0.10475,-0.03496,0.002967,4566.4546,,,,,
17.2859,cmd,,,,,0.47139,0.00000,,,
17.2860,status,,,,,,,TRACKING,,
17.3011,target,0.00000,0.00000,0.000000,4566.4559,,,,,
17.3312,target,0.00000,0.00000,0.000000,4566.4526,,,,,
17.3322,cmd,,,,,0.00000,0.00000,,,
17.3323,status,,,,,,,LOST,,
17.3651,target,0.00000,0.00000,0.000000,4566.4531,,,,,
17.3858,cmd,,,,,0.00000,0.00000,,,
17.3859,status,,,,,,,LOST,,
17.3997,target,0.00000,0.00000,0.000000,4566.4544,,,,,
17.4324,cmd,,,,,0.00000,0.00000,,,
17.4325,status,,,,,,,LOST,,
17.4362,target,0.00000,0.00000,0.000000,4566.4575,,,,,
17.4651,target,0.00000,0.00000,0.000000,4566.4530,,,,,
17.4698,joint,,,,,,,,0.20862,0.15953
17.4860,cmd,,,,,0.00000,0.00000,,,
17.4861,status,,,,,,,LOST,,
17.5015,target,0.00000,0.00000,0.000000,4566.4561,,,,,
17.5323,cmd,,,,,0.00000,0.00000,,,
17.5324,status,,,,,,,LOST,,
17.5354,target,0.00000,0.00000,0.000000,4566.4567,,,,,
17.5663,target,0.00000,0.00000,0.000000,4566.4542,,,,,
17.5837,cmd,,,,,0.00000,0.00000,,,
17.5862,status,,,,,,,LOST,,
17.6022,target,0.00000,0.00000,0.000000,4566.4567,,,,,
17.6326,cmd,,,,,0.00000,0.00000,,,
17.6327,status,,,,,,,LOST,,
17.6329,target,0.00000,0.00000,0.000000,4566.4541,,,,,
17.6651,target,0.00000,0.00000,0.000000,4566.4529,,,,,
17.6842,cmd,,,,,0.00000,0.00000,,,
17.6861,status,,,,,,,LOST,,
17.7011,target,0.00000,0.00000,0.000000,4566.4555,,,,,
17.7325,cmd,,,,,0.00000,0.00000,,,
17.7341,status,,,,,,,LOST,,
17.7344,target,0.00000,0.00000,0.000000,4566.4555,,,,,
17.7673,target,0.00000,0.00000,0.000000,4566.4550,,,,,
17.7844,cmd,,,,,0.00000,0.00000,,,
17.7847,status,,,,,,,LOST,,
17.8017,target,0.00000,0.00000,0.000000,4566.4561,,,,,
17.8326,cmd,,,,,0.00000,0.00000,,,
17.8329,target,0.00000,0.00000,0.000000,4566.4539,,,,,
17.8330,status,,,,,,,LOST,,
17.8674,target,0.00000,0.00000,0.000000,4566.4551,,,,,
17.8849,cmd,,,,,0.00000,0.00000,,,
17.8850,status,,,,,,,LOST,,
17.9009,target,0.00000,0.00000,0.000000,4566.4552,,,,,
17.9324,target,0.00000,0.00000,0.000000,4566.4534,,,,,
17.9325,cmd,,,,,0.00000,0.00000,,,
17.9326,status,,,,,,,LOST,,
17.9668,target,0.00000,0.00000,0.000000,4566.4544,,,,,
17.9851,cmd,,,,,0.00000,0.00000,,,
17.9852,status,,,,,,,LOST,,
17.9900,joint,,,,,,,,0.18101,0.15953
18.0021,target,0.00000,0.00000,0.000000,4566.4564,,,,,
18.0341,target,0.00000,0.00000,0.000000,4566.4549,,,,,
18.0342,cmd,,,,,0.00000,0.00000,,,
18.0342,status,,,,,,,LOST,,
18.0652,target,0.00000,0.00000,0.000000,4566.4527,,,,,
18.0856,cmd,,,,,0.00000,0.00000,,,
18.0857,status,,,,,,,LOST,,
18.1015,target,0.00000,0.00000,0.000000,4566.4557,,,,,
18.1327,cmd,,,,,0.00000,0.00000,,,
18.1328,status,,,,,,,LOST,,
18.1330,target,0.00000,0.00000,0.000000,4566.4538,,,,,
18.1656,target,0.00000,0.00000,0.000000,4566.4530,,,,,
18.1846,cmd,,,,,0.00000,0.00000,,,
18.1849,status,,,,,,,LOST,,
18.2021,target,0.00000,0.00000,0.000000,4566.4562,,,,,
18.2341,target,0.00000,0.00000,0.000000,4566.4548,,,,,
18.2342,cmd,,,,,0.00000,0.00000,,,
18.2343,status,,,,,,,LOST,,
18.2682,target,0.00000,0.00000,0.000000,4566.4555,,,,,
18.2833,cmd,,,,,0.00000,0.00000,,,
18.2853,status,,,,,,,LOST,,
18.3021,target,0.00000,0.00000,0.000000,4566.4561,,,,,
18.3343,cmd,,,,,0.00000,0.00000,,,
18.3344,status,,,,,,,LOST,,
18.3357,target,0.00000,0.00000,0.000000,4566.4564,,,,,
18.3654,target,0.00000,0.00000,0.000000,4566.4527,,,,,
18.3836,cmd,,,,,0.00000,0.00000,,,
18.3839,status,,,,,,,LOST,,
18.4026,target,0.00000,0.00000,0.000000,4566.4565,,,,,
18.4324,cmd,,,,,0.00000,0.00000,,,
18.4325,status,,,,,,,LOST,,
18.4340,target,0.00000,0.00000,0.000000,4566.4546,,,,,
18.4674,target,0.00000,0.00000,0.000000,4566.4546,,,,,
18.4850,cmd,,,,,0.00000,0.00000,,,
18.4853,status,,,,,,,LOST,,
18.4901,joint,,,,,,,,0.18254,0.15953
18.5006,target,0.00000,0.00000,0.000000,4566.4545,,,,,
18.5323,cmd,,,,,0.00000,0.00000,,,
18.5324,status,,,,,,,LOST,,
18.5361,target,0.00000,0.00000,0.000000,4566.4566,,,,,
18.5651,target,0.00000,0.00000,0.000000,4566.4522,,,,,
18.5858,cmd,,,,,0.00000,0.00000,,,
18.5860,status,,,,,,,LOST,,
18.6031,target,0.00000,0.00000,0.000000,4566.4569,,,,,
18.6324,cmd,,,,,0.00000,0.00000,,,
18.6325,status,,,,,,,LOST,,
18.6328,target,0.00000,0.00000,0.000000,4566.4532,,,,,
18.6676,target,0.00000,0.00000,0.000000,4566.4547,,,,,
18.6837,cmd,,,,,0.00000,0.00000,,,
18.6850,status,,,,,,,LOST,,
18.7059,target,0.00000,0.00000,0.000000,4566.4596,,,,,
18.7318,target,0.00000,0.00000,0.000000,4566.4521,,,,,
18.7320,cmd,,,,,0.00000,0.00000,,,
18.7323,status,,,,,,,LOST,,
18.7671,target,0.00000,0.00000,0.000000,4566.4541,,,,,
18.7835,cmd,,,,,0.00000,0.00000,,,
18.7851,status,,,,,,,LOST,,
18.8024,target,0.00000,0.00000,0.000000,4566.4560,,,,,
18.8326,cmd,,,,,0.00000,0.00000,,,
18.8327,status,,,,,,,LOST,,
18.8351,target,0.00000,0.00000,0.000000,4566.4554,,,,,
18.8673,target,0.00000,0.00000,0.000000,4566.4542,,,,,
18.8837,cmd,,,,,0.00000,0.00000,,,
18.8863,status,,,,,,,LOST,,
18.9000,target,0.00000,0.00000,0.000000,4566.4536,,,,,
18.9325,cmd,,,,,0.00000,0.00000,,,
18.9326,status,,,,,,,LOST,,
18.9333,target,0.00000,0.00000,0.000000,4566.4535,,,,,
18.9668,target,0.00000,0.00000,0.000000,4566.4537,,,,,
18.9844,cmd,,,,,0.00000,0.00000,,,
18.9852,status,,,,,,,LOST,,
19.0011,target,0.00000,0.00000,0.000000,4566.4546,,,,,
19.0112,joint,,,,,,,,0.18101,0.15953
19.0323,cmd,,,,,0.00000,0.00000,,,
19.0325,status,,,,,,,LOST,,
19.0349,target,0.00000,0.00000,0.000000,4566.4551,,,,,
19.0659,target,0.00000,0.00000,0.000000,4566.4527,,,,,
19.0861,cmd,,,,,0.00000,0.00000,,,
19.0862,status,,,,,,,LOST,,
19.1025,target,0.00000,0.00000,0.000000,4566.4559,,,,,
19.1322,cmd,,,,,0.00000,0.00000,,,
19.1323,status,,,,,,,LOST,,
19.1357,target,0.00000,0.00000,0.000000,4566.4558,,,,,
19.1676,target,0.00000,0.00000,0.000000,4566.4543,,,,,
19.1860,cmd,,,,,0.00000,0.00000,,,
19.1861,status,,,,,,,LOST,,
19.2030,target,0.00000,0.00000,0.000000,4566.4563,,,,,
19.2322,cmd,,,,,0.00000,0.00000,,,
19.2322,status,,,,,,,LOST,,
19.2353,target,0.00000,0.00000,0.000000,4566.4553,,,,,
19.2667,target,0.00000,0.00000,0.000000,4566.4534,,,,,
19.2854,cmd,,,,,0.00000,0.00000,,,
19.2861,status,,,,,,,LOST,,
19.3018,target,0.00000,0.00000,0.000000,4566.4551,,,,,
19.3321,cmd,,,,,0.00000,0.00000,,,
19.3348,target,0.00000,0.00000,0.000000,4566.4547,,,,,
19.3349,status,,,,,,,LOST,,
19.3667,target,0.00000,0.00000,0.000000,4566.4533,,,,,
19.3848,cmd,,,,,0.00000,0.00000,,,
19.3857,status,,,,,,,LOST,,
19.4036,target,0.00000,0.00000,0.000000,4566.4569,,,,,
19.4340,target,0.00000,0.00000,0.000000,4566.4539,,,,,
19.4341,cmd,,,,,0.00000,0.00000,,,
19.4342,status,,,,,,,LOST,,
19.4674,target,0.00000,0.00000,0.000000,4566.4539,,,,,
19.4838,cmd,,,,,0.00000,0.00000,,,
19.4870,status,,,,,,,LOST,,
19.5036,target,0.00000,0.00000,0.000000,4566.4567,,,,,
19.5310,joint,,,,,,,,0.18254,0.15953
19.5329,cmd,,,,,0.00000,0.00000,,,
19.5330,status,,,,,,,LOST,,
19.5370,target,0.00000,0.00000,0.000000,4566.4568,,,,,
19.5675,target,0.00000,0.00000,0.000000,4566.4539,,,,,
19.5840,cmd,,,,,0.00000,0.00000,,,
19.5850,status,,,,,,,LOST,,
19.6025,target,0.00000,0.00000,0.000000,4566.4556,,,,,
19.6323,cmd,,,,,0.00000,0.00000,,,
19.6330,status,,,,,,,LOST,,
19.6351,target,0.00000,0.00000,0.000000,4566.4548,,,,,
19.6658,target,0.00000,0.00000,0.000000,4566.4521,,,,,
19.6843,cmd,,,,,0.00000,0.00000,,,
19.6857,status,,,,,,,LOST,,
19.7017,target,0.00000,0.00000,0.000000,4566.4546,,,,,
19.7325,cmd,,,,,0.00000,0.00000,,,
19.7338,target,0.00000,0.00000,0.000000,4566.4535,,,,,
19.7340,status,,,,,,,LOST,,
19.7668,target,0.00000,0.00000,0.000000,4566.4530,,,,,
19.7847,cmd,,,,,0.00000,0.00000,,,
19.7857,status,,,,,,,LOST,,
19.8033,target,0.00000,0.00000,0.000000,4566.4562,,,,,
19.8322,cmd,,,,,0.00000,0.00000,,,
19.8323,status,,,,,,,LOST,,
19.8355,target,0.00000,0.00000,0.000000,4566.4550,,,,,
19.8678,target,0.00000,0.00000,0.000000,4566.4540,,,,,
19.8829,cmd,,,,,0.00000,0.00000,,,
19.8836,status,,,,,,,LOST,,
19.9055,target,0.00000,0.00000,0.000000,4566.4583,,,,,
19.9340,cmd,,,,,0.00000,0.00000,,,
19.9342,status,,,,,,,LOST,,
19.9360,target,0.00000,0.00000,0.000000,4566.4555,,,,,
19.9683,target,0.00000,0.00000,0.000000,4566.4544,,,,,
19.9830,cmd,,,,,0.00000,0.00000,,,
19.9835,status,,,,,,,LOST,,
20.0058,target,0.00000,0.00000,0.000000,4566.4586,,,,,
20.0303,joint,,,,,,,,0.18254,0.15953
20.0323,cmd,,,,,0.00000,0.00000,,,
20.0328,status,,,,,,,LOST,,
20.0360,target,0.00000,0.00000,0.000000,4566.4554,,,,,
20.0681,target,0.00000,0.00000,0.000000,4566.4542,,,,,
20.0835,cmd,,,,,0.00000,0.00000,,,
20.0836,status,,,,,,,LOST,,
20.1061,target,0.00000,0.00000,0.000000,4566.4588,,,,,
20.1340,target,0.00000,0.00000,0.000000,4566.4533,,,,,
20.1341,cmd,,,,,0.00000,0.00000,,,
20.1342,status,,,,,,,LOST,,
20.1684,target,0.00000,0.00000,0.000000,4566.4544,,,,,
20.1832,cmd,,,,,0.00000,0.00000,,,
20.1836,status,,,,,,,LOST,,
20.2019,target,0.00000,0.00000,0.000000,4566.4545,,,,,
20.2323,cmd,,,,,0.00000,0.00000,,,
20.2324,status,,,,,,,LOST,,
20.2344,target,0.00000,0.00000,0.000000,4566.4537,,,,,
20.2702,target,0.00000,0.00000,0.000000,4566.4561,,,,,
20.2830,cmd,,,,,0.00000,0.00000,,,
20.2866,status,,,,,,,LOST,,
20.3052,target,0.00000,0.00000,0.000000,4566.4577,,,,,
20.3321,cmd,,,,,0.00000,0.00000,,,
20.3327,status,,,,,,,LOST,,
20.3368,target,0.00000,0.00000,0.000000,4566.4560,,,,,
20.3682,target,0.00000,0.00000,0.000000,4566.4540,,,,,
20.3831,cmd,,,,,0.00000,0.00000,,,
20.3839,status,,,,,,,LOST,,
20.4061,target,0.00000,0.00000,0.000000,4566.4586,,,,,
20.4322,cmd,,,,,0.00000,0.00000,,,
20.4323,status,,,,,,,LOST,,
20.4353,target,0.00000,0.00000,0.000000,4566.4544,,,,,
20.4689,target,0.00000,0.00000,0.000000,4566.4547,,,,,
20.4839,cmd,,,,,0.00000,0.00000,,,
20.4859,status,,,,,,,LOST,,
20.5018,target,0.00000,0.00000,0.000000,4566.4542,,,,,
20.5324,cmd,,,,,0.00000,0.00000,,,
20.5325,status,,,,,,,LOST,,
20.5367,target,0.00000,0.00000,0.000000,4566.4558,,,,,
20.5522,joint,,,,,,,,0.18254,0.15953
20.5684,target,0.00000,0.00000,0.000000,4566.4541,,,,,
20.5836,cmd,,,,,0.00000,0.00000,,,
20.5860,status,,,,,,,LOST,,
20.6016,target,0.00000,0.00000,0.000000,4566.4540,,,,,
20.6321,cmd,,,,,0.00000,0.00000,,,
20.6324,status,,,,,,,LOST,,
20.6350,target,0.00000,0.00000,0.000000,4566.4540,,,,,
20.6701,target,0.00000,0.00000,0.000000,4566.4557,,,,,
20.6833,cmd,,,,,0.00000,0.00000,,,
20.6839,status,,,,,,,LOST,,
20.7040,target,0.00000,0.00000,0.000000,4566.4563,,,,,
20.7321,cmd,,,,,0.00000,0.00000,,,
20.7323,status,,,,,,,LOST,,
20.7351,target,0.00000,0.00000,0.000000,4566.4540,,,,,
20.7682,target,0.00000,0.00000,0.000000,4566.4537,,,,,
20.7837,cmd,,,,,0.00000,0.00000,,,
20.7842,status,,,,,,,LOST,,
20.8039,target,0.00000,0.00000,0.000000,4566.4561,,,,,
20.8321,cmd,,,,,0.00000,0.00000,,,
20.8322,status,,,,,,,LOST,,
20.8354,target,0.00000,0.00000,0.000000,4566.4542,,,,,
20.8690,target,0.00000,0.00000,0.000000,4566.4545,,,,,
20.8829,cmd,,,,,0.00000,0.00000,,,
20.8834,status,,,,,,,LOST,,
20.9063,target,0.00000,0.00000,0.000000,4566.4584,,,,,
20.9330,cmd,,,,,0.00000,0.00000,,,
20.9332,status,,,,,,,LOST,,
20.9364,target,0.00000,0.00000,0.000000,4566.4552,,,,,
20.9691,target,0.00000,0.00000,0.000000,4566.4545,,,,,
20.9832,cmd,,,,,0.00000,0.00000,,,
20.9840,status,,,,,,,LOST,,
21.0042,target,0.00000,0.00000,0.000000,4566.4563,,,,,
21.0321,cmd,,,,,0.00000,0.00000,,,
21.0321,status,,,,,,,LOST,,
21.0357,target,0.00000,0.00000,0.000000,4566.4544,,,,,
21.0695,target,0.00000,0.00000,0.000000,4566.4548,,,,,
21.0699,joint,,,,,,,,0.18254,0.15953
21.0828,cmd,,,,,0.00000,0.00000,,,
21.0832,status,,,,,,,LOST,,
21.1073,target,0.00000,0.00000,0.000000,4566.4592,,,,,
21.1326,cmd,,,,,0.00000,0.00000,,,
21.1327,status,,,,,,,LOST,,
21.1368,target,0.00000,0.00000,0.000000,4566.4555,,,,,
21.1693,target,0.00000,0.00000,0.000000,4566.4546,,,,,
21.1840,cmd,,,,,0.00000,0.00000,,,
21.1841,status,,,,,,,LOST,,
21.2069,target,0.00000,0.00000,0.000000,4566.4588,,,,,
21.2322,cmd,,,,,0.00000,0.00000,,,
21.2323,status,,,,,,,LOST,,
21.2354,target,0.00000,0.00000,0.000000,4566.4539,,,,,
21.2701,target,0.00000,0.00000,0.000000,4566.4553,,,,,
21.2830,cmd,,,,,0.00000,0.00000,,,
21.2835,status,,,,,,,LOST,,
21.3065,target,0.00000,0.00000,0.000000,4566.4583,,,,,
21.3323,cmd,,,,,0.00000,0.00000,,,
21.3325,status,,,,,,,LOST,,
21.3367,target,0.00000,0.00000,0.000000,4566.4552,,,,,
21.3700,target,0.00000,0.00000,0.000000,4566.4551,,,,,
21.3832,cmd,,,,,0.00000,0.00000,,,
21.3835,status,,,,,,,LOST,,
21.4045,target,0.00000,0.00000,0.000000,4566.4563,,,,,
21.4323,cmd,,,,,0.00000,0.00000,,,
21.4327,status,,,,,,,LOST,,
21.4372,target,0.00000,0.00000,0.000000,4566.4555,,,,,
21.4703,target,0.00000,0.00000,0.000000,4566.4553,,,,,
21.4831,cmd,,,,,0.00000,0.00000,,,
21.4847,status,,,,,,,LOST,,
21.5058,target,0.00000,0.00000,0.000000,4566.4575,,,,,
21.5323,cmd,,,,,0.00000,0.00000,,,
21.5325,status,,,,,,,LOST,,
21.5362,target,0.00000,0.00000,0.000000,4566.4545,,,,,
21.5687,target,0.00000,0.00000,0.000000,4566.4536,,,,,
21.5834,cmd,,,,,0.00000,0.00000,,,
21.5862,status,,,,,,,LOST,,
21.5904,joint,,,,,,,,0.18101,0.15953
21.6071,target,0.00000,0.00000,0.000000,4566.4587,,,,,
21.6322,cmd,,,,,0.00000,0.00000,,,
21.6330,status,,,,,,,LOST,,
21.6352,target,0.00000,0.00000,0.000000,4566.4534,,,,,
21.6700,target,0.00000,0.00000,0.000000,4566.4549,,,,,
21.6831,cmd,,,,,0.00000,0.00000,,,
21.6836,status,,,,,,,LOST,,
21.7059,target,0.00000,0.00000,0.000000,4566.4574,,,,,
21.7323,cmd,,,,,0.00000,0.00000,,,
21.7324,status,,,,,,,LOST,,
21.7357,target,0.00000,0.00000,0.000000,4566.4538,,,,,
21.7698,target,0.14294,-0.20480,0.003006,4566.4546,,,,,
21.7830,cmd,,,,,-0.60000,-0.16384,,,
21.7836,status,,,,,,,TRACKING,,
21.8080,target,0.14549,-0.20114,0.003021,4566.4595,,,,,
21.8324,cmd,,,,,-0.60000,-0.16091,,,
21.8340,status,,,,,,,TRACKING,,
21.8377,target,0.15002,-0.19955,0.003047,4566.4557,,,,,
21.8695,target,0.15357,-0.19751,0.003079,4566.4543,,,,,
21.8842,cmd,,,,,-0.60000,-0.15800,,,
21.8883,status,,,,,,,TRACKING,,
21.9066,target,0.15799,-0.19761,0.003112,4566.4580,,,,,
21.9340,cmd,,,,,-0.60000,-0.15809,,,
21.9346,status,,,,,,,TRACKING,,
21.9356,target,0.16048,-0.19899,0.003038,4566.4536,,,,,
21.9695,target,0.16397,-0.20235,0.003105,4566.4542,,,,,
21.9830,cmd,,,,,-0.60000,-0.16188,,,
21.9870,status,,,,,,,TRACKING,,
22.0072,target,0.16180,-0.20467,0.003060,4566.4585,,,,,
22.0322,cmd,,,,,-0.60000,-0.16374,,,
22.0323,status,,,,,,,TRACKING,,
22.0479,target,0.15784,-0.20552,0.003047,4566.4658,,,,,
22.0713,target,0.00000,0.00000,0.000000,4566.4559,,,,,
22.0837,cmd,,,,,0.00000,0.00000,,,
22.0847,status,,,,,,,LOST,,
22.1052,target,0.00000,0.00000,0.000000,4566.4564,,,,,
22.1098,joint,,,,,,,,0.14880,0.16720
22.1325,cmd,,,,,0.00000,0.00000,,,
22.1326,status,,,,,,,LOST,,
22.1370,target,0.00000,0.00000,0.000000,4566.4549,,,,,
22.1686,target,0.00000,0.00000,0.000000,4566.4531,,,,,
22.1850,cmd,,,,,0.00000,0.00000,,,
22.1861,status,,,,,,,LOST,,
22.2055,target,0.00000,0.00000,0.000000,4566.4567,,,,,
22.2323,cmd,,,,,0.00000,0.00000,,,
22.2324,status,,,,,,,LOST,,
22.2360,target,0.00000,0.00000,0.000000,4566.4538,,,,,
22.2680,target,0.00000,0.00000,0.000000,4566.4525,,,,,
22.2840,cmd,,,,,0.00000,0.00000,,,
22.2847,status,,,,,,,LOST,,
22.3063,target,0.00000,0.00000,0.000000,4566.4574,,,,,
22.3323,cmd,,,,,0.00000,0.00000,,,
22.3326,status,,,,,,,LOST,,
22.3363,target,0.00000,0.00000,0.000000,4566.4540,,,,,
22.3689,target,0.00000,0.00000,0.000000,4566.4533,,,,,
22.3830,cmd,,,,,0.00000,0.00000,,,
22.3831,status,,,,,,,LOST,,
22.4076,target,0.00000,0.00000,0.000000,4566.4586,,,,,
22.4325,cmd,,,,,0.00000,0.00000,,,
22.4326,status,,,,,,,LOST,,
22.4361,target,0.00000,0.00000,0.000000,4566.4537,,,,,
22.4707,target,0.00000,0.00000,0.000000,4566.4550,,,,,
22.4840,cmd,,,,,0.00000,0.00000,,,
22.4844,status,,,,,,,LOST,,
22.5058,target,0.00000,0.00000,0.000000,4566.4568,,,,,
22.5321,cmd,,,,,0.00000,0.00000,,,
22.5323,status,,,,,,,LOST,,
22.5385,target,0.00000,0.00000,0.000000,4566.4561,,,,,
22.5713,target,0.00000,0.00000,0.000000,4566.4555,,,,,
22.5834,cmd,,,,,0.00000,0.00000,,,
22.5840,status,,,,,,,LOST,,
22.6061,target,0.00000,0.00000,0.000000,4566.4569,,,,,
22.6313,joint,,,,,,,,0.13499,0.17487
22.6327,cmd,,,,,0.00000,0.00000,,,
22.6329,status,,,,,,,LOST,,
22.6364,target,0.23901,-0.15010,0.003184,4566.4539,,,,,
22.6700,target,0.25015,-0.15184,0.003216,4566.4541,,,,,
22.6838,cmd,,,,,-0.60000,-0.12147,,,
22.6873,status,,,,,,,TRACKING,,
22.7072,target,0.26063,-0.15039,0.003210,4566.4580,,,,,
22.7323,cmd,,,,,-0.60000,-0.12031,,,
22.7344,status,,,,,,,TRACKING,,
22.7363,target,0.27171,-0.15246,0.003255,4566.4537,,,,,
22.7705,target,0.00000,0.00000,0.000000,4566.4546,,,,,
22.7851,cmd,,,,,0.00000,0.00000,,,
22.7859,status,,,,,,,LOST,,
22.8061,target,0.00000,0.00000,0.000000,4566.4568,,,,,
22.8325,cmd,,,,,0.00000,0.00000,,,
22.8327,status,,,,,,,LOST,,
22.8375,target,0.30400,-0.16055,0.003303,4566.4549,,,,,
22.8702,target,0.00000,0.00000,0.000000,4566.4542,,,,,
22.8828,cmd,,,,,0.00000,0.00000,,,
22.8840,status,,,,,,,LOST,,
22.9071,target,0.32365,-0.16799,0.003268,4566.4577,,,,,
22.9324,cmd,,,,,-0.60000,-0.13439,,,
22.9326,status,,,,,,,TRACKING,,
22.9378,target,0.00000,0.00000,0.000000,4566.4550,,,,,
22.9696,target,0.00000,0.00000,0.000000,4566.4536,,,,,
22.9831,cmd,,,,,0.00000,0.00000,,,
22.9840,status,,,,,,,LOST,,
23.0075,target,0.00000,0.00000,0.000000,4566.4580,,,,,
23.0324,cmd,,,,,0.00000,0.00000,,,
23.0325,status,,,,,,,LOST,,
23.0360,target,0.36837,-0.18946,0.003305,4566.4532,,,,,
23.0710,target,0.00000,0.00000,0.000000,4566.4549,,,,,
23.0832,cmd,,,,,0.00000,0.00000,,,
23.0881,status,,,,,,,LOST,,
23.1071,target,0.00000,0.00000,0.000000,4566.4576,,,,,
23.1326,cmd,,,,,0.00000,0.00000,,,
23.1328,status,,,,,,,LOST,,
23.1372,target,0.00000,0.00000,0.000000,4566.4543,,,,,
23.1529,joint,,,,,,,,0.13192,0.17487
23.1713,target,0.41220,-0.18705,0.003544,4566.4551,,,,,
23.1833,cmd,,,,,-0.60000,-0.14964,,,
23.1837,status,,,,,,,TRACKING,,
23.2082,target,0.42231,-0.18608,0.003711,4566.4586,,,,,
23.2323,cmd,,,,,-0.60000,-0.14886,,,
23.2331,status,,,,,,,TRACKING,,
23.2380,target,0.43309,-0.18702,0.003735,4566.4550,,,,,
23.2693,target,0.44270,-0.18396,0.003815,4566.4530,,,,,
23.2837,cmd,,,,,-0.60000,-0.14717,,,
23.2889,status,,,,,,,TRACKING,,
23.3072,target,0.45054,-0.18147,0.003835,4566.4575,,,,,
23.3325,cmd,,,,,-0.60000,-0.14518,,,
23.3332,status,,,,,,,TRACKING,,
23.3386,target,0.45950,-0.18167,0.003785,4566.4555,,,,,
23.3692,target,0.47062,-0.18141,0.003806,4566.4528,,,,,
23.3831,cmd,,,,,-0.60000,-0.14513,,,
23.3840,status,,,,,,,TRACKING,,
23.4069,target,0.47457,-0.18574,0.004169,4566.4572,,,,,
23.4330,cmd,,,,,-0.60000,-0.14859,,,
23.4332,status,,,,,,,TRACKING,,
23.4371,target,0.47368,-0.17831,0.003941,4566.4540,,,,,
23.4709,target,0.47129,-0.16897,0.003965,4566.4545,,,,,
23.4832,cmd,,,,,-0.60000,-0.13517,,,
23.4840,status,,,,,,,TRACKING,,
23.5082,target,0.46221,-0.15490,0.003956,4566.4584,,,,,
23.5323,cmd,,,,,-0.60000,-0.12392,,,
23.5325,status,,,,,,,TRACKING,,
23.5373,target,0.45035,-0.14284,0.004023,4566.4541,,,,,
23.5691,target,0.43687,-0.12634,0.003969,4566.4526,,,,,
23.5834,cmd,,,,,-0.60000,-0.10107,,,
23.5843,status,,,,,,,TRACKING,,
23.6084,target,0.41770,-0.11102,0.004002,4566.4585,,,,,
23.6323,cmd,,,,,-0.60000,-0.08882,,,
23.6330,status,,,,,,,TRACKING,,
23.6385,target,0.39915,-0.09584,0.004145,4566.4553,,,,,
23.6704,joint,,,,,,,,0.00920,0.20709
23.6714,target,0.37859,-0.08121,0.004280,4566.4548,,,,,
23.6836,cmd,,,,,-0.60000,-0.06497,,,
23.6840,status,,,,,,,TRACKING,,
23.7058,target,0.35676,-0.06319,0.004310,4566.4558,,,,,
23.7331,cmd,,,,,-0.60000,-0.05055,,,
23.7355,status,,,,,,,TRACKING,,
23.7383,target,0.33575,-0.04763,0.004293,4566.4550,,,,,
23.7729,target,0.31448,-0.03179,0.004685,4566.4562,,,,,
23.7851,cmd,,,,,-0.60000,0.00000,,,
23.7866,status,,,,,,,TRACKING,,
23.8080,target,0.29564,-0.01970,0.005132,4566.4579,,,,,
23.8323,cmd,,,,,-0.60000,0.00000,,,
23.8327,status,,,,,,,TRACKING,,
23.8362,target,0.27795,-0.00604,0.005330,4566.4528,,,,,
23.8717,target,0.25451,0.00858,0.005803,4566.4549,,,,,
23.8834,cmd,,,,,-0.60000,0.00000,,,
23.8840,status,,,,,,,TRACKING,,
23.9083,target,0.23519,0.01858,0.006215,4566.4581,,,,,
23.9330,cmd,,,,,-0.60000,0.00000,,,
23.9338,status,,,,,,,TRACKING,,
23.9417,target,0.21587,0.02861,0.006823,4566.4582,,,,,
23.9724,target,0.19704,0.03774,0.007303,4566.4556,,,,,
23.9840,cmd,,,,,-0.60000,0.00000,,,
23.9844,status,,,,,,,TRACKING,,
24.0108,target,0.17823,0.03760,0.007520,4566.4606,,,,,
24.0330,cmd,,,,,-0.60000,0.00000,,,
24.0332,status,,,,,,,TRACKING,,
24.0389,target,0.15917,0.04226,0.007650,4566.4554,,,,,
24.0717,target,0.13962,0.04289,0.007780,4566.4548,,,,,
24.0836,cmd,,,,,-0.60000,0.00000,,,
24.0880,status,,,,,,,TRACKING,,
24.1071,target,0.11970,0.03554,0.007826,4566.4568,,,,,
24.1326,cmd,,,,,-0.53864,0.00000,,,
24.1328,status,,,,,,,TRACKING,,
24.1390,target,0.09818,0.06829,0.009067,4566.4553,,,,,
24.1711,target,0.07795,0.06045,0.008971,4566.4541,,,,,
24.1834,cmd,,,,,-0.35075,0.04836,,,
24.1840,status,,,,,,,TRACKING,,
24.1915,joint,,,,,,,,-0.30680,0.22856
24.2086,target,0.05802,0.05152,0.009210,4566.4583,,,,,
24.2331,cmd,,,,,-0.26109,0.04121,,,
24.2332,status,,,,,,,TRACKING,,
24.2380,target,0.03699,0.04440,0.009566,4566.4543,,,,,
24.2720,target,0.01758,0.04263,0.009844,4566.4549,,,,,
24.2833,cmd,,,,,0.00000,0.00000,,,
24.2839,status,,,,,,,CENTERED,,
24.3083,target,-0.00152,0.03884,0.009974,4566.4579,,,,,
24.3324,cmd,,,,,0.00000,0.00000,,,
24.3329,status,,,,,,,CENTERED,,
24.3402,target,-0.02004,0.03091,0.010330,4566.4564,,,,,
24.3717,target,-0.03726,0.03047,0.010749,4566.4546,,,,,
24.3840,cmd,,,,,0.00000,0.00000,,,
24.3843,status,,,,,,,CENTERED,,
24.4065,target,-0.05234,0.02595,0.011224,4566.4561,,,,,
24.4341,cmd,,,,,0.23553,0.00000,,,
24.4342,status,,,,,,,TRACKING,,
24.4386,target,-0.06526,0.02453,0.011727,4566.4547,,,,,
24.4721,target,-0.07274,0.02724,0.012296,4566.4549,,,,,
24.4840,cmd,,,,,0.32733,0.00000,,,
24.4864,status,,,,,,,TRACKING,,
24.5057,target,-0.07568,0.02919,0.012680,4566.4552,,,,,
24.5327,cmd,,,,,0.34055,0.00000,,,
24.5331,status,,,,,,,TRACKING,,
24.5387,target,-0.07414,0.03170,0.013001,4566.4548,,,,,
24.5722,target,-0.06702,0.03205,0.013296,4566.4549,,,,,
24.5835,cmd,,,,,0.30159,0.00000,,,
24.5855,status,,,,,,,TRACKING,,
24.6086,target,-0.05624,0.03263,0.013620,4566.4580,,,,,
24.6335,cmd,,,,,0.25309,0.00000,,,
24.6336,status,,,,,,,TRACKING,,
24.6382,target,-0.04465,0.03181,0.014095,4566.4542,,,,,
24.6724,target,-0.03121,0.03010,0.014223,4566.4551,,,,,
24.6831,cmd,,,,,0.00000,0.00000,,,
24.6870,status,,,,,,,CENTERED,,
24.6906,joint,,,,,,,,-0.45099,0.22550
24.7061,target,-0.01547,0.02995,0.014605,4566.4554,,,,,
24.7340,cmd,,,,,0.00000,0.00000,,,
24.7341,status,,,,,,,CENTERED,,
24.7408,target,0.00036,0.03190,0.014983,4566.4567,,,,,
24.7700,target,0.01742,0.03386,0.015280,4566.4525,,,,,
24.7832,cmd,,,,,0.00000,0.00000,,,
24.7837,status,,,,,,,CENTERED,,
24.8091,target,0.03384,0.03862,0.015879,4566.4584,,,,,
24.8327,cmd,,,,,0.00000,0.00000,,,
24.8329,status,,,,,,,CENTERED,,
24.8409,target,0.04498,0.04228,0.016632,4566.4567,,,,,
24.8717,target,0.05171,0.04432,0.016964,4566.4542,,,,,
24.8838,cmd,,,,,-0.23271,0.00000,,,
24.8850,status,,,,,,,TRACKING,,
24.9063,target,0.05318,0.04691,0.017279,4566.4554,,,,,
24.9342,cmd,,,,,-0.23931,0.00000,,,
24.9343,status,,,,,,,TRACKING,,
24.9410,target,0.05270,0.04893,0.017467,4566.4568,,,,,
24.9738,target,0.05398,0.04867,0.017661,4566.4562,,,,,
24.9836,cmd,,,,,-0.24292,0.00000,,,
24.9852,status,,,,,,,TRACKING,,
25.0102,target,0.05365,0.05149,0.017791,4566.4593,,,,,
25.0334,cmd,,,,,-0.24141,0.04119,,,
25.0335,status,,,,,,,TRACKING,,
25.0411,target,0.05742,0.05422,0.018006,4566.4569,,,,,
25.0729,target,0.06270,0.06133,0.018314,4566.4553,,,,,
25.0827,cmd,,,,,-0.28217,0.04906,,,
25.0839,status,,,,,,,TRACKING,,
25.1078,target,0.06838,0.07163,0.018622,4566.4569,,,,,
25.1340,cmd,,,,,-0.30773,0.05730,,,
25.1342,status,,,,,,,TRACKING,,
25.1388,target,0.07498,0.08034,0.019084,4566.4545,,,,,
25.1738,target,0.08000,0.09067,0.019570,4566.4561,,,,,
25.1825,cmd,,,,,-0.35999,0.07254,,,
25.1826,status,,,,,,,TRACKING,,
25.1915,joint,,,,,,,,-0.45559,0.22550
25.2085,target,0.08425,0.09629,0.019837,4566.4574,,,,,
25.2332,cmd,,,,,-0.37910,0.07703,,,
25.2337,status,,,,,,,TRACKING,,
25.2387,target,0.08680,0.09737,0.020054,4566.4542,,,,,
25.2740,target,0.08636,0.08890,0.020365,4566.4562,,,,,
25.2825,cmd,,,,,-0.38860,0.07112,,,
25.2831,status,,,,,,,TRACKING,,
25.3072,target,0.08428,0.08060,0.020126,4566.4560,,,,,
25.3340,cmd,,,,,-0.37926,0.06448,,,
25.3342,status,,,,,,,TRACKING,,
25.3390,target,0.07994,0.06496,0.020582,4566.4545,,,,,
25.3729,target,0.07585,0.05549,0.020503,4566.4550,,,,,
25.3832,cmd,,,,,-0.34131,0.04439,,,
25.3833,status,,,,,,,TRACKING,,
25.4093,target,0.07201,0.03936,0.020814,4566.4580,,,,,
25.4327,cmd,,,,,-0.32404,0.00000,,,
25.4328,status,,,,,,,TRACKING,,
25.4388,target,0.06954,0.02968,0.020879,4566.4543,,,,,
25.4742,target,0.06623,0.01400,0.021076,4566.4563,,,,,
25.4830,cmd,,,,,-0.29804,0.00000,,,
25.4830,status,,,,,,,TRACKING,,
25.5092,target,0.06289,0.00257,0.021226,4566.4579,,,,,
25.5328,cmd,,,,,-0.28302,0.00000,,,
25.5341,status,,,,,,,TRACKING,,
25.5389,target,0.05760,-0.01280,0.021196,4566.4542,,,,,
25.5725,target,0.05071,-0.01980,0.021493,4566.4545,,,,,
25.5832,cmd,,,,,-0.22819,0.00000,,,
25.5833,status,,,,,,,TRACKING,,
25.6091,target,0.04358,-0.02624,0.021497,4566.4577,,,,,
25.6331,cmd,,,,,0.00000,0.00000,,,
25.6336,status,,,,,,,CENTERED,,
25.6411,target,0.03456,-0.03029,0.021662,4566.4564,,,,,
25.6723,target,0.02533,-0.03544,0.021686,4566.4543,,,,,
25.6835,cmd,,,,,0.00000,0.00000,,,
25.6836,status,,,,,,,CENTERED,,
25.6927,joint,,,,,,,,-0.57678,0.21169
25.7097,target,0.01551,-0.03814,0.021938,4566.4582,,,,,
25.7329,cmd,,,,,0.00000,0.00000,,,
25.7330,status,,,,,,,CENTERED,,
25.7388,target,0.00669,-0.04365,0.022007,4566.4540,,,,,
25.7741,target,-0.00005,-0.04733,0.022253,4566.4559,,,,,
25.7826,cmd,,,,,0.00000,0.00000,,,
25.7829,status,,,,,,,CENTERED,,
25.8067,target,-0.00291,-0.05086,0.022513,4566.4552,,,,,
25.8339,cmd,,,,,0.00000,-0.04068,,,
25.8339,status,,,,,,,TRACKING,,
25.8406,target,-0.00233,-0.05404,0.022650,4566.4558,,,,,
25.8732,target,0.00234,-0.05475,0.022899,4566.4549,,,,,
25.8832,cmd,,,,,0.00000,-0.04380,,,
25.8863,status,,,,,,,TRACKING,,
25.9080,target,0.01198,-0.05332,0.022886,4566.4565,,,,,
25.9351,cmd,,,,,0.00000,-0.04265,,,
25.9352,status,,,,,,,TRACKING,,
25.9424,target,0.02225,-0.05270,0.023071,4566.4575,,,,,
25.9715,target,0.03513,-0.04956,0.023314,4566.4532,,,,,
25.9841,cmd,,,,,0.00000,0.00000,,,
25.9842,status,,,,,,,CENTERED,,
26.0101,target,0.05011,-0.04794,0.023388,4566.4585,,,,,
26.0326,cmd,,,,,-0.22549,0.00000,,,
26.0327,status,,,,,,,TRACKING,,
26.0437,target,0.06430,-0.04497,0.023767,4566.4587,,,,,
26.0727,target,0.07644,-0.04133,0.024036,4566.4543,,,,,
26.0833,cmd,,,,,-0.34399,0.00000,,,
26.0840,status,,,,,,,TRACKING,,
26.1087,target,0.08755,-0.03463,0.024069,4566.4570,,,,,
26.1330,cmd,,,,,-0.39398,0.00000,,,
26.1331,status,,,,,,,TRACKING,,
26.1504,target,0.09814,-0.02746,0.024338,4566.4653,,,,,
26.1732,target,0.10642,-0.01864,0.024529,4566.4547,,,,,
26.1825,cmd,,,,,-0.47891,0.00000,,,
26.1837,status,,,,,,,TRACKING,,
26.2076,target,0.11624,-0.00964,0.024735,4566.4558,,,,,
26.2098,joint,,,,,,,,-0.57524,0.21169
26.2350,cmd,,,,,-0.52307,0.00000,,,
26.2351,status,,,,,,,TRACKING,,
26.2415,target,0.12660,-0.00094,0.024818,4566.4563,,,,,
26.2741,target,0.13909,0.00750,0.024848,4566.4556,,,,,
26.2829,cmd,,,,,-0.60000,0.00000,,,
26.2832,status,,,,,,,TRACKING,,
26.3083,target,0.15165,0.01464,0.025056,4566.4564,,,,,
26.3325,cmd,,,,,-0.60000,0.00000,,,
26.3340,status,,,,,,,TRACKING,,
26.3424,target,0.16194,0.02002,0.025182,4566.4571,,,,,
26.3730,target,0.16988,0.02340,0.025369,4566.4545,,,,,
26.3833,cmd,,,,,-0.60000,0.00000,,,
26.3840,status,,,,,,,TRACKING,,
26.4092,target,0.17437,0.02479,0.025349,4566.4573,,,,,
26.4330,cmd,,,,,-0.60000,0.00000,,,
26.4348,status,,,,,,,TRACKING,,
26.4417,target,0.17708,0.02404,0.025454,4566.4564,,,,,
26.4737,target,0.17643,0.02065,0.025397,4566.4550,,,,,
26.4826,cmd,,,,,-0.60000,0.00000,,,
26.4830,status,,,,,,,TRACKING,,
26.5083,target,0.17498,0.01712,0.025306,4566.4563,,,,,
26.5324,cmd,,,,,-0.60000,0.00000,,,
26.5325,status,,,,,,,TRACKING,,
26.5423,target,0.17116,0.01375,0.025128,4566.4569,,,,,
26.5730,target,0.16470,0.01383,0.024989,4566.4542,,,,,
26.5833,cmd,,,,,-0.60000,0.00000,,,
26.5834,status,,,,,,,TRACKING,,
26.6101,target,0.15664,0.01209,0.024967,4566.4580,,,,,
26.6340,cmd,,,,,-0.60000,0.00000,,,
26.6341,status,,,,,,,TRACKING,,
26.6425,target,0.14416,0.01323,0.024931,4566.4570,,,,,
26.6715,target,0.12887,0.01287,0.024753,4566.4527,,,,,
26.6834,cmd,,,,,-0.57991,0.00000,,,
26.6836,status,,,,,,,TRACKING,,
26.7096,target,0.11294,0.01313,0.024740,4566.4575,,,,,
26.7109,joint,,,,,,,,-0.73171,0.21169
26.7322,cmd,,,,,-0.50823,0.00000,,,
26.7323,status,,,,,,,TRACKING,,
26.7428,target,0.09603,0.01138,0.024727,4566.4573,,,,,
26.7730,target,0.07864,0.00713,0.024753,4566.4541,,,,,
26.7825,cmd,,,,,-0.35389,0.00000,,,
26.7826,status,,,,,,,TRACKING,,
26.8085,target,0.06153,0.00420,0.024813,4566.4562,,,,,
26.8322,cmd,,,,,-0.27690,0.00000,,,
26.8340,status,,,,,,,TRACKING,,
26.8428,target,0.04403,0.00146,0.024894,4566.4572,,,,,
26.8731,target,0.02617,-0.00134,0.025117,4566.4542,,,,,
26.8830,cmd,,,,,0.00000,0.00000,,,
26.8834,status,,,,,,,CENTERED,,
26.9114,target,0.00966,-0.00411,0.025217,4566.4591,,,,,
26.9326,cmd,,,,,0.00000,0.00000,,,
26.9330,status,,,,,,,CENTERED,,
26.9408,target,-0.00849,-0.00364,0.025124,4566.4551,,,,,
26.9730,target,-0.02678,-0.00412,0.025276,4566.4540,,,,,
26.9833,cmd,,,,,0.00000,0.00000,,,
26.9834,status,,,,,,,CENTERED,,
27.0110,target,-0.04351,-0.00437,0.025809,4566.4586,,,,,
27.0350,cmd,,,,,0.00000,0.00000,,,
27.0353,status,,,,,,,CENTERED,,
27.0409,target,-0.05697,-0.00056,0.026178,4566.4552,,,,,
27.0740,target,-0.06593,0.00655,0.026241,4566.4549,,,,,
27.0831,cmd,,,,,0.29670,0.00000,,,
27.0854,status,,,,,,,TRACKING,,
27.1109,target,-0.06903,0.01374,0.026313,4566.4584,,,,,
27.1337,cmd,,,,,0.31065,0.00000,,,
27.1338,status,,,,,,,TRACKING,,
27.1409,target,-0.06547,0.01871,0.026523,4566.4550,,,,,
27.1738,target,-0.05631,0.02290,0.026293,4566.4546,,,,,
27.1825,cmd,,,,,0.25339,0.00000,,,
27.1827,status,,,,,,,TRACKING,,
27.2066,target,-0.04301,0.02177,0.026209,4566.4541,,,,,
27.2300,joint,,,,,,,,-0.91885,0.21169
27.2330,cmd,,,,,0.00000,0.00000,,,
27.2340,status,,,,,,,CENTERED,,
27.2424,target,-0.02805,0.02065,0.025853,4566.4565,,,,,
27.2731,target,-0.00907,0.01714,0.025770,4566.4538,,,,,
27.2841,cmd,,,,,0.00000,0.00000,,,
27.2842,status,,,,,,,CENTERED,,
27.3081,target,0.01290,0.01443,0.025588,4566.4555,,,,,
27.3322,cmd,,,,,0.00000,0.00000,,,
27.3333,status,,,,,,,CENTERED,,
27.3430,target,0.03701,0.00954,0.025549,4566.4570,,,,,
27.3726,target,0.06101,0.00635,0.025671,4566.4533,,,,,
27.3827,cmd,,,,,-0.27456,0.00000,,,
27.3832,status,,,,,,,TRACKING,,
27.4109,target,0.08293,0.00382,0.026042,4566.4582,,,,,
27.4360,cmd,,,,,-0.37320,0.00000,,,
27.4361,status,,,,,,,TRACKING,,
27.4428,target,0.10044,0.00036,0.026402,4566.4567,,,,,
27.4751,target,0.11569,-0.00103,0.026565,4566.4557,,,,,
27.4828,cmd,,,,,-0.52062,0.00000,,,
27.4830,status,,,,,,,TRACKING,,
27.5090,target,0.12722,-0.00160,0.026884,4566.4563,,,,,
27.5331,cmd,,,,,-0.57248,0.00000,,,
27.5332,status,,,,,,,TRACKING,,
27.5424,target,0.13784,-0.00022,0.026918,4566.4562,,,,,
27.5727,target,0.14797,0.00206,0.026962,4566.4532,,,,,
27.5827,cmd,,,,,-0.60000,0.00000,,,
27.5871,status,,,,,,,TRACKING,,
27.6084,target,0.15781,0.00393,0.027012,4566.4555,,,,,
27.6321,cmd,,,,,-0.60000,0.00000,,,
27.6326,status,,,,,,,TRACKING,,
27.6429,target,0.16533,0.00436,0.026992,4566.4567,,,,,
27.6751,target,0.17006,0.00459,0.026599,4566.4555,,,,,
27.6831,cmd,,,,,-0.60000,0.00000,,,
27.6832,status,,,,,,,TRACKING,,
27.7116,target,0.17243,0.00104,0.026884,4566.4587,,,,,
27.7359,cmd,,,,,-0.60000,0.00000,,,
27.7361,status,,,,,,,TRACKING,,
27.7422,target,0.17264,-0.00323,0.026699,4566.4559,,,,,
27.7504,joint,,,,,,,,-0.95107,0.21169
27.7724,target,0.17060,-0.00678,0.026662,4566.4528,,,,,
27.7827,cmd,,,,,-0.60000,0.00000,,,
27.7830,status,,,,,,,TRACKING,,
27.8105,target,0.16653,-0.00974,0.026445,4566.4575,,,,,
27.8323,cmd,,,,,-0.60000,0.00000,,,
27.8337,status,,,,,,,TRACKING,,
27.8422,target,0.16075,-0.01027,0.026176,4566.4559,,,,,
27.8731,target,0.15147,-0.01255,0.025870,4566.4534,,,,,
27.8823,cmd,,,,,-0.60000,0.00000,,,
27.8832,status,,,,,,,TRACKING,,
27.9095,target,0.13865,-0.01066,0.025668,4566.4564,,,,,
27.9321,cmd,,,,,-0.60000,0.00000,,,
27.9323,status,,,,,,,TRACKING,,
27.9428,target,0.12225,-0.00970,0.025560,4566.4564,,,,,
27.9737,target,0.10411,-0.00992,0.025332,4566.4539,,,,,
27.9825,cmd,,,,,-0.46849,0.00000,,,
27.9828,status,,,,,,,TRACKING,,
28.0116,target,0.08400,-0.00838,0.025388,4566.4585,,,,,
28.0364,cmd,,,,,-0.37802,0.00000,,,
28.0365,status,,,,,,,TRACKING,,
28.0423,target,0.06258,-0.00491,0.025404,4566.4558,,,,,
28.0747,target,0.04128,-0.00044,0.025438,4566.4549,,,,,
28.0824,cmd,,,,,0.00000,0.00000,,,
28.0832,status,,,,,,,CENTERED,,
28.1117,target,0.02021,0.00642,0.025666,4566.4585,,,,,
28.1326,cmd,,,,,0.00000,0.00000,,,
28.1339,status,,,,,,,CENTERED,,
28.1429,target,-0.00027,0.01462,0.026044,4566.4563,,,,,
28.1743,target,-0.01913,0.02022,0.026191,4566.4544,,,,,
28.1825,cmd,,,,,0.00000,0.00000,,,
28.1829,status,,,,,,,CENTERED,,
28.2115,target,-0.03584,0.02752,0.026452,4566.4583,,,,,
28.2322,cmd,,,,,0.00000,0.00000,,,
28.2336,status,,,,,,,CENTERED,,
28.2429,target,-0.04828,0.03485,0.026914,4566.4563,,,,,
28.2507,joint,,,,,,,,-1.20111,0.21016
28.2763,target,-0.05429,0.04120,0.026949,4566.4563,,,,,
28.2821,cmd,,,,,0.24431,0.00000,,,
28.2822,status,,,,,,,TRACKING,,
28.3113,target,-0.05403,0.04763,0.026866,4566.4579,,,,,
28.3351,cmd,,,,,0.24313,0.00000,,,
28.3352,status,,,,,,,TRACKING,,
28.3424,target,-0.04785,0.05606,0.026345,4566.4557,,,,,
28.3748,target,-0.03482,0.06149,0.025901,4566.4548,,,,,
28.3822,cmd,,,,,0.00000,0.04919,,,
28.3831,status,,,,,,,TRACKING,,
28.4087,target,-0.01695,0.06417,0.025419,4566.4553,,,,,
28.4351,cmd,,,,,0.00000,0.05133,,,
28.4355,status,,,,,,,TRACKING,,
28.4423,target,0.00409,0.06635,0.025332,4566.4555,,,,,
28.4737,target,0.02582,0.07119,0.025410,4566.4536,,,,,
28.4827,cmd,,,,,0.00000,0.05695,,,
28.4867,status,,,,,,,TRACKING,,
28.5108,target,0.04692,0.07588,0.025495,4566.4573,,,,,
28.5324,cmd,,,,,0.00000,0.06071,,,
28.5325,status,,,,,,,TRACKING,,
28.5428,target,0.06613,0.07761,0.025907,4566.4559,,,,,
28.5723,target,0.08078,0.07992,0.026298,4566.4521,,,,,
28.5831,cmd,,,,,-0.36350,0.06394,,,
28.5832,status,,,,,,,TRACKING,,
28.6105,target,0.09037,0.07640,0.026335,4566.4569,,,,,
28.6329,cmd,,,,,-0.40664,0.06112,,,
28.6330,status,,,,,,,TRACKING,,
28.6428,target,0.09760,0.06815,0.026322,4566.4559,,,,,
28.6740,target,0.10073,0.05490,0.026521,4566.4538,,,,,
28.6824,cmd,,,,,-0.45329,0.04392,,,
28.6830,status,,,,,,,TRACKING,,
28.7121,target,0.10161,0.04416,0.026675,4566.4585,,,,,
28.7326,cmd,,,,,-0.45725,0.00000,,,
28.7327,status,,,,,,,TRACKING,,
28.7432,target,0.10106,0.02993,0.026873,4566.4562,,,,,
28.7703,joint,,,,,,,,-1.20417,0.20248
28.7741,target,0.09928,0.01798,0.026836,4566.4538,,,,,
28.7821,cmd,,,,,-0.44675,0.00000,,,
28.7823,status,,,,,,,TRACKING,,
28.8122,target,0.09477,0.00359,0.027138,4566.4584,,,,,
28.8322,cmd,,,,,-0.42645,0.00000,,,
28.8334,status,,,,,,,TRACKING,,
28.8427,target,0.09036,-0.00859,0.027376,4566.4557,,,,,
28.8748,target,0.08473,-0.01394,0.027504,4566.4544,,,,,
28.8820,cmd,,,,,-0.38128,0.00000,,,
28.8821,status,,,,,,,TRACKING,,
28.9126,target,0.07668,-0.02314,0.027626,4566.4588,,,,,
28.9322,cmd,,,,,-0.34506,0.00000,,,
28.9326,status,,,,,,,TRACKING,,
28.9429,target,0.06726,-0.02382,0.027830,4566.4558,,,,,
28.9741,target,0.05699,-0.02721,0.028112,4566.4536,,,,,
28.9821,cmd,,,,,-0.25647,0.00000,,,
28.9822,status,,,,,,,TRACKING,,
29.0121,target,0.04478,-0.02872,0.028312,4566.4583,,,,,
29.0326,cmd,,,,,0.00000,0.00000,,,
29.0328,status,,,,,,,CENTERED,,
29.0428,target,0.03166,-0.03276,0.028496,4566.4556,,,,,
29.0753,target,0.01698,-0.03585,0.028757,4566.4547,,,,,
29.0821,cmd,,,,,0.00000,0.00000,,,
29.0822,status,,,,,,,CENTERED,,
29.1102,target,0.00198,-0.04045,0.029193,4566.4563,,,,,
29.1339,cmd,,,,,0.00000,0.00000,,,
29.1339,status,,,,,,,CENTERED,,
29.1428,target,-0.01300,-0.04219,0.029783,4566.4555,,,,,
29.1763,target,-0.02679,-0.04641,0.030282,4566.4556,,,,,
29.1820,cmd,,,,,0.00000,0.00000,,,
29.1821,status,,,,,,,CENTERED,,
29.2113,target,-0.03742,-0.04949,0.030983,4566.4573,,,,,
29.2341,cmd,,,,,0.00000,0.00000,,,
29.2342,status,,,,,,,CENTERED,,
29.2449,target,-0.04325,-0.05273,0.031576,4566.4575,,,,,
29.2752,target,-0.04416,-0.05692,0.031960,4566.4545,,,,,
29.2820,cmd,,,,,0.00000,-0.04554,,,
29.2823,status,,,,,,,TRACKING,,
29.2939,joint,,,,,,,,-1.33916,0.19788
29.3119,target,-0.04011,-0.06305,0.032357,4566.4578,,,,,
29.3327,cmd,,,,,0.00000,-0.05044,,,
29.3328,status,,,,,,,TRACKING,,
29.3430,target,-0.03045,-0.07092,0.032283,4566.4556,,,,,
29.3738,target,-0.01522,-0.08001,0.032467,4566.4530,,,,,
29.3822,cmd,,,,,0.00000,-0.06401,,,
29.3823,status,,,,,,,TRACKING,,
29.4110,target,0.00160,-0.08900,0.032865,4566.4568,,,,,
29.4321,cmd,,,,,0.00000,-0.07120,,,
29.4328,status,,,,,,,TRACKING,,
29.4430,target,0.01890,-0.09559,0.033535,4566.4555,,,,,
29.4733,target,0.03503,-0.10465,0.034147,4566.4524,,,,,
29.4827,cmd,,,,,0.00000,-0.08372,,,
29.4828,status,,,,,,,TRACKING,,
29.5097,target,0.04863,-0.11471,0.034698,4566.4555,,,,,
29.5323,cmd,,,,,0.00000,-0.09176,,,
29.5326,status,,,,,,,TRACKING,,
29.5428,target,0.06039,-0.12374,0.035443,4566.4552,,,,,
29.5741,target,0.07108,-0.13083,0.035890,4566.4531,,,,,
29.5824,cmd,,,,,-0.31984,-0.10466,,,
29.5825,status,,,,,,,TRACKING,,
29.6106,target,0.07948,-0.13841,0.036606,4566.4563,,,,,
29.6324,cmd,,,,,-0.35768,-0.11073,,,
29.6327,status,,,,,,,TRACKING,,
29.6424,target,0.08842,-0.13783,0.036921,4566.4547,,,,,
29.6757,target,0.09697,-0.13814,0.037348,4566.4546,,,,,
29.6820,cmd,,,,,-0.43635,-0.11052,,,
29.6821,status,,,,,,,TRACKING,,
29.7118,target,0.10276,-0.13318,0.037786,4566.4574,,,,,
29.7323,cmd,,,,,-0.46244,-0.10655,,,
29.7326,status,,,,,,,TRACKING,,
29.7430,target,0.10710,-0.12172,0.037921,4566.4552,,,,,
29.7756,target,0.10930,-0.11123,0.038099,4566.4545,,,,,
29.7819,cmd,,,,,-0.49183,-0.08898,,,
29.7820,status,,,,,,,TRACKING,,
29.8104,joint,,,,,,,,-1.32229,0.21169
29.8110,target,0.10959,-0.09873,0.038249,4566.4565,,,,,
29.8326,cmd,,,,,-0.49316,-0.07898,,,
29.8347,status,,,,,,,TRACKING,,
29.8426,target,0.10821,-0.08824,0.038336,4566.4548,,,,,
29.8731,target,0.10455,-0.07604,0.038357,4566.4519,,,,,
29.8830,cmd,,,,,-0.47050,-0.06083,,,
29.8845,status,,,,,,,TRACKING,,
29.9108,target,0.09879,-0.06378,0.038286,4566.4562,,,,,
29.9320,cmd,,,,,-0.44454,-0.05103,,,
29.9321,status,,,,,,,TRACKING,,
29.9431,target,0.09075,-0.05296,0.037975,4566.4552,,,,,
29.9752,target,0.07973,-0.04244,0.037936,4566.4539,,,,,
29.9824,cmd,,,,,-0.35880,0.00000,,,
29.9825,status,,,,,,,TRACKING,,
30.0107,target,0.06735,-0.03149,0.037804,4566.4561,,,,,
30.0323,cmd,,,,,-0.30306,0.00000,,,
30.0324,status,,,,,,,TRACKING,,
30.0452,target,0.05414,-0.02088,0.037628,4566.4572,,,,,
30.0738,target,0.03948,-0.01309,0.037476,4566.4525,,,,,
30.0820,cmd,,,,,0.00000,0.00000,,,
30.0830,status,,,,,,,CENTERED,,
30.1087,target,0.02412,-0.00622,0.037344,4566.4540,,,,,
30.1330,cmd,,,,,0.00000,0.00000,,,
30.1332,status,,,,,,,CENTERED,,
30.1450,target,0.00723,-0.00012,0.037268,4566.4569,,,,,
30.1748,target,-0.01062,0.00678,0.037270,4566.4534,,,,,
30.1821,cmd,,,,,0.00000,0.00000,,,
30.1822,status,,,,,,,CENTERED,,
30.2116,target,-0.02686,0.00753,0.037235,4566.4569,,,,,
30.2321,cmd,,,,,0.00000,0.00000,,,
30.2322,status,,,,,,,CENTERED,,
30.2431,target,-0.04097,0.01316,0.037487,4566.4550,,,,,
30.2759,target,-0.05147,0.01875,0.037687,4566.4544,,,,,
30.2821,cmd,,,,,0.23163,0.00000,,,
30.2822,status,,,,,,,TRACKING,,
30.3095,target,-0.05710,0.02603,0.037893,4566.4547,,,,,
30.3099,joint,,,,,,,,-1.45882,0.23623
30.3322,cmd,,,,,0.25697,0.00000,,,
30.3324,status,,,,,,,TRACKING,,
30.3449,target,-0.05677,0.03133,0.037782,4566.4567,,,,,
30.3742,target,-0.05282,0.03923,0.037704,4566.4526,,,,,
30.3820,cmd,,,,,0.23769,0.00000,,,
30.3821,status,,,,,,,TRACKING,,
30.4090,target,-0.04371,0.04462,0.037467,4566.4541,,,,,
30.4321,cmd,,,,,0.00000,0.00000,,,
30.4339,status,,,,,,,CENTERED,,
30.4446,target,-0.02996,0.04780,0.037151,4566.4563,,,,,
30.4735,target,-0.01622,0.05072,0.036764,4566.4519,,,,,
30.4827,cmd,,,,,0.00000,0.04058,,,
30.4829,status,,,,,,,TRACKING,,
30.5111,target,-0.00327,0.04984,0.036764,4566.4561,,,,,
30.5323,cmd,,,,,0.00000,0.00000,,,
30.5330,status,,,,,,,CENTERED,,
30.5431,target,0.00919,0.05035,0.036450,4566.4548,,,,,
30.5759,target,0.02038,0.04756,0.036469,4566.4543,,,,,
30.5820,cmd,,,,,0.00000,0.00000,,,
30.5821,status,,,,,,,CENTERED,,
30.6117,target,0.02865,0.04647,0.036439,4566.4567,,,,,
30.6323,cmd,,,,,0.00000,0.00000,,,
30.6324,status,,,,,,,CENTERED,,
30.6450,target,0.03240,0.04429,0.036534,4566.4566,,,,,
30.6742,target,0.03369,0.04393,0.036482,4566.4524,,,,,
30.6821,cmd,,,,,0.00000,0.00000,,,
30.6822,status,,,,,,,CENTERED,,
30.7095,target,0.03467,0.04410,0.036602,4566.4544,,,,,
30.7322,cmd,,,,,0.00000,0.00000,,,
30.7324,status,,,,,,,CENTERED,,
30.7433,target,0.03514,0.04382,0.036309,4566.4548,,,,,
30.7763,target,0.03495,0.04573,0.036664,4566.4544,,,,,
30.7821,cmd,,,,,0.00000,0.00000,,,
30.7829,status,,,,,,,CENTERED,,
30.8117,target,0.03410,0.04978,0.036625,4566.4565,,,,,
30.8300,joint,,,,,,,,-1.40819,0.23623
30.8321,cmd,,,,,0.00000,0.00000,,,
30.8322,status,,,,,,,CENTERED,,
30.8451,target,0.03276,0.05382,0.036619,4566.4566,,,,,
30.8738,target,0.03041,0.05863,0.036545,4566.4519,,,,,
30.8823,cmd,,,,,0.00000,0.04690,,,
30.8824,status,,,,,,,TRACKING,,
30.9113,target,0.02754,0.06626,0.037059,4566.4561,,,,,
30.9322,cmd,,,,,0.00000,0.05301,,,
30.9343,status,,,,,,,TRACKING,,
30.9430,target,0.02505,0.07256,0.036892,4566.4544,,,,,
30.9754,target,0.02095,0.08284,0.037046,4566.4535,,,,,
30.9818,cmd,,,,,0.00000,0.06627,,,
30.9820,status,,,,,,,TRACKING,,
31.0110,target,0.01623,0.08870,0.037075,4566.4557,,,,,
31.0322,cmd,,,,,0.00000,0.07096,,,
31.0324,status,,,,,,,TRACKING,,
31.0431,target,0.01083,0.09383,0.037229,4566.4544,,,,,
31.0770,target,0.00488,0.09518,0.037205,4566.4550,,,,,
31.0821,cmd,,,,,0.00000,0.07614,,,
31.0822,status,,,,,,,TRACKING,,
31.1104,target,-0.00201,0.09265,0.037205,4566.4551,,,,,
31.1327,cmd,,,,,0.00000,0.07412,,,
31.1361,status,,,,,,,TRACKING,,
31.1430,target,-0.01071,0.09053,0.037378,4566.4542,,,,,
31.1743,target,-0.02107,0.08639,0.037424,4566.4522,,,,,
31.1825,cmd,,,,,0.00000,0.06911,,,
31.1826,status,,,,,,,TRACKING,,
31.2124,target,-0.03305,0.07557,0.037385,4566.4569,,,,,
31.2319,cmd,,,,,0.00000,0.06046,,,
31.2326,status,,,,,,,TRACKING,,
31.2430,target,-0.04682,0.06159,0.037446,4566.4542,,,,,
31.2771,target,-0.06202,0.05153,0.037830,4566.4549,,,,,
31.2820,cmd,,,,,0.27907,0.04122,,,
31.2821,status,,,,,,,TRACKING,,
31.3124,target,-0.07827,0.03865,0.037795,4566.4569,,,,,
31.3322,cmd,,,,,0.35220,0.00000,,,
31.3323,status,,,,,,,TRACKING,,
31.3443,target,-0.09537,0.02676,0.037869,4566.4554,,,,,
31.3499,joint,,,,,,,,-1.40819,0.22550
31.3747,target,-0.11291,0.01140,0.037711,4566.4525,,,,,
31.3820,cmd,,,,,0.50811,0.00000,,,
31.3821,status,,,,,,,TRACKING,,
31.4122,target,-0.13147,0.00192,0.038097,4566.4566,,,,,
31.4322,cmd,,,,,0.59162,0.00000,,,
31.4324,status,,,,,,,TRACKING,,
31.4430,target,-0.14997,-0.01023,0.038090,4566.4540,,,,,
31.4751,target,-0.16613,-0.01262,0.038440,4566.4528,,,,,
31.4821,cmd,,,,,0.60000,0.00000,,,
31.4823,status,,,,,,,TRACKING,,
31.5119,target,-0.17782,-0.01848,0.038516,4566.4562,,,,,
31.5323,cmd,,,,,0.60000,0.00000,,,
31.5324,status,,,,,,,TRACKING,,
31.5430,target,-0.18910,-0.01520,0.038589,4566.4540,,,,,
31.5752,target,-0.19712,-0.01589,0.038574,4566.4528,,,,,
31.5821,cmd,,,,,0.60000,0.00000,,,
31.5822,status,,,,,,,TRACKING,,
31.6115,target,-0.20295,-0.00842,0.038342,4566.4557,,,,,
31.6323,cmd,,,,,0.60000,0.00000,,,
31.6324,status,,,,,,,TRACKING,,
31.6447,target,-0.20684,-0.00403,0.038155,4566.4556,,,,,
31.6755,target,-0.20870,0.00479,0.037786,4566.4530,,,,,
31.6821,cmd,,,,,0.60000,0.00000,,,
31.6823,status,,,,,,,TRACKING,,
31.7108,target,-0.20943,0.00833,0.037326,4566.4550,,,,,
31.7322,cmd,,,,,0.60000,0.00000,,,
31.7323,status,,,,,,,TRACKING,,
31.7445,target,-0.20900,0.00743,0.036816,4566.4554,,,,,
31.7755,target,-0.20916,0.00258,0.036463,4566.4530,,,,,
31.7820,cmd,,,,,0.60000,0.00000,,,
31.7821,status,,,,,,,TRACKING,,
31.8120,target,-0.20545,-0.00568,0.035922,4566.4561,,,,,
31.8322,cmd,,,,,0.60000,0.00000,,,
31.8324,status,,,,,,,TRACKING,,
31.8431,target,-0.19875,-0.01508,0.035534,4566.4539,,,,,
31.8499,joint,,,,,,,,-1.27934,0.22243
31.8768,target,-0.18895,-0.02515,0.034844,4566.4543,,,,,
31.8817,cmd,,,,,0.60000,0.00000,,,
31.8818,status,,,,,,,TRACKING,,
31.9111,target,-0.17582,-0.03476,0.033958,4566.4551,,,,,
31.9321,cmd,,,,,0.60000,0.00000,,,
31.9323,status,,,,,,,TRACKING,,
31.9429,target,-0.16049,-0.04590,0.033416,4566.4536,,,,,
31.9777,target,-0.14607,-0.05903,0.032969,4566.4550,,,,,
31.9819,cmd,,,,,0.60000,-0.04722,,,
31.9819,status,,,,,,,TRACKING,,
32.0116,target,-0.13213,-0.07108,0.032721,4566.4555,,,,,
32.0321,cmd,,,,,0.59460,-0.05687,,,
32.0323,status,,,,,,,TRACKING,,
32.0461,target,-0.11928,-0.08046,0.032728,4566.4567,,,,,
32.0758,target,-0.10660,-0.08866,0.032745,4566.4530,,,,,
32.0822,cmd,,,,,0.47970,-0.07093,,,
32.0824,status,,,,,,,TRACKING,,
32.1127,target,-0.09547,-0.09564,0.033160,4566.4566,,,,,
32.1323,cmd,,,,,0.42962,-0.07651,,,
32.1341,status,,,,,,,TRACKING,,
32.1463,target,-0.08500,-0.10093,0.033101,4566.4568,,,,,
32.1764,target,-0.07403,-0.10580,0.033192,4566.4535,,,,,
32.1819,cmd,,,,,0.33313,-0.08464,,,
32.1819,status,,,,,,,TRACKING,,
32.2123,target,-0.06262,-0.10859,0.033329,4566.4561,,,,,
32.2323,cmd,,,,,0.28179,-0.08687,,,
32.2324,status,,,,,,,TRACKING,,
32.2447,target,-0.04848,-0.10924,0.032895,4566.4551,,,,,
32.2782,target,-0.03411,-0.11155,0.032841,4566.4553,,,,,
32.2823,cmd,,,,,0.00000,-0.08924,,,
32.2825,status,,,,,,,TRACKING,,
32.3128,target,-0.01927,-0.11353,0.032303,4566.4565,,,,,
32.3322,cmd,,,,,0.00000,-0.09083,,,
32.3326,status,,,,,,,TRACKING,,
32.3468,target,-0.00628,-0.11686,0.032493,4566.4572,,,,,
32.3711,joint,,,,,,,,-0.97408,0.23010
32.3784,target,0.00408,-0.11626,0.032133,4566.4554,,,,,
32.3820,cmd,,,,,0.00000,-0.09301,,,
32.3821,status,,,,,,,TRACKING,,
32.4137,target,0.01079,-0.11823,0.032153,4566.4574,,,,,
32.4322,cmd,,,,,0.00000,-0.09459,,,
32.4341,status,,,,,,,TRACKING,,
32.4464,target,0.01321,-0.11562,0.032014,4566.4567,,,,,
32.4757,target,0.01043,-0.11464,0.031769,4566.4527,,,,,
32.4821,cmd,,,,,0.00000,-0.09171,,,
32.4823,status,,,,,,,TRACKING,,
32.5140,target,0.00306,-0.11106,0.031352,4566.4575,,,,,
32.5323,cmd,,,,,0.00000,-0.08885,,,
32.5327,status,,,,,,,TRACKING,,
32.5462,target,-0.00936,-0.10844,0.030937,4566.4565,,,,,
32.5771,target,-0.02691,-0.09961,0.030825,4566.4540,,,,,
32.5821,cmd,,,,,0.00000,-0.07969,,,
32.5823,status,,,,,,,TRACKING,,
32.6122,target,-0.04792,-0.09201,0.030341,4566.4558,,,,,
32.6332,cmd,,,,,0.00000,-0.07361,,,
32.6333,status,,,,,,,TRACKING,,
32.6447,target,-0.07323,-0.08318,0.029909,4566.4549,,,,,
32.6773,target,-0.10141,-0.07656,0.029766,4566.4541,,,,,
32.6820,cmd,,,,,0.45635,-0.06125,,,
32.6821,status,,,,,,,TRACKING,,
32.7115,target,-0.13192,-0.07060,0.029605,4566.4550,,,,,
32.7323,cmd,,,,,0.59365,-0.05648,,,
32.7324,status,,,,,,,TRACKING,,
32.7459,target,-0.16519,-0.06510,0.029668,4566.4560,,,,,
32.7772,target,-0.19830,-0.06434,0.029970,4566.4540,,,,,
32.7820,cmd,,,,,0.60000,-0.05148,,,
32.7822,status,,,,,,,TRACKING,,
32.8122,target,-0.22877,-0.06518,0.030117,4566.4556,,,,,
32.8323,cmd,,,,,0.60000,-0.05215,,,
32.8325,status,,,,,,,TRACKING,,
32.8462,target,-0.25884,-0.06674,0.030436,4566.4563,,,,,
32.8783,target,-0.28651,-0.06496,0.031013,4566.4550,,,,,
32.8821,cmd,,,,,0.60000,-0.05197,,,
32.8822,status,,,,,,,TRACKING,,
32.8923,joint,,,,,,,,-0.98482,0.26691
32.9127,target,-0.30830,-0.06661,0.031539,4566.4560,,,,,
32.9322,cmd,,,,,0.60000,-0.05329,,,
32.9326,status,,,,,,,TRACKING,,
32.9461,target,-0.32552,-0.06144,0.032040,4566.4561,,,,,
32.9772,target,-0.33431,-0.05938,0.032645,4566.4538,,,,,
32.9821,cmd,,,,,0.60000,-0.04750,,,
32.9822,status,,,,,,,TRACKING,,
33.0132,target,-0.33548,-0.06023,0.033665,4566.4565,,,,,
33.0323,cmd,,,,,0.60000,-0.04818,,,
33.0324,status,,,,,,,TRACKING,,
33.0471,target,-0.33295,-0.05114,0.033364,4566.4570,,,,,
33.0769,target,-0.32365,-0.04641,0.033090,4566.4534,,,,,
33.0821,cmd,,,,,0.60000,0.00000,,,
33.0822,status,,,,,,,TRACKING,,
33.1130,target,-0.31145,-0.03777,0.032205,4566.4561,,,,,
33.1323,cmd,,,,,0.60000,0.00000,,,
33.1324,status,,,,,,,TRACKING,,
33.1468,target,-0.29829,-0.03135,0.031751,4566.4566,,,,,
33.1784,target,-0.28392,-0.01366,0.031246,4566.4549,,,,,
33.1821,cmd,,,,,0.60000,0.00000,,,
33.1822,status,,,,,,,TRACKING,,
33.2135,target,-0.26719,-0.00332,0.030688,4566.4566,,,,,
33.2321,cmd,,,,,0.60000,0.00000,,,
33.2323,status,,,,,,,TRACKING,,
33.2446,target,-0.24917,0.00599,0.030069,4566.4544,,,,,
33.2783,target,-0.22916,0.01559,0.029425,4566.4547,,,,,
33.2820,cmd,,,,,0.60000,0.00000,,,
33.2821,status,,,,,,,TRACKING,,
33.3131,target,-0.20927,0.02268,0.029104,4566.4561,,,,,
33.3323,cmd,,,,,0.60000,0.00000,,,
33.3324,status,,,,,,,TRACKING,,
33.3468,target,-0.19220,0.03034,0.028952,4566.4565,,,,,
33.3783,target,-0.17229,0.03667,0.028602,4566.4546,,,,,
33.3821,cmd,,,,,0.60000,0.00000,,,
33.3823,status,,,,,,,TRACKING,,
33.4103,joint,,,,,,,,-0.74705,0.28072
33.4129,target,-0.15319,0.04329,0.028383,4566.4559,,,,,
33.4323,cmd,,,,,0.60000,0.00000,,,
33.4325,status,,,,,,,TRACKING,,
33.4475,target,-0.13639,0.04786,0.028331,4566.4571,,,,,
33.4784,target,-0.12155,0.05436,0.027990,4566.4547,,,,,
33.4820,cmd,,,,,0.54697,0.04349,,,
33.4822,status,,,,,,,TRACKING,,
33.5128,target,-0.10761,0.05870,0.027630,4566.4556,,,,,
33.5323,cmd,,,,,0.48426,0.04696,,,
33.5325,status,,,,,,,TRACKING,,
33.5445,target,-0.09398,0.06501,0.027344,4566.4541,,,,,
33.5792,target,-0.08012,0.07067,0.026871,4566.4553,,,,,
33.5820,cmd,,,,,0.36052,0.05653,,,
33.5821,status,,,,,,,TRACKING,,
33.6133,target,-0.06632,0.07316,0.026430,4566.4561,,,,,
33.6323,cmd,,,,,0.29846,0.05853,,,
33.6325,status,,,,,,,TRACKING,,
33.6457,target,-0.05345,0.07647,0.026213,4566.4552,,,,,
33.6769,target,-0.04207,0.07702,0.025686,4566.4530,,,,,
33.6820,cmd,,,,,0.00000,0.06162,,,
33.6822,status,,,,,,,TRACKING,,
33.7136,target,-0.03144,0.06788,0.025122,4566.4564,,,,,
33.7323,cmd,,,,,0.00000,0.05430,,,
33.7324,status,,,,,,,TRACKING,,
33.7481,target,-0.02136,0.06177,0.025043,4566.4574,,,,,
33.7782,target,-0.01409,0.04833,0.024323,4566.4543,,,,,
33.7820,cmd,,,,,0.00000,0.00000,,,
33.7822,status,,,,,,,CENTERED,,
33.8123,target,-0.01014,0.03542,0.024028,4566.4549,,,,,
33.8323,cmd,,,,,0.00000,0.00000,,,
33.8325,status,,,,,,,CENTERED,,
33.8474,target,-0.01053,0.02169,0.023385,4566.4567,,,,,
33.8789,target,-0.01436,0.00911,0.022828,4566.4548,,,,,
33.8820,cmd,,,,,0.00000,0.00000,,,
33.8821,status,,,,,,,CENTERED,,
33.9137,target,-0.02085,-0.00669,0.022450,4566.4563,,,,,
33.9310,joint,,,,,,,,-0.49394,0.26998
33.9321,cmd,,,,,0.00000,0.00000,,,
33.9351,status,,,,,,,CENTERED,,
33.9482,target,-0.03235,-0.01301,0.021990,4566.4574,,,,,
33.9791,target,-0.04947,-0.01442,0.021228,4566.4550,,,,,
33.9818,cmd,,,,,0.00000,0.00000,,,
33.9819,status,,,,,,,CENTERED,,
34.0148,target,-0.07249,-0.01265,0.020573,4566.4573,,,,,
34.0323,cmd,,,,,0.32622,0.00000,,,
34.0350,status,,,,,,,TRACKING,,
34.0466,target,-0.09447,-0.00935,0.020571,4566.4558,,,,,
34.0790,target,-0.11033,-0.00772,0.020623,4566.4548,,,,,
34.0820,cmd,,,,,0.49650,0.00000,,,
34.0832,status,,,,,,,TRACKING,,
34.1143,target,-0.12213,-0.00552,0.020339,4566.4568,,,,,
34.1323,cmd,,,,,0.54957,0.00000,,,
34.1324,status,,,,,,,TRACKING,,
34.1459,target,-0.13243,-0.01021,0.020098,4566.4550,,,,,
34.1793,target,-0.14340,-0.01451,0.019382,4566.4550,,,,,
34.1823,cmd,,,,,0.60000,0.00000,,,
34.1834,status,,,,,,,TRACKING,,
34.2134,target,-0.15638,-0.02025,0.019071,4566.4558,,,,,
34.2323,cmd,,,,,0.60000,0.00000,,,
34.2325,status,,,,,,,TRACKING,,
34.2446,target,-0.16868,-0.02547,0.018309,4566.4537,,,,,
34.2791,target,-0.17718,-0.03177,0.017934,4566.4548,,,,,
34.2819,cmd,,,,,0.60000,0.00000,,,
34.2821,status,,,,,,,TRACKING,,
34.3145,target,-0.18317,-0.03856,0.017439,4566.4568,,,,,
34.3323,cmd,,,,,0.60000,0.00000,,,
34.3324,status,,,,,,,TRACKING,,
34.3464,target,-0.18512,-0.04165,0.016645,4566.4554,,,,,
34.3783,target,-0.18495,-0.04701,0.015996,4566.4539,,,,,
34.3820,cmd,,,,,0.60000,0.00000,,,
34.3821,status,,,,,,,TRACKING,,
34.4165,target,-0.18196,-0.04799,0.015334,4566.4587,,,,,
34.4305,joint,,,,,,,,-0.45866,0.26998
34.4323,cmd,,,,,0.60000,0.00000,,,
34.4330,status,,,,,,,TRACKING,,
34.4454,target,-0.17605,-0.05476,0.014842,4566.4542,,,,,
34.4791,target,-0.16657,-0.05950,0.014197,4566.4546,,,,,
34.4819,cmd,,,,,0.60000,-0.04760,,,
34.4821,status,,,,,,,TRACKING,,
34.5143,target,-0.15452,-0.11405,0.012046,4566.4565,,,,,
34.5324,cmd,,,,,0.60000,-0.09124,,,
34.5326,status,,,,,,,TRACKING,,
34.5476,target,-0.14226,-0.10837,0.011415,4566.4564,,,,,
34.5806,target,-0.12927,-0.10923,0.011185,4566.4561,,,,,
34.5830,cmd,,,,,0.58170,-0.08738,,,
34.5850,status,,,,,,,TRACKING,,
34.6155,target,-0.11138,-0.11625,0.010291,4566.4575,,,,,
34.6322,cmd,,,,,0.50122,-0.09300,,,
34.6324,status,,,,,,,TRACKING,,
34.6480,target,-0.09445,-0.11735,0.009750,4566.4567,,,,,
34.6805,target,-0.07809,-0.11551,0.009475,4566.4559,,,,,
34.6824,cmd,,,,,0.35141,-0.09241,,,
34.6826,status,,,,,,,TRACKING,,
34.7159,target,-0.05977,-0.11798,0.008596,4566.4579,,,,,
34.7322,cmd,,,,,0.26899,-0.09438,,,
34.7324,status,,,,,,,TRACKING,,
34.7479,target,-0.04185,-0.11312,0.008014,4566.4565,,,,,
34.7803,target,-0.02775,-0.11189,0.008179,4566.4556,,,,,
34.7823,cmd,,,,,0.00000,-0.08951,,,
34.7825,status,,,,,,,TRACKING,,
34.8159,target,-0.01399,-0.10141,0.007697,4566.4579,,,,,
34.8338,cmd,,,,,0.00000,-0.08113,,,
34.8339,status,,,,,,,TRACKING,,
34.8479,target,0.00165,-0.09284,0.007582,4566.4565,,,,,
34.8801,target,0.01420,-0.08407,0.007491,4566.4553,,,,,
34.8821,cmd,,,,,0.00000,-0.06726,,,
34.8823,status,,,,,,,TRACKING,,
34.9160,target,0.02370,-0.07067,0.007554,4566.4578,,,,,
34.9323,cmd,,,,,0.00000,-0.05654,,,
34.9324,status,,,,,,,TRACKING,,
34.9482,target,0.03099,-0.05520,0.007483,4566.4567,,,,,
34.9500,joint,,,,,,,,-0.18715,0.28225
34.9802,target,0.03430,-0.04118,0.007539,4566.4554,,,,,
34.9822,cmd,,,,,0.00000,0.00000,,,
34.9824,status,,,,,,,CENTERED,,
35.0151,target,0.03368,-0.02864,0.007428,4566.4569,,,,,
35.0325,cmd,,,,,0.00000,0.00000,,,
35.0326,status,,,,,,,CENTERED,,
35.0487,target,0.02795,-0.01549,0.007446,4566.4572,,,,,
35.0798,target,0.01608,-0.00618,0.007467,4566.4548,,,,,
35.0821,cmd,,,,,0.00000,0.00000,,,
35.0822,status,,,,,,,CENTERED,,
35.1134,target,0.00317,0.00442,0.007489,4566.4551,,,,,
35.1323,cmd,,,,,0.00000,0.00000,,,
35.1326,status,,,,,,,CENTERED,,
35.1460,target,-0.00981,0.00898,0.007457,4566.4544,,,,,
35.1793,target,-0.02168,0.01237,0.007593,4566.4543,,,,,
35.1820,cmd,,,,,0.00000,0.00000,,,
35.1822,status,,,,,,,CENTERED,,
35.2149,target,-0.03342,0.01195,0.007520,4566.4565,,,,,
35.2321,cmd,,,,,0.00000,0.00000,,,
35.2322,status,,,,,,,CENTERED,,
35.2480,target,-0.04464,0.01416,0.007513,4566.4563,,,,,
35.2794,target,-0.05426,0.01157,0.007535,4566.4543,,,,,
35.2819,cmd,,,,,0.24417,0.00000,,,
35.2821,status,,,,,,,TRACKING,,
35.3158,target,-0.06245,0.00747,0.007400,4566.4574,,,,,
35.3331,cmd,,,,,0.28101,0.00000,,,
35.3341,status,,,,,,,TRACKING,,
35.3485,target,-0.07102,0.00694,0.007335,4566.4567,,,,,
35.3793,target,-0.08153,0.00377,0.007244,4566.4542,,,,,
35.3820,cmd,,,,,0.36688,0.00000,,,
35.3821,status,,,,,,,TRACKING,,
35.4158,target,-0.09263,0.00412,0.007209,4566.4573,,,,,
35.4341,cmd,,,,,0.41685,0.00000,,,
35.4343,status,,,,,,,TRACKING,,
35.4493,target,-0.10278,0.00068,0.007240,4566.4575,,,,,
35.4502,joint,,,,,,,,-0.17027,0.29146
35.4792,target,-0.11565,0.00078,0.007112,4566.4540,,,,,
35.4820,cmd,,,,,0.52044,0.00000,,,
35.4821,status,,,,,,,TRACKING,,
35.5153,target,-0.12625,0.00231,0.007198,4566.4567,,,,,
35.5340,cmd,,,,,0.56811,0.00000,,,
35.5342,status,,,,,,,TRACKING,,
35.5480,target,-0.13409,0.00216,0.007188,4566.4561,,,,,
35.5801,target,-0.13995,0.00208,0.007246,4566.4548,,,,,
35.5822,cmd,,,,,0.60000,0.00000,,,
35.5823,status,,,,,,,TRACKING,,
35.6152,target,-0.14146,-0.00144,0.007244,4566.4566,,,,,
35.6322,cmd,,,,,0.60000,0.00000,,,
35.6324,status,,,,,,,TRACKING,,
35.6479,target,-0.13937,-0.00360,0.007161,4566.4559,,,,,
35.6792,target,-0.13471,-0.00609,0.007083,4566.4538,,,,,
35.6820,cmd,,,,,0.60000,0.00000,,,
35.6822,status,,,,,,,TRACKING,,
35.7150,target,-0.12678,-0.00900,0.007036,4566.4563,,,,,
35.7326,cmd,,,,,0.57052,0.00000,,,
35.7328,status,,,,,,,TRACKING,,
35.7475,target,-0.11479,-0.01117,0.006986,4566.4554,,,,,
35.7796,target,-0.10257,-0.01428,0.006751,4566.4541,,,,,
35.7821,cmd,,,,,0.46157,0.00000,,,
35.7823,status,,,,,,,TRACKING,,
35.8152,target,-0.08788,-0.01468,0.006712,4566.4564,,,,,
35.8324,cmd,,,,,0.39546,0.00000,,,
35.8325,status,,,,,,,TRACKING,,
35.8480,target,-0.07072,-0.01638,0.006515,4566.4558,,,,,
35.8795,target,-0.04913,-0.02919,0.006109,4566.4540,,,,,
35.8821,cmd,,,,,0.00000,0.00000,,,
35.8822,status,,,,,,,CENTERED,,
35.9141,target,-0.02853,-0.02909,0.006005,4566.4553,,,,,
35.9322,cmd,,,,,0.00000,0.00000,,,
35.9323,status,,,,,,,CENTERED,,
35.9469,target,-0.00584,-0.03033,0.005872,4566.4547,,,,,
35.9701,joint,,,,,,,,-0.02148,0.29146
35.9802,target,0.01779,-0.02987,0.005909,4566.4546,,,,,
35.9822,cmd,,,,,0.00000,0.00000,,,
35.9823,status,,,,,,,CENTERED,,
36.0157,target,0.03776,-0.02520,0.006081,4566.4567,,,,,
36.0331,cmd,,,,,0.00000,0.00000,,,
36.0335,status,,,,,,,CENTERED,,
36.0485,target,0.05320,-0.00671,0.006758,4566.4562,,,,,
36.0818,target,0.06464,-0.00162,0.006882,4566.4562,,,,,
36.0822,cmd,,,,,-0.23941,0.00000,,,
36.0823,status,,,,,,,TRACKING,,
36.1158,target,0.07130,0.00127,0.007094,4566.4568,,,,,
36.1322,cmd,,,,,-0.32086,0.00000,,,
36.1324,status,,,,,,,TRACKING,,
36.1467,target,0.07124,0.00401,0.007092,4566.4543,,,,,
36.1804,target,0.06747,0.00583,0.007005,4566.4547,,,,,
36.1824,cmd,,,,,-0.30363,0.00000,,,
36.1825,status,,,,,,,TRACKING,,
36.2173,target,0.05963,0.00755,0.006966,4566.4582,,,,,
36.2323,cmd,,,,,-0.26834,0.00000,,,
36.2342,status,,,,,,,TRACKING,,
36.2466,target,0.05040,0.00698,0.006921,4566.4541,,,,,
36.2814,target,0.03987,0.00799,0.006938,4566.4556,,,,,
36.2821,cmd,,,,,-0.22681,0.00000,,,
36.2823,status,,,,,,,TRACKING,,
36.3154,target,0.02843,0.00751,0.006914,4566.4563,,,,,
36.3323,cmd,,,,,0.00000,0.00000,,,
36.3349,status,,,,,,,CENTERED,,
36.3469,target,0.01578,0.00693,0.006886,4566.4544,,,,,
36.3803,target,0.00248,0.00559,0.006855,4566.4544,,,,,
36.3822,cmd,,,,,0.00000,0.00000,,,
36.3824,status,,,,,,,CENTERED,,
36.4155,target,-0.01015,0.00111,0.006842,4566.4563,,,,,
36.4341,cmd,,,,,0.00000,0.00000,,,
36.4342,status,,,,,,,CENTERED,,
36.4515,target,-0.02467,-0.00211,0.006801,4566.4589,,,,,
36.4703,joint,,,,,,,,-0.06136,0.29146
36.4812,target,-0.03942,-0.00551,0.006762,4566.4553,,,,,
36.4822,cmd,,,,,0.00000,0.00000,,,
36.4823,status,,,,,,,CENTERED,,
36.5170,target,-0.05370,-0.00580,0.006921,4566.4577,,,,,
36.5328,cmd,,,,,0.24164,0.00000,,,
36.5329,status,,,,,,,TRACKING,,
36.5504,target,-0.06505,-0.00723,0.007038,4566.4577,,,,,
36.5809,target,-0.07386,-0.00649,0.007155,4566.4549,,,,,
36.5830,cmd,,,,,0.33237,0.00000,,,
36.5832,status,,,,,,,TRACKING,,
36.6159,target,-0.07706,-0.00505,0.007279,4566.4565,,,,,
36.6323,cmd,,,,,0.34676,0.00000,,,
36.6341,status,,,,,,,TRACKING,,
36.6482,target,-0.07831,-0.00214,0.007298,4566.4555,,,,,
36.6806,target,-0.07872,0.00111,0.007365,4566.4545,,,,,
36.6825,cmd,,,,,0.35426,0.00000,,,
36.6827,status,,,,,,,TRACKING,,
36.7162,target,-0.07616,0.00494,0.007313,4566.4567,,,,,
36.7338,cmd,,,,,0.34271,0.00000,,,
36.7340,status,,,,,,,TRACKING,,
36.7495,target,-0.07290,0.00777,0.007365,4566.4567,,,,,
36.7812,target,-0.07042,0.01003,0.007344,4566.4550,,,,,
36.7822,cmd,,,,,0.32804,0.00000,,,
36.7830,status,,,,,,,TRACKING,,
36.8169,target,-0.06884,0.01260,0.007329,4566.4574,,,,,
36.8339,cmd,,,,,0.30977,0.00000,,,
36.8354,status,,,,,,,TRACKING,,
36.8521,target,-0.06864,0.01344,0.007285,4566.4592,,,,,
36.8810,target,-0.06893,0.01404,0.007220,4566.4548,,,,,
36.8822,cmd,,,,,0.30888,0.00000,,,
36.8823,status,,,,,,,TRACKING,,
36.9165,target,-0.06927,0.01416,0.007242,4566.4569,,,,,
36.9330,cmd,,,,,0.31170,0.00000,,,
36.9331,status,,,,,,,TRACKING,,
36.9504,target,-0.07007,0.01071,0.007081,4566.4575,,,,,
36.9701,joint,,,,,,,,-0.02608,0.29146
36.9821,target,-0.07259,0.00635,0.007012,4566.4558,,,,,
36.9823,cmd,,,,,0.31532,0.00000,,,
36.9826,status,,,,,,,TRACKING,,
37.0192,target,-0.07441,0.00153,0.006882,4566.4595,,,,,
37.0323,cmd,,,,,0.33486,0.00000,,,
37.0341,status,,,,,,,TRACKING,,
37.0489,target,-0.07682,-0.00237,0.006890,4566.4559,,,,,
37.0822,target,-0.07950,-0.00846,0.006766,4566.4558,,,,,
37.0824,cmd,,,,,0.34570,0.00000,,,
37.0825,status,,,,,,,TRACKING,,
37.1165,target,-0.08337,-0.01122,0.006656,4566.4568,,,,,
37.1342,cmd,,,,,0.37517,0.00000,,,
37.1343,status,,,,,,,TRACKING,,
37.1502,target,-0.08689,-0.01387,0.006630,4566.4571,,,,,
37.1826,target,-0.09031,-0.01797,0.006580,4566.4562,,,,,
37.1828,cmd,,,,,0.39098,0.00000,,,
37.1831,status,,,,,,,TRACKING,,
37.2172,target,-0.09026,-0.03408,0.006118,4566.4574,,,,,
37.2331,cmd,,,,,0.40615,0.00000,,,
37.2332,status,,,,,,,TRACKING,,
37.2506,target,-0.09300,-0.03255,0.006000,4566.4574,,,,,
37.2823,target,-0.09429,-0.03169,0.005838,4566.4557,,,,,
37.2824,cmd,,,,,0.41851,0.00000,,,
37.2828,status,,,,,,,TRACKING,,
37.3187,target,-0.09358,-0.02943,0.005742,4566.4588,,,,,
37.3326,cmd,,,,,0.42109,0.00000,,,
37.3328,status,,,,,,,TRACKING,,
37.3495,target,-0.09160,-0.02888,0.005614,4566.4563,,,,,
37.3823,target,-0.08902,-0.02902,0.005549,4566.4557,,,,,
37.3825,cmd,,,,,0.41218,0.00000,,,
37.3826,status,,,,,,,TRACKING,,
37.4167,target,-0.08614,-0.02775,0.005423,4566.4568,,,,,
37.4330,cmd,,,,,0.38764,0.00000,,,
37.4331,status,,,,,,,TRACKING,,
37.4505,target,-0.08226,-0.02819,0.005289,4566.4572,,,,,
37.4810,target,-0.07785,-0.02706,0.005176,4566.4543,,,,,
37.4820,cmd,,,,,0.37018,0.00000,,,
37.4822,status,,,,,,,TRACKING,,
37.4911,joint,,,,,,,,0.12272,0.29146
37.5169,target,-0.07268,-0.02595,0.005076,4566.4569,,,,,
37.5341,cmd,,,,,0.32707,0.00000,,,
37.5343,status,,,,,,,TRACKING,,
37.5492,target,-0.06649,-0.02484,0.004957,4566.4558,,,,,
37.5825,cmd,,,,,0.29919,0.00000,,,
37.5827,status,,,,,,,TRACKING,,
37.5841,target,-0.06045,-0.02249,0.004872,4566.4573,,,,,
37.6184,target,-0.05386,-0.01966,0.004766,4566.4583,,,,,
37.6329,cmd,,,,,0.24237,0.00000,,,
37.6331,status,,,,,,,TRACKING,,
37.6497,target,0.00000,0.00000,0.000000,4566.4562,,,,,
37.6822,target,0.00000,0.00000,0.000000,4566.4554,,,,,
37.6826,cmd,,,,,0.00000,0.00000,,,
37.6827,status,,,,,,,LOST,,
37.7155,target,0.00000,0.00000,0.000000,4566.4553,,,,,
37.7342,cmd,,,,,0.00000,0.00000,,,
37.7344,status,,,,,,,LOST,,
37.7524,target,0.00000,0.00000,0.000000,4566.4589,,,,,
37.7803,target,0.00000,0.00000,0.000000,4566.4534,,,,,
37.7823,cmd,,,,,0.00000,0.00000,,,
37.7824,status,,,,,,,LOST,,
37.8164,target,0.00000,0.00000,0.000000,4566.4562,,,,,
37.8333,cmd,,,,,0.00000,0.00000,,,
37.8335,status,,,,,,,LOST,,
37.8490,target,0.00000,0.00000,0.000000,4566.4554,,,,,
37.8801,target,0.00000,0.00000,0.000000,4566.4531,,,,,
37.8823,cmd,,,,,0.00000,0.00000,,,
37.8825,status,,,,,,,LOST,,
37.9154,target,0.00000,0.00000,0.000000,4566.4551,,,,,
37.9338,cmd,,,,,0.00000,0.00000,,,
37.9338,status,,,,,,,LOST,,
37.9496,target,0.00000,0.00000,0.000000,4566.4559,,,,,
37.9813,target,0.00000,0.00000,0.000000,4566.4543,,,,,
37.9820,cmd,,,,,0.00000,0.00000,,,
37.9821,status,,,,,,,LOST,,
37.9908,joint,,,,,,,,0.24237,0.29146
38.0161,target,0.00000,0.00000,0.000000,4566.4557,,,,,
38.0336,cmd,,,,,0.00000,0.00000,,,
38.0338,status,,,,,,,LOST,,
38.0483,target,0.00000,0.00000,0.000000,4566.4545,,,,,
38.0807,target,0.00000,0.00000,0.000000,4566.4536,,,,,
38.0828,cmd,,,,,0.00000,0.00000,,,
38.0830,status,,,,,,,LOST,,
38.1151,target,0.00000,0.00000,0.000000,4566.4547,,,,,
38.1334,cmd,,,,,0.00000,0.00000,,,
38.1338,status,,,,,,,LOST,,
38.1517,target,0.00000,0.00000,0.000000,4566.4579,,,,,
38.1792,target,0.00000,0.00000,0.000000,4566.4520,,,,,
38.1820,cmd,,,,,0.00000,0.00000,,,
38.1821,status,,,,,,,LOST,,
38.2139,target,0.00000,0.00000,0.000000,4566.4533,,,,,
38.2328,cmd,,,,,0.00000,0.00000,,,
38.2335,status,,,,,,,LOST,,
38.2480,target,0.00000,0.00000,0.000000,4566.4541,,,,,
38.2818,target,0.00000,0.00000,0.000000,4566.4546,,,,,
38.2822,cmd,,,,,0.00000,0.00000,,,
38.2823,status,,,,,,,LOST,,
38.3155,target,0.00000,0.00000,0.000000,4566.4549,,,,,
38.3339,cmd,,,,,0.00000,0.00000,,,
38.3360,status,,,,,,,LOST,,
38.3497,target,0.00000,0.00000,0.000000,4566.4558,,,,,
38.3832,target,0.00000,0.00000,0.000000,4566.4559,,,,,
38.3833,cmd,,,,,0.00000,0.00000,,,
38.3834,status,,,,,,,LOST,,
38.4168,target,0.00000,0.00000,0.000000,4566.4561,,,,,
38.4346,cmd,,,,,0.00000,0.00000,,,
38.4348,status,,,,,,,LOST,,
38.4510,target,0.00000,0.00000,0.000000,4566.4570,,,,,
38.4820,target,0.00000,0.00000,0.000000,4566.4546,,,,,
38.4823,cmd,,,,,0.00000,0.00000,,,
38.4824,status,,,,,,,LOST,,
38.4919,joint,,,,,,,,0.21629,0.29146
38.5170,target,0.00000,0.00000,0.000000,4566.4562,,,,,
38.5335,cmd,,,,,0.00000,0.00000,,,
38.5336,status,,,,,,,LOST,,
38.5497,target,0.00000,0.00000,0.000000,4566.4556,,,,,
38.5826,target,0.00000,0.00000,0.000000,4566.4552,,,,,
38.5836,cmd,,,,,0.00000,0.00000,,,
38.5837,status,,,,,,,LOST,,
38.6170,target,0.00000,0.00000,0.000000,4566.4561,,,,,
38.6334,cmd,,,,,0.00000,0.00000,,,
38.6338,status,,,,,,,LOST,,
38.6508,target,0.00000,0.00000,0.000000,4566.4566,,,,,
38.6822,target,0.00000,0.00000,0.000000,4566.4547,,,,,
38.6824,cmd,,,,,0.00000,0.00000,,,
38.6827,status,,,,,,,LOST,,
38.7174,target,0.00000,0.00000,0.000000,4566.4565,,,,,
38.7338,cmd,,,,,0.00000,0.00000,,,
38.7342,status,,,,,,,LOST,,
38.7513,target,0.00000,0.00000,0.000000,4566.4571,,,,,
38.7826,target,0.00000,0.00000,0.000000,4566.4550,,,,,
38.7828,cmd,,,,,0.00000,0.00000,,,
38.7829,status,,,,,,,LOST,,
38.8168,target,0.00000,0.00000,0.000000,4566.4558,,,,,
38.8338,cmd,,,,,0.00000,0.00000,,,
38.8342,status,,,,,,,LOST,,
38.8521,target,0.00000,0.00000,0.000000,4566.4578,,,,,
38.8817,target,0.00000,0.00000,0.000000,4566.4540,,,,,
38.8820,cmd,,,,,0.00000,0.00000,,,
38.8821,status,,,,,,,LOST,,
38.9178,target,0.00000,0.00000,0.000000,4566.4568,,,,,
38.9339,cmd,,,,,0.00000,0.00000,,,
38.9343,status,,,,,,,LOST,,
38.9519,target,0.00000,0.00000,0.000000,4566.4575,,,,,
38.9824,cmd,,,,,0.00000,0.00000,,,
38.9826,status,,,,,,,LOST,,
38.9833,target,0.00000,0.00000,0.000000,4566.4556,,,,,
39.0109,joint,,,,,,,,0.21629,0.29146
39.0154,target,0.00000,0.00000,0.000000,4566.4543,,,,,
39.0344,cmd,,,,,0.00000,0.00000,,,
39.0364,status,,,,,,,LOST,,
39.0515,target,0.00000,0.00000,0.000000,4566.4571,,,,,
39.0805,target,0.00000,0.00000,0.000000,4566.4526,,,,,
39.0826,cmd,,,,,0.00000,0.00000,,,
39.0827,status,,,,,,,LOST,,
39.1158,target,0.00000,0.00000,0.000000,4566.4546,,,,,
39.1363,cmd,,,,,0.00000,0.00000,,,
39.1365,status,,,,,,,LOST,,
39.1497,target,0.00000,0.00000,0.000000,4566.4552,,,,,
39.1827,cmd,,,,,0.00000,0.00000,,,
39.1831,status,,,,,,,LOST,,
39.1843,target,0.00000,0.00000,0.000000,4566.4564,,,,,
39.2157,target,0.00000,0.00000,0.000000,4566.4545,,,,,
39.2344,cmd,,,,,0.00000,0.00000,,,
39.2345,status,,,,,,,LOST,,
39.2516,target,0.00000,0.00000,0.000000,4566.4569,,,,,
39.2824,target,0.00000,0.00000,0.000000,4566.4545,,,,,
39.2825,cmd,,,,,0.00000,0.00000,,,
39.2825,status,,,,,,,LOST,,
39.3173,target,0.00000,0.00000,0.000000,4566.4559,,,,,
39.3356,cmd,,,,,0.00000,0.00000,,,
39.3358,status,,,,,,,LOST,,
39.3510,target,0.00000,0.00000,0.000000,4566.4564,,,,,
39.3820,target,0.00000,0.00000,0.000000,4566.4540,,,,,
39.3821,cmd,,,,,0.00000,0.00000,,,
39.3824,status,,,,,,,LOST,,
39.4168,target,0.00000,0.00000,0.000000,4566.4554,,,,,
39.4335,cmd,,,,,0.00000,0.00000,,,
39.4337,status,,,,,,,LOST,,
39.4494,target,0.00000,0.00000,0.000000,4566.4547,,,,,
39.4822,cmd,,,,,0.00000,0.00000,,,
39.4823,status,,,,,,,LOST,,
39.4843,target,0.00000,0.00000,0.000000,4566.4562,,,,,
39.5151,target,0.00000,0.00000,0.000000,4566.4536,,,,,
39.5342,joint,,,,,,,,0.21629,0.29146
39.5371,cmd,,,,,0.00000,0.00000,,,
39.5373,status,,,,,,,LOST,,
39.5510,target,0.00000,0.00000,0.000000,4566.4562,,,,,
39.5827,target,0.00000,0.00000,0.000000,4566.4545,,,,,
39.5828,cmd,,,,,0.00000,0.00000,,,
39.5829,status,,,,,,,LOST,,
39.6158,target,0.00000,0.00000,0.000000,4566.4543,,,,,
39.6348,cmd,,,,,0.00000,0.00000,,,
39.6350,status,,,,,,,LOST,,
39.6508,target,0.00000,0.00000,0.000000,4566.4560,,,,,
39.6841,target,0.00000,0.00000,0.000000,4566.4559,,,,,
39.6843,cmd,,,,,0.00000,0.00000,,,
39.6844,status,,,,,,,LOST,,
39.7151,target,0.00000,0.00000,0.000000,4566.4535,,,,,
39.7350,cmd,,,,,0.00000,0.00000,,,
39.7352,status,,,,,,,LOST,,
39.7511,target,0.00000,0.00000,0.000000,4566.4561,,,,,
39.7832,target,0.00000,0.00000,0.000000,4566.4548,,,,,
39.7833,cmd,,,,,0.00000,0.00000,,,
39.7834,status,,,,,,,LOST,,
39.8170,target,0.00000,0.00000,0.000000,4566.4553,,,,,
39.8346,cmd,,,,,0.00000,0.00000,,,
39.8362,status,,,,,,,LOST,,
39.8506,target,0.00000,0.00000,0.000000,4566.4555,,,,,
39.8813,target,0.00000,0.00000,0.000000,4566.4529,,,,,
39.8821,cmd,,,,,0.00000,0.00000,,,
39.8830,status,,,,,,,LOST,,
39.9178,target,0.00000,0.00000,0.000000,4566.4560,,,,,
39.9337,cmd,,,,,0.00000,0.00000,,,
39.9338,status,,,,,,,LOST,,
39.9501,target,0.00000,0.00000,0.000000,4566.4551,,,,,
39.9812,target,0.00000,0.00000,0.000000,4566.4527,,,,,
39.9819,cmd,,,,,0.00000,0.00000,,,
39.9820,status,,,,,,,LOST,,
40.0201,target,0.00000,0.00000,0.000000,4566.4583,,,,,
40.0314,joint,,,,,,,,0.21629,0.29146
40.0345,cmd,,,,,0.00000,0.00000,,,
40.0349,status,,,,,,,LOST,,
40.0509,target,0.00000,0.00000,0.000000,4566.4557,,,,,
40.0827,cmd,,,,,0.00000,0.00000,,,
40.0836,status,,,,,,,LOST,,
40.0840,target,0.00000,0.00000,0.000000,4566.4555,,,,,
40.1168,target,0.00000,0.00000,0.000000,4566.4549,,,,,
40.1345,cmd,,,,,0.00000,0.00000,,,
40.1360,status,,,,,,,LOST,,
40.1530,target,0.00000,0.00000,0.000000,4566.4578,,,,,
40.1831,target,0.00000,0.00000,0.000000,4566.4545,,,,,
40.1833,cmd,,,,,0.00000,0.00000,,,
40.1836,status,,,,,,,LOST,,
40.2175,target,0.00000,0.00000,0.000000,4566.4556,,,,,
40.2338,cmd,,,,,0.00000,0.00000,,,
40.2341,status,,,,,,,LOST,,
40.2490,target,0.00000,0.00000,0.000000,4566.4537,,,,,
40.2817,target,0.00000,0.00000,0.000000,4566.4530,,,,,
40.2832,cmd,,,,,0.00000,0.00000,,,
40.2835,status,,,,,,,LOST,,
40.3142,target,0.00000,0.00000,0.000000,4566.4522,,,,,
40.3340,cmd,,,,,0.00000,0.00000,,,
40.3350,status,,,,,,,LOST,,
40.3513,target,0.00000,0.00000,0.000000,4566.4559,,,,,
40.3819,target,0.00000,0.00000,0.000000,4566.4531,,,,,
40.3822,cmd,,,,,0.00000,0.00000,,,
40.3823,status,,,,,,,LOST,,
40.4150,target,0.00000,0.00000,0.000000,4566.4529,,,,,
40.4354,cmd,,,,,0.00000,0.00000,,,
40.4363,status,,,,,,,LOST,,
40.4516,target,0.00000,0.00000,0.000000,4566.4561,,,,,
40.4816,target,0.00000,0.00000,0.000000,4566.4527,,,,,
40.4821,cmd,,,,,0.00000,0.00000,,,
40.4822,status,,,,,,,LOST,,
40.5143,target,0.00000,0.00000,0.000000,4566.4521,,,,,
40.5351,cmd,,,,,0.00000,0.00000,,,
40.5353,status,,,,,,,LOST,,
40.5497,target,0.00000,0.00000,0.000000,4566.4542,,,,,
40.5504,joint,,,,,,,,0.21629,0.29146
40.5823,target,0.00000,0.00000,0.000000,4566.4534,,,,,
40.5825,cmd,,,,,0.00000,0.00000,,,
40.5829,status,,,,,,,LOST,,
40.6164,target,0.00000,0.00000,0.000000,4566.4541,,,,,
40.6353,cmd,,,,,0.00000,0.00000,,,
40.6359,status,,,,,,,LOST,,
40.6510,target,0.00000,0.00000,0.000000,4566.4553,,,,,
40.6827,target,0.00000,0.00000,0.000000,4566.4537,,,,,
40.6828,cmd,,,,,0.00000,0.00000,,,
40.6829,status,,,,,,,LOST,,
40.7139,target,0.00000,0.00000,0.000000,4566.4515,,,,,
40.7349,cmd,,,,,0.00000,0.00000,,,
40.7353,status,,,,,,,LOST,,
40.7496,target,0.00000,0.00000,0.000000,4566.4539,,,,,
40.7825,target,0.00000,0.00000,0.000000,4566.4535,,,,,
40.7827,cmd,,,,,0.00000,0.00000,,,
40.7828,status,,,,,,,LOST,,
40.8152,target,0.00000,0.00000,0.000000,4566.4528,,,,,
40.8361,cmd,,,,,0.00000,0.00000,,,
40.8362,status,,,,,,,LOST,,
40.8511,target,0.00000,0.00000,0.000000,4566.4553,,,,,
40.8822,target,0.00000,0.00000,0.000000,4566.4531,,,,,
40.8828,cmd,,,,,0.00000,0.00000,,,
40.8829,status,,,,,,,LOST,,
40.9154,target,0.00000,0.00000,0.000000,4566.4530,,,,,
40.9351,cmd,,,,,0.00000,0.00000,,,
40.9359,status,,,,,,,LOST,,
40.9502,target,0.00000,0.00000,0.000000,4566.4544,,,,,
40.9823,cmd,,,,,0.00000,0.00000,,,
40.9825,status,,,,,,,LOST,,
40.9843,target,0.00000,0.00000,0.000000,4566.4551,,,,,
41.0145,target,0.00000,0.00000,0.000000,4566.4520,,,,,
41.0344,cmd,,,,,0.00000,0.00000,,,
41.0368,status,,,,,,,LOST,,
41.0503,target,0.00000,0.00000,0.000000,4566.4544,,,,,
41.0701,joint,,,,,,,,0.21629,0.29146
41.0826,target,0.00000,0.00000,0.000000,4566.4533,,,,,
41.0828,cmd,,,,,0.00000,0.00000,,,
41.0831,status,,,,,,,LOST,,
41.1156,target,0.00000,0.00000,0.000000,4566.4530,,,,,
41.1363,cmd,,,,,0.00000,0.00000,,,
41.1368,status,,,,,,,LOST,,
41.1511,target,0.00000,0.00000,0.000000,4566.4551,,,,,
41.1823,target,0.00000,0.00000,0.000000,4566.4530,,,,,
41.1841,cmd,,,,,0.00000,0.00000,,,
41.1842,status,,,,,,,LOST,,
41.2167,target,0.00000,0.00000,0.000000,4566.4540,,,,,
41.2334,cmd,,,,,0.00000,0.00000,,,
41.2353,status,,,,,,,LOST,,
41.2517,target,0.00000,0.00000,0.000000,4566.4556,,,,,
41.2824,cmd,,,,,0.00000,0.00000,,,
41.2825,status,,,,,,,LOST,,
41.2841,target,0.00000,0.00000,0.000000,4566.4547,,,,,
41.3162,target,0.00000,0.00000,0.000000,4566.4535,,,,,
41.3332,cmd,,,,,0.00000,0.00000,,,
41.3333,status,,,,,,,LOST,,
41.3514,target,0.00000,0.00000,0.000000,4566.4553,,,,,
41.3823,cmd,,,,,0.00000,0.00000,,,
41.3824,status,,,,,,,LOST,,
41.3840,target,0.00000,0.00000,0.000000,4566.4545,,,,,
41.4152,target,0.00000,0.00000,0.000000,4566.4523,,,,,
41.4381,cmd,,,,,0.00000,0.00000,,,
41.4383,status,,,,,,,LOST,,
41.4533,target,0.00000,0.00000,0.000000,4566.4571,,,,,
41.4823,cmd,,,,,0.00000,0.00000,,,
41.4829,status,,,,,,,LOST,,
41.4839,target,0.00000,0.00000,0.000000,4566.4543,,,,,
41.5172,target,0.00000,0.00000,0.000000,4566.4543,,,,,
41.5342,cmd,,,,,0.00000,0.00000,,,
41.5344,status,,,,,,,LOST,,
41.5556,target,0.00000,0.00000,0.000000,4566.4593,,,,,
41.5821,target,0.00000,0.00000,0.000000,4566.4524,,,,,
41.5824,cmd,,,,,0.00000,0.00000,,,
41.5826,status,,,,,,,LOST,,
41.5905,joint,,,,,,,,0.21629,0.29146
41.6161,target,0.00000,0.00000,0.000000,4566.4531,,,,,
41.6341,cmd,,,,,0.00000,0.00000,,,
41.6342,status,,,,,,,LOST,,
41.6533,target,0.00000,0.00000,0.000000,4566.4569,,,,,
41.6824,cmd,,,,,0.00000,0.00000,,,
41.6842,status,,,,,,,LOST,,
41.6846,target,0.00000,0.00000,0.000000,4566.4549,,,,,
41.7163,target,0.00000,0.00000,0.000000,4566.4533,,,,,
41.7348,cmd,,,,,0.00000,0.00000,,,
41.7352,status,,,,,,,LOST,,
41.7508,target,0.00000,0.00000,0.000000,4566.4544,,,,,
41.7823,cmd,,,,,0.00000,0.00000,,,
41.7824,status,,,,,,,LOST,,
41.7839,target,0.00000,0.00000,0.000000,4566.4541,,,,,
41.8151,target,0.00000,0.00000,0.000000,4566.4520,,,,,
41.8358,cmd,,,,,0.00000,0.00000,,,
41.8368,status,,,,,,,LOST,,
41.8537,target,0.00000,0.00000,0.000000,4566.4572,,,,,
41.8829,cmd,,,,,0.00000,0.00000,,,
41.8833,target,0.00000,0.00000,0.000000,4566.4535,,,,,
41.8834,status,,,,,,,LOST,,
41.9157,target,0.00000,0.00000,0.000000,4566.4525,,,,,
41.9361,cmd,,,,,0.00000,0.00000,,,
41.9362,status,,,,,,,LOST,,
41.9515,target,0.00000,0.00000,0.000000,4566.4550,,,,,
41.9821,cmd,,,,,0.00000,0.00000,,,
41.9822,status,,,,,,,LOST,,
41.9843,target,0.00000,0.00000,0.000000,4566.4544,,,,,
42.0157,target,0.00000,0.00000,0.000000,4566.4525,,,,,
42.0364,cmd,,,,,0.00000,0.00000,,,
42.0389,status,,,,,,,LOST,,
42.0544,target,0.00000,0.00000,0.000000,4566.4577,,,,,
42.0822,target,0.00000,0.00000,0.000000,4566.4522,,,,,
42.0825,cmd,,,,,0.00000,0.00000,,,
42.0827,status,,,,,,,LOST,,
42.1117,joint,,,,,,,,0.21629,0.29146
42.1160,target,0.00000,0.00000,0.000000,4566.4526,,,,,
42.1370,cmd,,,,,0.00000,0.00000,,,
42.1372,status,,,,,,,LOST,,
42.1538,target,0.00000,0.00000,0.000000,4566.4571,,,,,
42.1837,cmd,,,,,0.00000,0.00000,,,
42.1838,status,,,,,,,LOST,,
42.1915,target,0.00000,0.00000,0.000000,4566.4614,,,,,
42.2178,target,0.00000,0.00000,0.000000,4566.4543,,,,,
42.2342,cmd,,,,,0.00000,0.00000,,,
42.2346,status,,,,,,,LOST,,
42.2511,target,0.00000,0.00000,0.000000,4566.4544,,,,,
42.2842,target,0.00000,0.00000,0.000000,4566.4540,,,,,
42.2843,cmd,,,,,0.00000,0.00000,,,
42.2844,status,,,,,,,LOST,,
42.3165,target,0.00000,0.00000,0.000000,4566.4530,,,,,
42.3358,cmd,,,,,0.00000,0.00000,,,
42.3359,status,,,,,,,LOST,,
42.3509,target,0.00000,0.00000,0.000000,4566.4540,,,,,
42.3815,target,0.00000,0.00000,0.000000,4566.4513,,,,,
42.3822,cmd,,,,,0.00000,0.00000,,,
42.3824,status,,,,,,,LOST,,
42.4164,target,0.00000,0.00000,0.000000,4566.4528,,,,,
42.4369,cmd,,,,,0.00000,0.00000,,,
42.4372,status,,,,,,,LOST,,
42.4517,target,0.00000,0.00000,0.000000,4566.4548,,,,,
42.4823,cmd,,,,,0.00000,0.00000,,,
42.4825,status,,,,,,,LOST,,
42.4840,target,0.00000,0.00000,0.000000,4566.4537,,,,,
42.5185,target,0.00000,0.00000,0.000000,4566.4549,,,,,
42.5337,cmd,,,,,0.00000,0.00000,,,
42.5340,status,,,,,,,LOST,,
42.5556,target,0.00000,0.00000,0.000000,4566.4586,,,,,
42.5826,target,0.00000,0.00000,0.000000,4566.4523,,,,,
42.5828,cmd,,,,,0.00000,0.00000,,,
42.5829,status,,,,,,,LOST,,
42.6125,joint,,,,,,,,0.21629,0.29146
42.6160,target,0.00000,0.00000,0.000000,4566.4523,,,,,
42.6364,cmd,,,,,0.00000,0.00000,,,
42.6368,status,,,,,,,LOST,,
42.6516,target,0.00000,0.00000,0.000000,4566.4546,,,,,
42.6823,cmd,,,,,0.00000,0.00000,,,
42.6825,status,,,,,,,LOST,,
42.6843,target,0.00000,0.00000,0.000000,4566.4538,,,,,
42.7161,target,0.00000,0.00000,0.000000,4566.4523,,,,,
42.7371,cmd,,,,,0.00000,0.00000,,,
42.7373,status,,,,,,,LOST,,
42.7535,target,0.00000,0.00000,0.000000,4566.4564,,,,,
42.7823,cmd,,,,,0.00000,0.00000,,,
42.7825,status,,,,,,,LOST,,
42.7844,target,0.00000,0.00000,0.000000,4566.4539,,,,,
42.8167,target,0.00000,0.00000,0.000000,4566.4528,,,,,
42.8345,cmd,,,,,0.00000,0.00000,,,
42.8362,status,,,,,,,LOST,,
42.8533,target,0.00000,0.00000,0.000000,4566.4561,,,,,
42.8824,cmd,,,,,0.00000,0.00000,,,
42.8826,status,,,,,,,LOST,,
42.8843,target,0.00000,0.00000,0.000000,4566.4537,,,,,
42.9177,target,0.00000,0.00000,0.000000,4566.4538,,,,,
42.9371,cmd,,,,,0.00000,0.00000,,,
42.9372,status,,,,,,,LOST,,
42.9538,target,0.00000,0.00000,0.000000,4566.4565,,,,,
42.9819,target,0.00000,0.00000,0.000000,4566.4513,,,,,
42.9823,cmd,,,,,0.00000,0.00000,,,
42.9841,status,,,,,,,LOST,,
43.0182,target,0.00000,0.00000,0.000000,4566.4542,,,,,
43.0338,cmd,,,,,0.00000,0.00000,,,
43.0358,status,,,,,,,LOST,,
43.0558,target,0.00000,0.00000,0.000000,4566.4584,,,,,
43.0825,target,0.00000,0.00000,0.000000,4566.4518,,,,,
43.0827,cmd,,,,,0.00000,0.00000,,,
43.0828,status,,,,,,,LOST,,
43.1109,joint,,,,,,,,0.21629,0.29146
43.1180,target,0.00000,0.00000,0.000000,4566.4539,,,,,
43.1338,cmd,,,,,0.00000,0.00000,,,
43.1342,status,,,,,,,LOST,,
43.1549,target,0.00000,0.00000,0.000000,4566.4575,,,,,
43.1829,cmd,,,,,0.00000,0.00000,,,
43.1830,status,,,,,,,LOST,,
43.1844,target,0.00000,0.00000,0.000000,4566.4536,,,,,
43.2178,target,0.00000,0.00000,0.000000,4566.4536,,,,,
43.2363,cmd,,,,,0.00000,0.00000,,,
43.2365,status,,,,,,,LOST,,
43.2518,target,0.00000,0.00000,0.000000,4566.4543,,,,,
43.2824,cmd,,,,,0.00000,0.00000,,,
43.2826,status,,,,,,,LOST,,
43.2850,target,0.00000,0.00000,0.000000,4566.4541,,,,,
43.3168,target,0.00000,0.00000,0.000000,4566.4526,,,,,
43.3334,cmd,,,,,0.00000,0.00000,,,
43.3340,status,,,,,,,LOST,,
43.3541,target,0.00000,0.00000,0.000000,4566.4565,,,,,
43.3822,cmd,,,,,0.00000,0.00000,,,
43.3824,status,,,,,,,LOST,,
43.3840,target,0.00000,0.00000,0.000000,4566.4531,,,,,
43.4169,target,0.00000,0.00000,0.000000,4566.4527,,,,,
43.4338,cmd,,,,,0.00000,0.00000,,,
43.4360,status,,,,,,,LOST,,
43.4539,target,0.00000,0.00000,0.000000,4566.4563,,,,,
43.4826,cmd,,,,,0.00000,0.00000,,,
43.4849,status,,,,,,,LOST,,
43.4854,target,0.00000,0.00000,0.000000,4566.4544,,,,,
43.5174,target,0.00000,0.00000,0.000000,4566.4531,,,,,
43.5350,cmd,,,,,0.00000,0.00000,,,
43.5370,status,,,,,,,LOST,,
43.5535,target,0.00000,0.00000,0.000000,4566.4558,,,,,
43.5823,cmd,,,,,0.00000,0.00000,,,
43.5829,status,,,,,,,LOST,,
43.5841,target,0.00000,0.00000,0.000000,4566.4530,,,,,
43.6106,joint,,,,,,,,0.21629,0.29146
43.6171,target,0.00000,0.00000,0.000000,4566.4527,,,,,
43.6373,cmd,,,,,0.00000,0.00000,,,
43.6374,status,,,,,,,LOST,,
43.6540,target,0.00000,0.00000,0.000000,4566.4562,,,,,
43.6823,cmd,,,,,0.00000,0.00000,,,
43.6825,status,,,,,,,LOST,,
43.6841,target,0.00000,0.00000,0.000000,4566.4529,,,,,
43.7172,target,0.00000,0.00000,0.000000,4566.4527,,,,,
43.7346,cmd,,,,,0.00000,0.00000,,,
43.7361,status,,,,,,,LOST,,
43.7539,target,0.00000,0.00000,0.000000,4566.4561,,,,,
43.7823,cmd,,,,,0.00000,0.00000,,,
43.7824,status,,,,,,,LOST,,
43.7839,target,0.00000,0.00000,0.000000,4566.4527,,,,,
43.8179,target,0.00000,0.00000,0.000000,4566.4533,,,,,
43.8336,cmd,,,,,0.00000,0.00000,,,
43.8340,status,,,,,,,LOST,,
43.8561,target,0.00000,0.00000,0.000000,4566.4582,,,,,
43.8824,cmd,,,,,0.00000,0.00000,,,
43.8850,target,0.00000,0.00000,0.000000,4566.4537,,,,,
43.8852,status,,,,,,,LOST,,
43.9193,target,0.00000,0.00000,0.000000,4566.4546,,,,,
43.9342,cmd,,,,,0.00000,0.00000,,,
43.9344,status,,,,,,,LOST,,
43.9560,target,0.00000,0.00000,0.000000,4566.4580,,,,,
43.9826,cmd,,,,,0.00000,0.00000,,,
43.9839,status,,,,,,,LOST,,
43.9843,target,0.00000,0.00000,0.000000,4566.4530,,,,,
44.0189,target,0.00000,0.00000,0.000000,4566.4542,,,,,
44.0341,cmd,,,,,0.00000,0.00000,,,
44.0351,status,,,,,,,LOST,,
44.0524,target,0.00000,0.00000,0.000000,4566.4543,,,,,
44.0831,cmd,,,,,0.00000,0.00000,,,
44.0832,status,,,,,,,LOST,,
44.0869,target,0.00000,0.00000,0.000000,4566.4554,,,,,
44.1108,joint,,,,,,,,0.21629,0.29146
44.1187,target,0.00000,0.00000,0.000000,4566.4539,,,,,
44.1371,cmd,,,,,0.00000,0.00000,,,
44.1373,status,,,,,,,LOST,,
44.1531,target,0.00000,0.00000,0.000000,4566.4549,,,,,
44.1831,cmd,,,,,0.00000,0.00000,,,
44.1833,status,,,,,,,LOST,,
44.1877,target,0.00000,0.00000,0.000000,4566.4562,,,,,
44.2190,target,0.00000,0.00000,0.000000,4566.4541,,,,,
44.2336,cmd,,,,,0.00000,0.00000,,,
44.2349,status,,,,,,,LOST,,
44.2536,target,0.00000,0.00000,0.000000,4566.4554,,,,,
44.2826,cmd,,,,,0.00000,0.00000,,,
44.2830,status,,,,,,,LOST,,
44.2872,target,0.00000,0.00000,0.000000,4566.4556,,,,,
44.3188,target,0.00000,0.00000,0.000000,4566.4538,,,,,
44.3333,cmd,,,,,0.00000,0.00000,,,
44.3337,status,,,,,,,LOST,,
44.3596,target,0.00000,0.00000,0.000000,4566.4613,,,,,
44.3838,cmd,,,,,0.00000,0.00000,,,
44.3840,status,,,,,,,LOST,,
44.3848,target,0.00000,0.00000,0.000000,4566.4532,,,,,
