t,src,stamp,ex,ey,area,age,pan_cmd,tilt_cmd,status,pan_pos,tilt_pos
1.9138,target,1791287053719907840,0.00000,0.00000,0.000000,565.8194,,,,,
1.9206,cmd,,,,,,0.00000,0.00000,,,
1.9491,target,1791287053753264896,0.00000,0.00000,0.000000,565.8214,,,,,
1.9643,cmd,,,,,,0.00000,0.00000,,,
1.9663,status,,,,,,,,LOST,,
1.9761,target,1791287053786621952,0.00000,0.00000,0.000000,565.8150,,,,,
2.0118,target,1791287053819979008,0.00000,0.00000,0.000000,565.8173,,,,,
2.0134,cmd,,,,,,0.00000,0.00000,,,
2.0137,status,,,,,,,,LOST,,
2.0445,target,1791287053853336064,0.00000,0.00000,0.000000,565.8167,,,,,
2.0642,cmd,,,,,,0.00000,0.00000,,,
2.0643,status,,,,,,,,LOST,,
2.0746,joint,,,,,,,,,0.31907,-0.06749
2.0778,target,1791287053886692864,0.00000,0.00000,0.000000,565.8166,,,,,
2.1124,target,1791287053920049920,0.00000,0.00000,0.000000,565.8178,,,,,
2.1136,cmd,,,,,,0.00000,0.00000,,,
2.1139,status,,,,,,,,LOST,,
2.1441,target,1791287053953406720,0.00000,0.00000,0.000000,565.8162,,,,,
2.1642,cmd,,,,,,0.00000,0.00000,,,
2.1684,status,,,,,,,,LOST,,
2.1785,target,1791287053986763776,0.00000,0.00000,0.000000,565.8173,,,,,
2.2134,cmd,,,,,,0.00000,0.00000,,,
2.2135,status,,,,,,,,LOST,,
2.2148,target,1791287054020120832,0.00000,0.00000,0.000000,565.8202,,,,,
2.2468,target,1791287054053477888,0.00000,0.00000,0.000000,565.8188,,,,,
2.2636,cmd,,,,,,0.00000,0.00000,,,
2.2639,status,,,,,,,,LOST,,
2.2790,target,1791287054086834688,0.00000,0.00000,0.000000,565.8177,,,,,
2.3131,cmd,,,,,,0.00000,0.00000,,,
2.3134,status,,,,,,,,LOST,,
2.3152,target,1791287054120191744,0.00000,0.00000,0.000000,565.8205,,,,,
2.3471,target,1791287054153548544,0.00000,0.00000,0.000000,565.8191,,,,,
2.3658,cmd,,,,,,0.00000,0.00000,,,
2.3670,status,,,,,,,,LOST,,
2.3768,target,1791287054186905856,0.00000,0.00000,0.000000,565.8154,,,,,
2.4112,target,1791287054220262912,0.00000,0.00000,0.000000,565.8164,,,,,
2.4124,cmd,,,,,,0.00000,0.00000,,,
2.4127,status,,,,,,,,LOST,,
2.4448,target,1791287054253620480,0.00000,0.00000,0.000000,565.8167,,,,,
2.4651,cmd,,,,,,0.00000,0.00000,,,
2.4653,status,,,,,,,,LOST,,
2.4755,target,1791287054286977536,0.00000,0.00000,0.000000,565.8141,,,,,
2.5128,cmd,,,,,,0.00000,0.00000,,,
2.5129,status,,,,,,,,LOST,,
2.5140,target,1791287054320334592,0.00000,0.00000,0.000000,565.8192,,,,,
2.5439,target,1791287054353691904,0.00000,0.00000,0.000000,565.8157,,,,,
2.5646,cmd,,,,,,0.00000,0.00000,,,
2.5662,status,,,,,,,,LOST,,
2.5739,joint,,,,,,,,,0.31753,-0.06749
2.5752,target,1791287054387049216,0.00000,0.00000,0.000000,565.8137,,,,,
2.6112,target,1791287054420406528,0.00000,0.00000,0.000000,565.8163,,,,,
2.6133,cmd,,,,,,0.00000,0.00000,,,
2.6136,status,,,,,,,,LOST,,
2.6440,target,1791287054453763584,0.00000,0.00000,0.000000,565.8157,,,,,
2.6646,cmd,,,,,,0.00000,0.00000,,,
2.6653,status,,,,,,,,LOST,,
2.6769,target,1791287054487120896,0.00000,0.00000,0.000000,565.8152,,,,,
2.7112,target,1791287054520477952,0.00000,0.00000,0.000000,565.8162,,,,,
2.7124,cmd,,,,,,0.00000,0.00000,,,
2.7125,status,,,,,,,,LOST,,
2.7456,target,1791287054553835264,0.00000,0.00000,0.000000,565.8173,,,,,
2.7670,cmd,,,,,,0.00000,0.00000,,,
2.7671,status,,,,,,,,LOST,,
2.7762,target,1791287054587192576,0.00000,0.00000,0.000000,565.8145,,,,,
2.8123,target,1791287054620549888,0.00000,0.00000,0.000000,565.8173,,,,,
2.8128,cmd,,,,,,0.00000,0.00000,,,
2.8131,status,,,,,,,,LOST,,
2.8438,target,1791287054653906944,0.00000,0.00000,0.000000,565.8154,,,,,
2.8642,cmd,,,,,,0.00000,0.00000,,,
2.8669,status,,,,,,,,LOST,,
2.8760,target,1791287054687264256,0.00000,0.00000,0.000000,565.8143,,,,,
2.9107,target,1791287054720621312,0.00000,0.00000,0.000000,565.8156,,,,,
2.9130,cmd,,,,,,0.00000,0.00000,,,
2.9133,status,,,,,,,,LOST,,
2.9440,target,1791287054753978624,0.00000,0.00000,0.000000,565.8155,,,,,
2.9648,cmd,,,,,,0.00000,0.00000,,,
2.9655,status,,,,,,,,LOST,,
2.9749,target,1791287054787335680,0.00000,0.00000,0.000000,565.8131,,,,,
3.0146,cmd,,,,,,0.00000,0.00000,,,
3.0148,status,,,,,,,,LOST,,
3.0160,target,1791287054820692992,0.00000,0.00000,0.000000,565.8208,,,,,
3.0431,target,1791287054854050048,0.00000,0.00000,0.000000,565.8146,,,,,
3.0665,cmd,,,,,,0.00000,0.00000,,,
3.0672,status,,,,,,,,LOST,,
3.0773,target,1791287054887407104,0.00000,0.00000,0.000000,565.8154,,,,,
3.0951,joint,,,,,,,,,0.31753,-0.06749
3.1123,target,1791287054920764672,0.00000,0.00000,0.000000,565.8170,,,,,
3.1128,cmd,,,,,,0.00000,0.00000,,,
3.1129,status,,,,,,,,LOST,,
3.1442,target,1791287054954121728,0.00000,0.00000,0.000000,565.8156,,,,,
3.1674,cmd,,,,,,0.00000,0.00000,,,
3.1676,status,,,,,,,,LOST,,
3.1758,target,1791287054987479040,0.00000,0.00000,0.000000,565.8139,,,,,
3.2113,target,1791287055020836096,0.00000,0.00000,0.000000,565.8159,,,,,
3.2125,cmd,,,,,,0.00000,0.00000,,,
3.2127,status,,,,,,,,LOST,,
3.2459,target,1791287055054193408,0.00000,0.00000,0.000000,565.8172,,,,,
3.2649,cmd,,,,,,0.00000,0.00000,,,
3.2665,status,,,,,,,,LOST,,
3.2763,target,1791287055087550464,0.00000,0.00000,0.000000,565.8142,,,,,
3.3144,target,1791287055120907776,0.00000,0.00000,0.000000,565.8190,,,,,
3.3145,cmd,,,,,,0.00000,0.00000,,,
3.3146,status,,,,,,,,LOST,,
3.3441,target,1791287055154264832,0.00000,0.00000,0.000000,565.8153,,,,,
3.3637,cmd,,,,,,0.00000,0.00000,,,
3.3664,status,,,,,,,,LOST,,
3.3766,target,1791287055187622400,0.00000,0.00000,0.000000,565.8145,,,,,
3.4106,target,1791287055220979456,0.00000,0.00000,0.000000,565.8151,,,,,
3.4134,cmd,,,,,,0.00000,0.00000,,,
3.4137,status,,,,,,,,LOST,,
3.4445,target,1791287055254337024,0.00000,0.00000,0.000000,565.8156,,,,,
3.4652,cmd,,,,,,0.00000,0.00000,,,
3.4653,status,,,,,,,,LOST,,
3.4759,target,1791287055287694336,0.00000,0.00000,0.000000,565.8137,,,,,
3.5111,target,1791287055321051648,0.00000,0.00000,0.000000,565.8156,,,,,
3.5133,cmd,,,,,,0.00000,0.00000,,,
3.5137,status,,,,,,,,LOST,,
3.5441,target,1791287055354409216,0.00000,0.00000,0.000000,565.8152,,,,,
3.5637,cmd,,,,,,0.00000,0.00000,,,
3.5663,status,,,,,,,,LOST,,
3.5765,target,1791287055387766528,0.00000,0.00000,0.000000,565.8142,,,,,
3.6112,target,1791287055421124096,0.00000,0.00000,0.000000,565.8155,,,,,
3.6135,cmd,,,,,,0.00000,0.00000,,,
3.6136,status,,,,,,,,LOST,,
3.6138,joint,,,,,,,,,0.31907,-0.06903
3.6443,target,1791287055454481152,0.00000,0.00000,0.000000,565.8153,,,,,
3.6638,cmd,,,,,,0.00000,0.00000,,,
3.6642,status,,,,,,,,LOST,,
3.6775,target,1791287055487838720,0.00000,0.00000,0.000000,565.8151,,,,,
3.7129,cmd,,,,,,0.00000,0.00000,,,
3.7131,status,,,,,,,,LOST,,
3.7150,target,1791287055521196032,0.00000,0.00000,0.000000,565.8194,,,,,
3.7456,target,1791287055554553344,0.00000,0.00000,0.000000,565.8166,,,,,
3.7637,cmd,,,,,,0.00000,0.00000,,,
3.7644,status,,,,,,,,LOST,,
3.7803,target,1791287055587910912,0.00000,0.00000,0.000000,565.8179,,,,,
3.8146,target,1791287055621267968,0.00000,0.00000,0.000000,565.8188,,,,,
3.8147,cmd,,,,,,0.00000,0.00000,,,
3.8148,status,,,,,,,,LOST,,
3.8472,target,1791287055654625536,0.00000,0.00000,0.000000,565.8180,,,,,
3.8639,cmd,,,,,,0.00000,0.00000,,,
3.8662,status,,,,,,,,LOST,,
3.8805,target,1791287055687982848,0.00000,0.00000,0.000000,565.8181,,,,,
3.9131,cmd,,,,,,0.00000,0.00000,,,
3.9135,target,1791287055721340416,0.00000,0.00000,0.000000,565.8177,,,,,
3.9140,status,,,,,,,,LOST,,
3.9469,target,1791287055754697728,0.00000,0.00000,0.000000,565.8177,,,,,
3.9640,cmd,,,,,,0.00000,0.00000,,,
3.9649,status,,,,,,,,LOST,,
3.9803,target,1791287055788055296,0.00000,0.00000,0.000000,565.8177,,,,,
4.0129,cmd,,,,,,0.00000,0.00000,,,
4.0140,status,,,,,,,,LOST,,
4.0145,target,1791287055821412352,0.00000,0.00000,0.000000,565.8185,,,,,
4.0464,target,1791287055854769664,0.00000,0.00000,0.000000,565.8171,,,,,
4.0637,cmd,,,,,,0.00000,0.00000,,,
4.0641,status,,,,,,,,LOST,,
4.0795,target,1791287055888127232,0.00000,0.00000,0.000000,565.8168,,,,,
4.1136,cmd,,,,,,0.00000,0.00000,,,
4.1138,status,,,,,,,,LOST,,
4.1159,target,1791287055921484544,0.00000,0.00000,0.000000,565.8199,,,,,
4.1365,joint,,,,,,,,,0.31907,-0.06749
4.1479,target,1791287055954841856,0.00000,0.00000,0.000000,565.8186,,,,,
4.1645,cmd,,,,,,0.00000,0.00000,,,
4.1662,status,,,,,,,,LOST,,
4.1783,target,1791287055988199168,0.00000,0.00000,0.000000,565.8156,,,,,
4.2125,target,1791287056021556736,0.00000,0.00000,0.000000,565.8164,,,,,
4.2144,cmd,,,,,,0.00000,0.00000,,,
4.2148,status,,,,,,,,LOST,,
4.2459,target,1791287056054914048,0.00000,0.00000,0.000000,565.8165,,,,,
4.2641,cmd,,,,,,0.00000,0.00000,,,
4.2651,status,,,,,,,,LOST,,
4.2795,target,1791287056088271360,0.00000,0.00000,0.000000,565.8168,,,,,
4.3129,target,1791287056121628672,0.00000,0.00000,0.000000,565.8168,,,,,
4.3131,cmd,,,,,,0.00000,0.00000,,,
4.3134,status,,,,,,,,LOST,,
4.3443,target,1791287056154985984,0.00000,0.00000,0.000000,565.8149,,,,,
4.3638,cmd,,,,,,0.00000,0.00000,,,
4.3651,status,,,,,,,,LOST,,
4.3784,target,1791287056188343808,0.00000,0.00000,0.000000,565.8155,,,,,
4.4132,target,1791287056221701120,0.00000,0.00000,0.000000,565.8170,,,,,
4.4133,cmd,,,,,,0.00000,0.00000,,,
4.4136,status,,,,,,,,LOST,,
4.4462,target,1791287056255058688,0.00000,0.00000,0.000000,565.8167,,,,,
4.4635,cmd,,,,,,0.00000,0.00000,,,
4.4638,status,,,,,,,,LOST,,
4.4773,target,1791287056288416256,0.00000,0.00000,0.000000,565.8144,,,,,
4.5133,target,1791287056321773568,0.00000,0.00000,0.000000,565.8170,,,,,
4.5134,cmd,,,,,,0.00000,0.00000,,,
4.5135,status,,,,,,,,LOST,,
4.5441,target,1791287056355131392,0.00000,0.00000,0.000000,565.8145,,,,,
4.5636,cmd,,,,,,0.00000,0.00000,,,
4.5650,status,,,,,,,,LOST,,
4.5761,target,1791287056388488704,0.00000,0.00000,0.000000,565.8131,,,,,
4.6099,target,1791287056421846528,0.00000,0.00000,0.000000,565.8135,,,,,
4.6122,cmd,,,,,,0.00000,0.00000,,,
4.6123,status,,,,,,,,LOST,,
4.6358,joint,,,,,,,,,0.31907,-0.06749
4.6442,target,1791287056455203840,0.00000,0.00000,0.000000,565.8145,,,,,
4.6635,cmd,,,,,,0.00000,0.00000,,,
4.6646,status,,,,,,,,LOST,,
4.6773,target,1791287056488561408,0.00000,0.00000,0.000000,565.8142,,,,,
4.7123,target,1791287056521918976,0.00000,0.00000,0.000000,565.8159,,,,,
4.7127,cmd,,,,,,0.00000,0.00000,,,
4.7130,status,,,,,,,,LOST,,
4.7442,target,1791287056555276288,0.00000,0.00000,0.000000,565.8144,,,,,
4.7643,cmd,,,,,,0.00000,0.00000,,,
4.7678,status,,,,,,,,LOST,,
4.7767,target,1791287056588634112,0.00000,0.00000,0.000000,565.8136,,,,,
4.8114,target,1791287056621991424,0.00000,0.00000,0.000000,565.8149,,,,,
4.8132,cmd,,,,,,0.00000,0.00000,,,
4.8137,status,,,,,,,,LOST,,
4.8443,target,1791287056655349248,0.00000,0.00000,0.000000,565.8145,,,,,
4.8637,cmd,,,,,,0.00000,0.00000,,,
4.8684,status,,,,,,,,LOST,,
4.8773,target,1791287056688706560,0.00000,0.00000,0.000000,565.8140,,,,,
4.9118,target,1791287056722064128,0.00000,0.00000,0.000000,565.8152,,,,,
4.9127,cmd,,,,,,0.00000,0.00000,,,
4.9129,status,,,,,,,,LOST,,
4.9472,target,1791287056755421696,0.00000,0.00000,0.000000,565.8173,,,,,
4.9636,cmd,,,,,,0.00000,0.00000,,,
4.9642,status,,,,,,,,LOST,,
4.9789,target,1791287056788779008,0.00000,0.00000,0.000000,565.8157,,,,,
5.0132,target,1791287056822136832,0.00000,0.00000,0.000000,565.8166,,,,,
5.0133,cmd,,,,,,0.00000,0.00000,,,
5.0134,status,,,,,,,,LOST,,
5.0472,target,1791287056855494144,0.00000,0.00000,0.000000,565.8172,,,,,
5.0637,cmd,,,,,,0.00000,0.00000,,,
5.0648,status,,,,,,,,LOST,,
5.0788,target,1791287056888851712,0.00000,0.00000,0.000000,565.8155,,,,,
5.1126,target,1791287056922209280,0.00000,0.00000,0.000000,565.8159,,,,,
5.1131,cmd,,,,,,0.00000,0.00000,,,
5.1132,status,,,,,,,,LOST,,
5.1366,joint,,,,,,,,,0.31753,-0.06903
5.1470,target,1791287056955566592,0.00000,0.00000,0.000000,565.8169,,,,,
5.1638,cmd,,,,,,0.00000,0.00000,,,
5.1654,status,,,,,,,,LOST,,
5.1804,target,1791287056988924416,0.00000,0.00000,0.000000,565.8170,,,,,
5.2129,target,1791287057022281728,0.00000,0.00000,0.000000,565.8161,,,,,
5.2130,cmd,,,,,,0.00000,0.00000,,,
5.2134,status,,,,,,,,LOST,,
5.2471,target,1791287057055639296,0.00000,0.00000,0.000000,565.8170,,,,,
5.2640,cmd,,,,,,0.00000,0.00000,,,
5.2656,status,,,,,,,,LOST,,
5.2807,target,1791287057088996864,0.00000,0.00000,0.000000,565.8172,,,,,
5.3131,cmd,,,,,,0.00000,0.00000,,,
5.3133,status,,,,,,,,LOST,,
5.3144,target,1791287057122354176,0.00000,0.00000,0.000000,565.8176,,,,,
5.3486,target,1791287057155712000,0.00000,0.00000,0.000000,565.8184,,,,,
5.3640,cmd,,,,,,0.00000,0.00000,,,
5.3644,status,,,,,,,,LOST,,
5.3810,target,1791287057189069568,0.00000,0.00000,0.000000,565.8174,,,,,
5.4144,target,1791287057222427136,0.00000,0.00000,0.000000,565.8175,,,,,
5.4146,cmd,,,,,,0.00000,0.00000,,,
5.4147,status,,,,,,,,LOST,,
5.4501,target,1791287057255784704,0.00000,0.00000,0.000000,565.8198,,,,,
5.4641,cmd,,,,,,0.00000,0.00000,,,
5.4652,status,,,,,,,,LOST,,
5.4810,target,1791287057289142272,0.00000,0.00000,0.000000,565.8174,,,,,
5.5145,target,1791287057322500096,0.00000,0.00000,0.000000,565.8175,,,,,
5.5146,cmd,,,,,,0.00000,0.00000,,,
5.5147,status,,,,,,,,LOST,,
5.5491,target,1791287057355857664,0.00000,0.00000,0.000000,565.8187,,,,,
5.5639,cmd,,,,,,0.00000,0.00000,,,
5.5642,status,,,,,,,,LOST,,
5.5788,target,1791287057389215232,0.00000,0.00000,0.000000,565.8151,,,,,
5.6113,target,1791287057422572800,0.00000,0.00000,0.000000,565.8143,,,,,
5.6135,cmd,,,,,,0.00000,0.00000,,,
5.6136,status,,,,,,,,LOST,,
5.6458,target,1791287057455930368,0.00000,0.00000,0.000000,565.8153,,,,,
5.6638,cmd,,,,,,0.00000,0.00000,,,
5.6642,status,,,,,,,,LOST,,
5.6742,joint,,,,,,,,,0.31753,-0.06749
5.6775,target,1791287057489288192,0.00000,0.00000,0.000000,565.8137,,,,,
5.7114,target,1791287057522645760,0.00000,0.00000,0.000000,565.8143,,,,,
5.7125,cmd,,,,,,0.00000,0.00000,,,
5.7128,status,,,,,,,,LOST,,
5.7455,target,1791287057556003328,0.00000,0.00000,0.000000,565.8150,,,,,
5.7638,cmd,,,,,,0.00000,0.00000,,,
5.7652,status,,,,,,,,LOST,,
5.7790,target,1791287057589360896,0.00000,0.00000,0.000000,565.8151,,,,,
5.8107,target,1791287057622718464,0.00000,0.00000,0.000000,565.8135,,,,,
5.8128,cmd,,,,,,0.00000,0.00000,,,
5.8131,status,,,,,,,,LOST,,
5.8454,target,1791287057656076288,0.00000,0.00000,0.000000,565.8148,,,,,
5.8636,cmd,,,,,,0.00000,0.00000,,,
5.8660,status,,,,,,,,LOST,,
5.8795,target,1791287057689433856,0.00000,0.00000,0.000000,565.8155,,,,,
5.9126,target,1791287057722791424,0.00000,0.00000,0.000000,565.8153,,,,,
5.9130,cmd,,,,,,0.00000,0.00000,,,
5.9131,status,,,,,,,,LOST,,
5.9471,target,1791287057756148992,0.00000,0.00000,0.000000,565.8165,,,,,
5.9641,cmd,,,,,,0.00000,0.00000,,,
5.9645,status,,,,,,,,LOST,,
5.9800,target,1791287057789506560,0.00000,0.00000,0.000000,565.8160,,,,,
6.0131,target,1791287057822864384,0.00000,0.00000,0.000000,565.8157,,,,,
6.0135,cmd,,,,,,0.00000,0.00000,,,
6.0136,status,,,,,,,,LOST,,
6.0480,target,1791287057856221952,0.00000,0.00000,0.000000,565.8173,,,,,
6.0635,cmd,,,,,,0.00000,0.00000,,,
6.0640,status,,,,,,,,LOST,,
6.0808,target,1791287057889579264,0.00000,0.00000,0.000000,565.8167,,,,,
6.1128,cmd,,,,,,0.00000,0.00000,,,
6.1129,status,,,,,,,,LOST,,
6.1145,target,1791287057922937088,0.00000,0.00000,0.000000,565.8171,,,,,
6.1479,target,1791287057956294656,0.00000,0.00000,0.000000,565.8171,,,,,
6.1639,cmd,,,,,,0.00000,0.00000,,,
6.1653,status,,,,,,,,LOST,,
6.1789,target,1791287057989652224,0.00000,0.00000,0.000000,565.8148,,,,,
6.1956,joint,,,,,,,,,0.31753,-0.06749
6.2131,target,1791287058023009792,0.00000,0.00000,0.000000,565.8156,,,,,
6.2134,cmd,,,,,,0.00000,0.00000,,,
6.2135,status,,,,,,,,LOST,,
6.2478,target,1791287058056367360,0.00000,0.00000,0.000000,565.8170,,,,,
6.2641,cmd,,,,,,0.00000,0.00000,,,
6.2663,status,,,,,,,,LOST,,
6.2802,target,1791287058089725184,0.00000,0.00000,0.000000,565.8160,,,,,
6.3119,target,1791287058123082752,0.00000,0.00000,0.000000,565.8143,,,,,
6.3129,cmd,,,,,,0.00000,0.00000,,,
6.3130,status,,,,,,,,LOST,,
6.3480,target,1791287058156440064,0.00000,0.00000,0.000000,565.8171,,,,,
6.3636,cmd,,,,,,0.00000,0.00000,,,
6.3640,status,,,,,,,,LOST,,
6.3800,target,1791287058189797888,0.00000,0.00000,0.000000,565.8157,,,,,
6.4111,target,1791287058223155456,0.00000,0.00000,0.000000,565.8134,,,,,
6.4132,cmd,,,,,,0.00000,0.00000,,,
6.4134,status,,,,,,,,LOST,,
6.4476,target,1791287058256513280,0.00000,0.00000,0.000000,565.8166,,,,,
6.4636,cmd,,,,,,0.00000,0.00000,,,
6.4639,status,,,,,,,,LOST,,
6.4782,target,1791287058289870848,0.00000,0.00000,0.000000,565.8139,,,,,
6.5114,target,1791287058323228160,0.00000,0.00000,0.000000,565.8136,,,,,
6.5124,cmd,,,,,,0.00000,0.00000,,,
6.5127,status,,,,,,,,LOST,,
6.5460,target,1791287058356585984,0.00000,0.00000,0.000000,565.8149,,,,,
6.5638,cmd,,,,,,0.00000,0.00000,,,
6.5642,status,,,,,,,,LOST,,
6.5788,target,1791287058389943552,0.00000,0.00000,0.000000,565.8144,,,,,
6.6104,target,1791287058423301376,0.00000,0.00000,0.000000,565.8126,,,,,
6.6124,cmd,,,,,,0.00000,0.00000,,,
6.6126,status,,,,,,,,LOST,,
6.6462,target,1791287058456658944,0.00000,0.00000,0.000000,565.8150,,,,,
6.6660,cmd,,,,,,0.00000,0.00000,,,
6.6661,status,,,,,,,,LOST,,
6.6770,target,1791287058490016256,0.00000,0.00000,0.000000,565.8125,,,,,
6.7119,target,1791287058523374080,0.00000,0.00000,0.000000,565.8140,,,,,
6.7124,cmd,,,,,,0.00000,0.00000,,,
6.7127,status,,,,,,,,LOST,,
6.7138,joint,,,,,,,,,0.31753,-0.06749
6.7459,target,1791287058556731648,0.00000,0.00000,0.000000,565.8147,,,,,
6.7639,cmd,,,,,,0.00000,0.00000,,,
6.7649,status,,,,,,,,LOST,,
6.7797,target,1791287058590089472,0.00000,0.00000,0.000000,565.8151,,,,,
6.8107,target,1791287058623447040,0.00000,0.00000,0.000000,565.8128,,,,,
6.8128,cmd,,,,,,0.00000,0.00000,,,
6.8129,status,,,,,,,,LOST,,
6.8458,target,1791287058656804608,0.00000,0.00000,0.000000,565.8145,,,,,
6.8643,cmd,,,,,,0.00000,0.00000,,,
6.8647,status,,,,,,,,LOST,,
6.8790,target,1791287058690162176,0.00000,0.00000,0.000000,565.8143,,,,,
6.9121,target,1791287058723519744,0.00000,0.00000,0.000000,565.8141,,,,,
6.9130,cmd,,,,,,0.00000,0.00000,,,
6.9133,status,,,,,,,,LOST,,
6.9494,target,1791287058756877568,0.00000,0.00000,0.000000,565.8181,,,,,
6.9643,cmd,,,,,,0.00000,0.00000,,,
6.9654,status,,,,,,,,LOST,,
6.9831,target,1791287058790235136,0.00000,0.00000,0.000000,565.8184,,,,,
7.0132,cmd,,,,,,0.00000,0.00000,,,
7.0137,status,,,,,,,,LOST,,
7.0171,target,1791287058823592704,0.00000,0.00000,0.000000,565.8190,,,,,
7.0541,target,1791287058856950528,0.18704,-0.90739,0.005595,565.8227,,,,,
7.0635,cmd,,,,,,0.00000,0.00000,,,
7.0640,status,,,,,,,,LOST,,
7.0873,target,1791287058890307840,0.19108,-0.93531,0.009442,565.8225,,,,,
7.1144,cmd,,,,,,0.00000,0.00000,,,
7.1146,status,,,,,,,,LOST,,
7.1198,target,1791287058923665408,0.19271,-0.93532,0.009436,565.8216,,,,,
7.1527,target,1791287058957023232,0.19296,-0.93396,0.009622,565.8212,,,,,
7.1634,cmd,,,,,,-0.28944,0.40000,,,
7.1637,status,,,,,,,,TRACKING,,
7.1875,target,1791287058990380800,0.19339,-0.93127,0.010004,565.8227,,,,,
7.2135,cmd,,,,,,-0.29008,0.40000,,,
7.2144,status,,,,,,,,TRACKING,,
7.2191,target,1791287059023738624,0.19294,-0.92488,0.010911,565.8209,,,,,
7.2544,target,1791287059057096192,0.19248,-0.91388,0.012437,565.8228,,,,,
7.2635,cmd,,,,,,-0.28872,0.40000,,,
7.2642,status,,,,,,,,TRACKING,,
7.2738,joint,,,,,,,,,0.31907,-0.06903
7.2859,target,1791287059090453760,0.19058,-0.89836,0.014540,565.8209,,,,,
7.3139,cmd,,,,,,-0.28587,0.40000,,,
7.3155,status,,,,,,,,TRACKING,,
7.3204,target,1791287059123811328,0.18737,-0.87734,0.017483,565.8221,,,,,
7.3547,target,1791287059157168896,0.18388,-0.84172,0.018579,565.8230,,,,,
7.3635,cmd,,,,,,-0.27582,0.40000,,,
7.3656,status,,,,,,,,TRACKING,,
7.3861,target,1791287059190526976,0.18281,-0.81371,0.018418,565.8211,,,,,
7.4136,cmd,,,,,,-0.27422,0.40000,,,
7.4139,status,,,,,,,,TRACKING,,
7.4212,target,1791287059223884800,0.17951,-0.79173,0.018179,565.8228,,,,,
7.4555,target,1791287059257242624,0.17769,-0.77448,0.018162,565.8237,,,,,
7.4631,cmd,,,,,,-0.26654,0.40000,,,
7.4646,status,,,,,,,,TRACKING,,
7.4865,target,1791287059290600704,0.17325,-0.75534,0.017754,565.8214,,,,,
7.5142,cmd,,,,,,-0.25988,0.40000,,,
7.5146,status,,,,,,,,TRACKING,,
7.5214,target,1791287059323958528,0.16740,-0.72796,0.017598,565.8229,,,,,
7.5543,target,1791287059357316096,0.15907,-0.69607,0.017329,565.8225,,,,,
7.5629,cmd,,,,,,-0.23861,0.40000,,,
7.5633,status,,,,,,,,TRACKING,,
7.5866,target,1791287059390674176,0.15011,-0.65949,0.016977,565.8214,,,,,
7.6145,cmd,,,,,,-0.22516,0.40000,,,
7.6149,status,,,,,,,,TRACKING,,
7.6211,target,1791287059424032000,0.14012,-0.61770,0.016608,565.8226,,,,,
7.6536,target,1791287059457389824,0.13092,-0.56690,0.016170,565.8217,,,,,
7.6637,cmd,,,,,,-0.19638,0.40000,,,
7.6640,status,,,,,,,,TRACKING,,
7.6870,target,1791287059490747904,0.12123,-0.51798,0.015931,565.8217,,,,,
7.7149,cmd,,,,,,-0.18184,0.40000,,,
7.7150,status,,,,,,,,TRACKING,,
7.7196,target,1791287059524105728,0.11010,-0.46721,0.015423,565.8209,,,,,
7.7542,target,1791287059557463552,0.10248,-0.41972,0.015206,565.8223,,,,,
7.7544,joint,,,,,,,,,0.24237,0.05062
7.7652,cmd,,,,,,-0.15371,0.33578,,,
7.7654,status,,,,,,,,TRACKING,,
7.7859,target,1791287059590821632,0.09594,-0.37764,0.015026,565.8205,,,,,
7.8139,cmd,,,,,,-0.14391,0.30211,,,
7.8143,status,,,,,,,,TRACKING,,
7.8205,target,1791287059624179456,0.08929,-0.34085,0.014727,565.8218,,,,,
7.8544,target,1791287059657537280,0.08304,-0.31048,0.014551,565.8224,,,,,
7.8637,cmd,,,,,,-0.12455,0.24838,,,
7.8643,status,,,,,,,,TRACKING,,
7.8873,target,1791287059690895360,0.07519,-0.27477,0.014527,565.8219,,,,,
7.9145,cmd,,,,,,-0.11278,0.21981,,,
7.9146,status,,,,,,,,TRACKING,,
7.9191,target,1791287059724253184,0.06798,-0.24684,0.014436,565.8203,,,,,
7.9542,target,1791287059757611008,0.06211,-0.21723,0.014388,565.8221,,,,,
7.9643,cmd,,,,,,-0.09317,0.17379,,,
7.9646,status,,,,,,,,TRACKING,,
7.9898,target,1791287059790969088,0.05676,-0.18588,0.014199,565.8243,,,,,
8.0146,cmd,,,,,,-0.08515,0.14871,,,
8.0150,status,,,,,,,,TRACKING,,
8.0189,target,1791287059824326912,0.04984,-0.16012,0.014303,565.8201,,,,,
8.0550,target,1791287059857684736,0.04382,-0.13301,0.014301,565.8228,,,,,
8.0634,cmd,,,,,,0.00000,0.10641,,,
8.0643,status,,,,,,,,TRACKING,,
8.0875,target,1791287059891042816,0.03788,-0.10980,0.014223,565.8219,,,,,
8.1146,cmd,,,,,,0.00000,0.08784,,,
8.1147,status,,,,,,,,TRACKING,,
8.1227,target,1791287059924400640,0.03383,-0.08413,0.014171,565.8238,,,,,
8.1542,target,1791287059957758720,0.03086,-0.06409,0.014121,565.8219,,,,,
8.1633,cmd,,,,,,0.00000,0.05127,,,
8.1655,status,,,,,,,,TRACKING,,
8.1870,target,1791287059991116800,0.02823,-0.04066,0.014097,565.8214,,,,,
8.2135,cmd,,,,,,0.00000,0.00000,,,
8.2139,status,,,,,,,,CENTERED,,
8.2198,target,1791287060024474624,0.02727,-0.01889,0.013930,565.8208,,,,,
8.2563,target,1791287060057832448,0.02878,0.00210,0.014108,565.8240,,,,,
8.2631,cmd,,,,,,0.00000,0.00000,,,
8.2656,status,,,,,,,,CENTERED,,
8.2736,joint,,,,,,,,,0.16260,0.21782
8.2868,target,1791287060091190528,0.03418,0.01963,0.014041,565.8212,,,,,
8.3134,cmd,,,,,,0.00000,0.00000,,,
8.3136,status,,,,,,,,CENTERED,,
8.3198,target,1791287060124548352,0.03949,0.03164,0.014073,565.8208,,,,,
8.3534,target,1791287060157906176,0.04442,0.04260,0.013919,565.8210,,,,,
8.3641,cmd,,,,,,0.00000,0.00000,,,
8.3652,status,,,,,,,,CENTERED,,
8.3894,target,1791287060191265280,0.04958,0.04769,0.014147,565.8237,,,,,
8.4175,cmd,,,,,,0.00000,0.00000,,,
8.4176,status,,,,,,,,CENTERED,,
8.4197,target,1791287060224624384,0.05449,0.05060,0.014008,565.8205,,,,,
8.4547,target,1791287060257983744,0.05966,0.04984,0.013876,565.8222,,,,,
8.4631,cmd,,,,,,-0.08949,0.00000,,,
8.4641,status,,,,,,,,TRACKING,,
8.4869,target,1791287060291342848,0.06520,0.04317,0.013980,565.8211,,,,,
8.5146,cmd,,,,,,-0.09780,0.00000,,,
8.5147,status,,,,,,,,TRACKING,,
8.5220,target,1791287060324701952,0.07248,0.04014,0.013787,565.8228,,,,,
8.5561,target,1791287060358061056,0.08015,0.03350,0.013767,565.8235,,,,,
8.5630,cmd,,,,,,-0.12022,0.00000,,,
8.5640,status,,,,,,,,TRACKING,,
8.5870,target,1791287060391420160,0.08777,0.02071,0.013661,565.8211,,,,,
8.6135,cmd,,,,,,-0.13165,0.00000,,,
8.6136,status,,,,,,,,TRACKING,,
8.6213,target,1791287060424779264,0.09771,0.01425,0.013646,565.8221,,,,,
8.6543,target,1791287060458138368,0.10745,0.00049,0.013787,565.8216,,,,,
8.6633,cmd,,,,,,-0.16117,0.00000,,,
8.6634,status,,,,,,,,TRACKING,,
8.6873,target,1791287060491497472,0.11995,-0.00122,0.013557,565.8213,,,,,
8.7141,cmd,,,,,,-0.17993,0.00000,,,
8.7147,status,,,,,,,,TRACKING,,
8.7207,target,1791287060524856832,0.13250,-0.01192,0.013878,565.8214,,,,,
8.7536,target,1791287060558216192,0.14376,-0.02085,0.013511,565.8208,,,,,
8.7640,cmd,,,,,,-0.21564,0.00000,,,
8.7644,status,,,,,,,,TRACKING,,
8.7742,joint,,,,,,,,,0.15800,0.23010
8.7878,target,1791287060591575296,0.15602,-0.03360,0.013722,565.8217,,,,,
8.8142,cmd,,,,,,-0.23402,0.00000,,,
8.8143,status,,,,,,,,TRACKING,,
8.8206,target,1791287060624934400,0.16991,-0.04408,0.013437,565.8211,,,,,
8.8549,target,1791287060658293760,0.18203,-0.05189,0.013583,565.8221,,,,,
8.8633,cmd,,,,,,-0.27305,0.04152,,,
8.8645,status,,,,,,,,TRACKING,,
8.8885,target,1791287060691652864,0.19369,-0.06081,0.013411,565.8223,,,,,
8.9146,cmd,,,,,,-0.29053,0.04865,,,
8.9147,status,,,,,,,,TRACKING,,
8.9239,target,1791287060725011968,0.20532,-0.06899,0.013357,565.8244,,,,,
8.9547,target,1791287060758371328,0.21692,-0.07707,0.013372,565.8218,,,,,
8.9639,cmd,,,,,,-0.32538,0.06165,,,
8.9642,status,,,,,,,,TRACKING,,
8.9876,target,1791287060791730432,0.22678,-0.08077,0.013403,565.8214,,,,,
9.0161,cmd,,,,,,-0.34017,0.06462,,,
9.0164,status,,,,,,,,TRACKING,,
9.0202,target,1791287060825089536,0.23782,-0.08419,0.013164,565.8206,,,,,
9.0559,target,1791287060858448896,0.24874,-0.08692,0.013227,565.8230,,,,,
9.0632,cmd,,,,,,-0.37312,0.06953,,,
9.0634,status,,,,,,,,TRACKING,,
9.0872,target,1791287060891808000,0.25830,-0.08981,0.012990,565.8209,,,,,
9.1165,cmd,,,,,,-0.38745,0.07185,,,
9.1176,status,,,,,,,,TRACKING,,
9.1210,target,1791287060925167360,0.26847,-0.09125,0.012791,565.8213,,,,,
9.1559,target,1791287060958526976,0.27758,-0.09340,0.012684,565.8229,,,,,
9.1632,cmd,,,,,,-0.41637,0.07472,,,
9.1635,status,,,,,,,,TRACKING,,
9.1878,target,1791287060991886080,0.28075,-0.08899,0.012743,565.8214,,,,,
9.2139,cmd,,,,,,-0.42112,0.07119,,,
9.2148,status,,,,,,,,TRACKING,,
9.2203,target,1791287061025245440,0.28398,-0.08884,0.012682,565.8206,,,,,
9.2545,target,1791287061058604544,0.28665,-0.08505,0.012437,565.8214,,,,,
9.2644,cmd,,,,,,-0.42998,0.06804,,,
9.2644,status,,,,,,,,TRACKING,,
9.2877,target,1791287061091963904,0.28839,-0.08086,0.012372,565.8212,,,,,
9.2935,joint,,,,,,,,,0.07516,0.23930
9.3138,cmd,,,,,,-0.43259,0.06469,,,
9.3138,status,,,,,,,,TRACKING,,
9.3208,target,1791287061125323264,0.28863,-0.07677,0.012300,565.8209,,,,,
9.3555,target,1791287061158682368,0.29096,-0.07558,0.012201,565.8223,,,,,
9.3631,cmd,,,,,,-0.43644,0.06046,,,
9.3633,status,,,,,,,,TRACKING,,
9.3880,target,1791287061192039168,0.29173,-0.07540,0.012133,565.8215,,,,,
9.4154,cmd,,,,,,-0.43760,0.06032,,,
9.4156,status,,,,,,,,TRACKING,,
9.4193,target,1791287061225395712,0.29107,-0.07697,0.011934,565.8194,,,,,
9.4568,target,1791287061258752512,0.28932,-0.07659,0.011747,565.8236,,,,,
9.4631,cmd,,,,,,-0.43399,0.06127,,,
9.4632,status,,,,,,,,TRACKING,,
9.4872,target,1791287061292108800,0.28677,-0.07341,0.011593,565.8206,,,,,
9.5142,cmd,,,,,,-0.43016,0.05872,,,
9.5144,status,,,,,,,,TRACKING,,
9.5197,target,1791287061325465600,0.28378,-0.07342,0.011387,565.8198,,,,,
9.5583,target,1791287061358822144,0.27924,-0.06875,0.011302,565.8250,,,,,
9.5634,cmd,,,,,,-0.41886,0.05500,,,
9.5636,status,,,,,,,,TRACKING,,
9.5868,target,1791287061392178944,0.27522,-0.06480,0.011302,565.8202,,,,,
9.6131,cmd,,,,,,-0.41284,0.05184,,,
9.6133,status,,,,,,,,TRACKING,,
9.6221,target,1791287061425535488,0.27087,-0.06329,0.011007,565.8221,,,,,
9.6548,target,1791287061458892032,0.26303,-0.06553,0.011066,565.8214,,,,,
9.6638,cmd,,,,,,-0.39455,0.05242,,,
9.6640,status,,,,,,,,TRACKING,,
9.6880,target,1791287061492248832,0.25560,-0.06203,0.010679,565.8212,,,,,
9.7135,cmd,,,,,,-0.38340,0.04963,,,
9.7141,status,,,,,,,,TRACKING,,
9.7214,target,1791287061525605120,0.24518,-0.05982,0.010488,565.8213,,,,,
9.7558,target,1791287061558961920,0.23381,-0.05662,0.010232,565.8223,,,,,
9.7635,cmd,,,,,,-0.35071,0.04530,,,
9.7645,status,,,,,,,,TRACKING,,
9.7885,target,1791287061592318464,0.21992,-0.05315,0.010052,565.8217,,,,,
9.8136,cmd,,,,,,-0.32988,0.04252,,,
9.8137,status,,,,,,,,TRACKING,,
9.8139,joint,,,,,,,,,-0.11352,0.26691
9.8226,target,1791287061625675008,0.20604,-0.05389,0.009931,565.8224,,,,,
9.8555,target,1791287061659031808,0.18973,-0.05150,0.009883,565.8220,,,,,
9.8642,cmd,,,,,,-0.28459,0.04120,,,
9.8644,status,,,,,,,,TRACKING,,
9.8882,target,1791287061692388096,0.17054,-0.04844,0.009993,565.8213,,,,,
9.9145,cmd,,,,,,-0.25580,0.00000,,,
9.9147,status,,,,,,,,TRACKING,,
9.9218,target,1791287061725744896,0.14839,-0.04284,0.010022,565.8216,,,,,
9.9581,target,1791287061759101440,0.12771,-0.03822,0.009954,565.8245,,,,,
9.9631,cmd,,,,,,-0.19156,0.00000,,,
9.9634,status,,,,,,,,TRACKING,,
9.9876,target,1791287061792457728,0.10200,-0.03264,0.010145,565.8206,,,,,
10.0145,cmd,,,,,,-0.15300,0.00000,,,
10.0149,status,,,,,,,,TRACKING,,
10.0208,target,1791287061825814528,0.07573,-0.02085,0.010165,565.8204,,,,,
10.0561,target,1791287061859170816,0.04981,-0.02048,0.010484,565.8224,,,,,
10.0632,cmd,,,,,,0.00000,0.00000,,,
10.0663,status,,,,,,,,CENTERED,,
10.0880,target,1791287061892527616,0.02303,-0.01655,0.010766,565.8209,,,,,
10.1135,cmd,,,,,,0.00000,0.00000,,,
10.1140,status,,,,,,,,CENTERED,,
10.1220,target,1791287061925884160,-0.00392,-0.02094,0.011061,565.8216,,,,,
10.1558,target,1791287061959240448,-0.03080,-0.01880,0.011487,565.8221,,,,,
10.1645,cmd,,,,,,0.00000,0.00000,,,
10.1646,status,,,,,,,,CENTERED,,
10.1896,target,1791287061992597248,-0.05724,-0.02160,0.011938,565.8225,,,,,
10.2131,cmd,,,,,,0.08586,0.00000,,,
10.2135,status,,,,,,,,TRACKING,,
10.2234,target,1791287062025953536,-0.08133,-0.02079,0.012263,565.8229,,,,,
10.2588,target,1791287062059310080,-0.10294,-0.02340,0.012661,565.8250,,,,,
10.2632,cmd,,,,,,0.15441,0.00000,,,
10.2633,status,,,,,,,,TRACKING,,
10.2867,target,1791287062092666624,-0.12100,-0.02148,0.013077,565.8195,,,,,
10.3146,cmd,,,,,,0.18150,0.00000,,,
10.3147,status,,,,,,,,TRACKING,,
10.3227,target,1791287062126023168,-0.13522,-0.02076,0.013550,565.8221,,,,,
10.3543,joint,,,,,,,,,-0.26538,0.27305
10.3588,target,1791287062159379712,-0.14390,-0.01969,0.013815,565.8249,,,,,
10.3644,cmd,,,,,,0.21585,0.00000,,,
10.3648,status,,,,,,,,TRACKING,,
10.3864,target,1791287062192737536,-0.15178,-0.02011,0.014084,565.8192,,,,,
10.4135,cmd,,,,,,0.22767,0.00000,,,
10.4136,status,,,,,,,,TRACKING,,
10.4232,target,1791287062226095360,-0.15779,-0.02157,0.014199,565.8226,,,,,
10.4598,target,1791287062259453440,-0.16304,-0.02137,0.014431,565.8258,,,,,
10.4631,cmd,,,,,,0.24456,0.00000,,,
10.4652,status,,,,,,,,TRACKING,,
10.4876,target,1791287062292811008,-0.16779,-0.02152,0.014711,565.8203,,,,,
10.5145,cmd,,,,,,0.25169,0.00000,,,
10.5146,status,,,,,,,,TRACKING,,
10.5231,target,1791287062326168832,-0.17026,-0.02036,0.014989,565.8225,,,,,
10.5563,target,1791287062359526912,-0.17155,-0.01999,0.015102,565.8223,,,,,
10.5628,cmd,,,,,,0.25733,0.00000,,,
10.5632,status,,,,,,,,TRACKING,,
10.5843,target,1791287062392884736,0.00000,0.00000,0.000000,565.8170,,,,,
10.6132,target,1791287062426242304,0.00000,0.00000,0.000000,565.8125,,,,,
10.6134,cmd,,,,,,0.00000,0.00000,,,
10.6135,status,,,,,,,,LOST,,
10.6512,target,1791287062459600384,0.00000,0.00000,0.000000,565.8171,,,,,
10.6635,cmd,,,,,,0.00000,0.00000,,,
10.6640,status,,,,,,,,LOST,,
10.6831,target,1791287062492958208,0.00000,0.00000,0.000000,565.8156,,,,,
10.7132,cmd,,,,,,0.00000,0.00000,,,
10.7133,status,,,,,,,,LOST,,
10.7139,target,1791287062526316288,0.00000,0.00000,0.000000,565.8130,,,,,
10.7497,target,1791287062559674112,0.00000,0.00000,0.000000,565.8155,,,,,
10.7639,cmd,,,,,,0.00000,0.00000,,,
10.7643,status,,,,,,,,LOST,,
10.7815,target,1791287062593031936,0.00000,0.00000,0.000000,565.8139,,,,,
10.8130,cmd,,,,,,0.00000,0.00000,,,
10.8143,target,1791287062626389760,0.00000,0.00000,0.000000,565.8134,,,,,
10.8144,status,,,,,,,,LOST,,
10.8362,joint,,,,,,,,,-0.22243,0.27458
10.8521,target,1791287062659747584,0.00000,0.00000,0.000000,565.8178,,,,,
10.8646,cmd,,,,,,0.00000,0.00000,,,
10.8647,status,,,,,,,,LOST,,
10.8831,target,1791287062693105408,0.00000,0.00000,0.000000,565.8154,,,,,
10.9155,cmd,,,,,,0.00000,0.00000,,,
10.9156,status,,,,,,,,LOST,,
10.9263,target,1791287062726463488,0.00000,0.00000,0.000000,565.8254,,,,,
10.9492,target,1791287062759821312,0.00000,0.00000,0.000000,565.8149,,,,,
10.9638,cmd,,,,,,0.00000,0.00000,,,
10.9641,status,,,,,,,,LOST,,
10.9835,target,1791287062793178880,0.00000,0.00000,0.000000,565.8158,,,,,
11.0145,cmd,,,,,,0.00000,0.00000,,,
11.0147,status,,,,,,,,LOST,,
11.0152,target,1791287062826536960,0.00000,0.00000,0.000000,565.8142,,,,,
11.0526,target,1791287062859894784,0.00000,0.00000,0.000000,565.8182,,,,,
11.0633,cmd,,,,,,0.00000,0.00000,,,
11.0638,status,,,,,,,,LOST,,
11.0828,target,1791287062893252608,0.00000,0.00000,0.000000,565.8150,,,,,
11.1130,cmd,,,,,,0.00000,0.00000,,,
11.1131,status,,,,,,,,LOST,,
11.1174,target,1791287062926610688,0.00000,0.00000,0.000000,565.8163,,,,,
11.1525,target,1791287062959968512,0.00000,0.00000,0.000000,565.8180,,,,,
11.1626,cmd,,,,,,0.00000,0.00000,,,
11.1634,status,,,,,,,,LOST,,
11.1830,target,1791287062993326080,0.00000,0.00000,0.000000,565.8151,,,,,
11.2134,cmd,,,,,,0.00000,0.00000,,,
11.2136,status,,,,,,,,LOST,,
11.2163,target,1791287063026684160,0.00000,0.00000,0.000000,565.8151,,,,,
11.2522,target,1791287063060041984,0.00000,0.00000,0.000000,565.8176,,,,,
11.2628,cmd,,,,,,0.00000,0.00000,,,
11.2631,status,,,,,,,,LOST,,
11.2827,target,1791287063093399808,0.00000,0.00000,0.000000,565.8148,,,,,
11.3136,cmd,,,,,,0.00000,0.00000,,,
11.3140,status,,,,,,,,LOST,,
11.3163,target,1791287063126757888,0.00000,0.00000,0.000000,565.8150,,,,,
11.3351,joint,,,,,,,,,-0.23623,0.27458
11.3513,target,1791287063160115712,0.00000,0.00000,0.000000,565.8167,,,,,
11.3632,cmd,,,,,,0.00000,0.00000,,,
11.3633,status,,,,,,,,LOST,,
11.3821,target,1791287063193472768,0.00000,0.00000,0.000000,565.8142,,,,,
11.4126,cmd,,,,,,0.00000,0.00000,,,
11.4127,status,,,,,,,,LOST,,
11.4148,target,1791287063226829824,0.00000,0.00000,0.000000,565.8134,,,,,
11.4516,target,1791287063260187136,0.00000,0.00000,0.000000,565.8169,,,,,
11.4629,cmd,,,,,,0.00000,0.00000,,,
11.4643,status,,,,,,,,LOST,,
11.4826,target,1791287063293543936,0.00000,0.00000,0.000000,565.8146,,,,,
11.5128,cmd,,,,,,0.00000,0.00000,,,
11.5129,status,,,,,,,,LOST,,
11.5152,target,1791287063326901248,0.00000,0.00000,0.000000,565.8138,,,,,
11.5514,target,1791287063360258048,0.00000,0.00000,0.000000,565.8167,,,,,
11.5626,cmd,,,,,,0.00000,0.00000,,,
11.5627,status,,,,,,,,LOST,,
11.5817,target,1791287063393615360,0.00000,0.00000,0.000000,565.8136,,,,,
11.6129,cmd,,,,,,0.00000,0.00000,,,
11.6130,status,,,,,,,,LOST,,
11.6151,target,1791287063426972160,0.00000,0.00000,0.000000,565.8137,,,,,
11.6506,target,1791287063460329472,0.00000,0.00000,0.000000,565.8157,,,,,
11.6627,cmd,,,,,,0.00000,0.00000,,,
11.6628,status,,,,,,,,LOST,,
11.6827,target,1791287063493686272,0.00000,0.00000,0.000000,565.8145,,,,,
11.7144,cmd,,,,,,0.00000,0.00000,,,
11.7145,status,,,,,,,,LOST,,
11.7149,target,1791287063527043584,0.00000,0.00000,0.000000,565.8134,,,,,
11.7514,target,1791287063560400384,0.00000,0.00000,0.000000,565.8165,,,,,
11.7631,cmd,,,,,,0.00000,0.00000,,,
11.7644,status,,,,,,,,LOST,,
11.7825,target,1791287063593757696,0.00000,0.00000,0.000000,565.8142,,,,,
11.8132,cmd,,,,,,0.00000,0.00000,,,
11.8133,status,,,,,,,,LOST,,
11.8166,target,1791287063627114496,0.00000,0.00000,0.000000,565.8150,,,,,
11.8354,joint,,,,,,,,,-0.23623,0.27458
11.8511,target,1791287063660471552,0.00000,0.00000,0.000000,565.8161,,,,,
11.8633,cmd,,,,,,0.00000,0.00000,,,
11.8637,status,,,,,,,,LOST,,
11.8822,target,1791287063693828608,0.00000,0.00000,0.000000,565.8139,,,,,
11.9131,cmd,,,,,,0.00000,0.00000,,,
11.9132,status,,,,,,,,LOST,,
11.9152,target,1791287063727185664,0.00000,0.00000,0.000000,565.8135,,,,,
11.9513,target,1791287063760542720,0.00000,0.00000,0.000000,565.8163,,,,,
11.9629,cmd,,,,,,0.00000,0.00000,,,
11.9630,status,,,,,,,,LOST,,
11.9815,target,1791287063793899776,0.00000,0.00000,0.000000,565.8131,,,,,
12.0134,cmd,,,,,,0.00000,0.00000,,,
12.0135,status,,,,,,,,LOST,,
12.0151,target,1791287063827256832,0.00000,0.00000,0.000000,565.8133,,,,,
12.0520,target,1791287063860613888,0.00000,0.00000,0.000000,565.8169,,,,,
12.0625,cmd,,,,,,0.00000,0.00000,,,
12.0626,status,,,,,,,,LOST,,
12.0838,target,1791287063893970688,0.00000,0.00000,0.000000,565.8153,,,,,
12.1131,cmd,,,,,,0.00000,0.00000,,,
12.1132,status,,,,,,,,LOST,,
12.1159,target,1791287063927328000,0.00000,0.00000,0.000000,565.8140,,,,,
12.1519,target,1791287063960684800,0.00000,0.00000,0.000000,565.8167,,,,,
12.1631,cmd,,,,,,0.00000,0.00000,,,
12.1637,status,,,,,,,,LOST,,
12.1837,target,1791287063994041856,0.00000,0.00000,0.000000,565.8152,,,,,
12.2129,cmd,,,,,,0.00000,0.00000,,,
12.2130,status,,,,,,,,LOST,,
12.2154,target,1791287064027398656,0.00000,0.00000,0.000000,565.8135,,,,,
12.2516,target,1791287064060755968,0.00000,0.00000,0.000000,565.8163,,,,,
12.2627,cmd,,,,,,0.00000,0.00000,,,
12.2628,status,,,,,,,,LOST,,
12.2820,target,1791287064094112768,0.00000,0.00000,0.000000,565.8134,,,,,
12.3135,cmd,,,,,,0.00000,0.00000,,,
12.3136,status,,,,,,,,LOST,,
12.3171,target,1791287064127469824,0.00000,0.00000,0.000000,565.8152,,,,,
12.3520,target,1791287064160826624,0.00000,0.00000,0.000000,565.8167,,,,,
12.3536,joint,,,,,,,,,-0.23623,0.27458
12.3629,cmd,,,,,,0.00000,0.00000,,,
12.3630,status,,,,,,,,LOST,,
12.3838,target,1791287064194183936,0.00000,0.00000,0.000000,565.8151,,,,,
12.4126,cmd,,,,,,0.00000,0.00000,,,
12.4127,status,,,,,,,,LOST,,
12.4186,target,1791287064227540992,0.00000,0.00000,0.000000,565.8166,,,,,
12.4523,target,1791287064260898304,0.00000,0.00000,0.000000,565.8169,,,,,
12.4636,cmd,,,,,,0.00000,0.00000,,,
12.4643,status,,,,,,,,LOST,,
12.4834,target,1791287064294255104,0.00000,0.00000,0.000000,565.8146,,,,,
12.5131,cmd,,,,,,0.00000,0.00000,,,
12.5133,status,,,,,,,,LOST,,
12.5165,target,1791287064327612416,0.00000,0.00000,0.000000,565.8144,,,,,
12.5610,target,1791287064360969472,-0.64093,-0.24277,0.021634,565.8256,,,,,
12.5634,cmd,,,,,,0.00000,0.00000,,,
12.5660,status,,,,,,,,LOST,,
12.5874,target,1791287064394326528,-0.62795,-0.25391,0.020942,565.8186,,,,,
12.6128,cmd,,,,,,0.00000,0.00000,,,
12.6129,status,,,,,,,,LOST,,
12.6233,target,1791287064427683584,-0.61084,-0.26526,0.019727,565.8211,,,,,
12.6558,target,1791287064461040896,-0.59690,-0.27727,0.019716,565.8202,,,,,
12.6625,cmd,,,,,,0.60000,0.22182,,,
12.6627,status,,,,,,,,TRACKING,,
12.6891,target,1791287064494397696,-0.58753,-0.28943,0.019881,565.8202,,,,,
12.7128,cmd,,,,,,0.60000,0.23155,,,
12.7129,status,,,,,,,,TRACKING,,
12.7245,target,1791287064527755008,-0.58193,-0.29744,0.019872,565.8222,,,,,
12.7602,target,1791287064561111808,-0.57972,-0.30116,0.020030,565.8246,,,,,
12.7622,cmd,,,,,,0.60000,0.24093,,,
12.7632,status,,,,,,,,TRACKING,,
12.7889,target,1791287064594469120,-0.58132,-0.29761,0.020354,565.8199,,,,,
12.8130,cmd,,,,,,0.60000,0.23809,,,
12.8131,status,,,,,,,,TRACKING,,
12.8242,target,1791287064627825920,-0.58276,-0.28940,0.020352,565.8218,,,,,
12.8608,target,1791287064661183232,-0.58097,-0.27091,0.020521,565.8251,,,,,
12.8633,cmd,,,,,,0.60000,0.21673,,,
12.8635,status,,,,,,,,TRACKING,,
12.8752,joint,,,,,,,,,-0.23470,0.27458
12.8903,target,1791287064694540032,-0.57913,-0.25057,0.020742,565.8212,,,,,
12.9130,cmd,,,,,,0.60000,0.20046,,,
12.9131,status,,,,,,,,TRACKING,,
12.9239,target,1791287064727897344,-0.57100,-0.22991,0.020540,565.8215,,,,,
12.9590,target,1791287064761254144,-0.55506,-0.20240,0.020074,565.8232,,,,,
12.9622,cmd,,,,,,0.60000,0.16192,,,
12.9623,status,,,,,,,,TRACKING,,
12.9887,target,1791287064794611456,-0.53484,-0.18044,0.019690,565.8196,,,,,
13.0144,cmd,,,,,,0.60000,0.14435,,,
13.0146,status,,,,,,,,TRACKING,,
13.0239,target,1791287064827968256,-0.50856,-0.15202,0.019132,565.8214,,,,,
13.0597,target,1791287064861325312,-0.47778,-0.12512,0.018355,565.8238,,,,,
13.0625,cmd,,,,,,0.60000,0.10009,,,
13.0626,status,,,,,,,,TRACKING,,
13.0881,target,1791287064894682368,-0.44064,-0.09283,0.017615,565.8189,,,,,
13.1144,cmd,,,,,,0.60000,0.07427,,,
13.1145,status,,,,,,,,TRACKING,,
13.1234,target,1791287064928039424,-0.39627,-0.07376,0.016723,565.8209,,,,,
13.1565,target,1791287064961396224,-0.34895,-0.06176,0.016356,565.8206,,,,,
13.1623,cmd,,,,,,0.52342,0.04941,,,
13.1625,status,,,,,,,,TRACKING,,
13.1901,target,1791287064994753280,-0.30976,-0.05228,0.016332,565.8209,,,,,
13.2145,cmd,,,,,,0.46464,0.04182,,,
13.2147,status,,,,,,,,TRACKING,,
13.2229,target,1791287065028110336,-0.27462,-0.04558,0.015968,565.8203,,,,,
13.2630,target,1791287065061467392,-0.24253,-0.03900,0.015833,565.8271,,,,,
13.2632,cmd,,,,,,0.41193,0.00000,,,
13.2633,status,,,,,,,,TRACKING,,
13.2880,target,1791287065094824192,-0.21645,-0.02524,0.015842,565.8186,,,,,
13.3134,cmd,,,,,,0.32468,0.00000,,,
13.3135,status,,,,,,,,TRACKING,,
13.3242,target,1791287065128181248,-0.19632,-0.01214,0.015998,565.8215,,,,,
13.3600,target,1791287065161538048,-0.17702,0.00766,0.015792,565.8240,,,,,
13.3626,cmd,,,,,,0.26553,0.00000,,,
13.3627,status,,,,,,,,TRACKING,,
13.3890,target,1791287065194895872,-0.15877,0.02120,0.015740,565.8196,,,,,
13.3937,joint,,,,,,,,,0.01841,0.32827
13.4129,cmd,,,,,,0.23816,0.00000,,,
13.4130,status,,,,,,,,TRACKING,,
13.4239,target,1791287065228253184,-0.13948,0.02746,0.015653,565.8211,,,,,
13.4582,target,1791287065261610752,-0.12066,0.03135,0.015586,565.8221,,,,,
13.4622,cmd,,,,,,0.18099,0.00000,,,
13.4623,status,,,,,,,,TRACKING,,
13.4895,target,1791287065294968320,-0.10147,0.03152,0.015510,565.8200,,,,,
13.5133,cmd,,,,,,0.15220,0.00000,,,
13.5135,status,,,,,,,,TRACKING,,
13.5252,target,1791287065328325888,-0.08184,0.03152,0.015516,565.8223,,,,,
13.5583,target,1791287065361683456,-0.06398,0.02696,0.015250,565.8221,,,,,
13.5624,cmd,,,,,,0.09597,0.00000,,,
13.5626,status,,,,,,,,TRACKING,,
13.5894,target,1791287065395041024,-0.04832,0.02485,0.015536,565.8198,,,,,
13.6143,cmd,,,,,,0.00000,0.00000,,,
13.6145,status,,,,,,,,CENTERED,,
13.6246,target,1791287065428398336,-0.03708,0.01863,0.015673,565.8217,,,,,
13.6597,target,1791287065461756160,-0.02837,0.01861,0.015642,565.8234,,,,,
13.6623,cmd,,,,,,0.00000,0.00000,,,
13.6625,status,,,,,,,,CENTERED,,
13.6889,target,1791287065495113472,-0.02247,0.01674,0.015675,565.8193,,,,,
13.7144,cmd,,,,,,0.00000,0.00000,,,
13.7145,status,,,,,,,,CENTERED,,
13.7252,target,1791287065528471296,-0.01906,0.01818,0.015707,565.8222,,,,,
13.7594,target,1791287065561828864,-0.01992,0.01899,0.015729,565.8230,,,,,
13.7622,cmd,,,,,,0.00000,0.00000,,,
13.7623,status,,,,,,,,CENTERED,,
13.7892,target,1791287065595186176,-0.02404,0.02015,0.015716,565.8195,,,,,
13.8130,cmd,,,,,,0.00000,0.00000,,,
13.8131,status,,,,,,,,CENTERED,,
13.8239,target,1791287065628544000,-0.03122,0.02327,0.015940,565.8208,,,,,
13.8584,target,1791287065661901312,-0.04124,0.02398,0.015929,565.8220,,,,,
13.8620,cmd,,,,,,0.00000,0.00000,,,
13.8620,status,,,,,,,,CENTERED,,
13.8900,target,1791287065695259136,-0.05628,0.02712,0.016081,565.8202,,,,,
13.9142,cmd,,,,,,0.08442,0.00000,,,
13.9143,status,,,,,,,,TRACKING,,
13.9145,joint,,,,,,,,,0.17641,0.32674
13.9259,target,1791287065728616448,-0.07712,0.02864,0.016246,565.8228,,,,,
13.9612,target,1791287065761974016,-0.10039,0.03030,0.016439,565.8247,,,,,
13.9632,cmd,,,,,,0.15059,0.00000,,,
13.9634,status,,,,,,,,TRACKING,,
13.9903,target,1791287065795331584,-0.12522,0.02838,0.016615,565.8204,,,,,
14.0127,cmd,,,,,,0.18783,0.00000,,,
14.0129,status,,,,,,,,TRACKING,,
14.0253,target,1791287065828689152,-0.15151,0.02638,0.016799,565.8221,,,,,
14.0599,target,1791287065862046976,-0.18086,0.02260,0.017049,565.8233,,,,,
14.0624,cmd,,,,,,0.27129,0.00000,,,
14.0625,status,,,,,,,,TRACKING,,
14.0901,target,1791287065895404288,-0.20997,0.01689,0.017750,565.8202,,,,,
14.1132,cmd,,,,,,0.31496,0.00000,,,
14.1136,status,,,,,,,,TRACKING,,
14.1257,target,1791287065928761856,-0.23789,0.01489,0.018205,565.8224,,,,,
14.1610,target,1791287065962119424,-0.26340,0.01025,0.018806,565.8243,,,,,
14.1630,cmd,,,,,,0.39510,0.00000,,,
14.1631,status,,,,,,,,TRACKING,,
14.1907,target,1791287065995476992,-0.28851,0.00484,0.018995,565.8207,,,,,
14.2144,cmd,,,,,,0.43276,0.00000,,,
14.2145,status,,,,,,,,TRACKING,,
14.2247,target,1791287066028834560,-0.31233,0.00105,0.019405,565.8213,,,,,
14.2580,target,1791287066062192128,-0.33238,-0.00258,0.019855,565.8213,,,,,
14.2624,cmd,,,,,,0.49857,0.00000,,,
14.2626,status,,,,,,,,TRACKING,,
14.2901,target,1791287066095549696,-0.34569,-0.00379,0.020204,565.8200,,,,,
14.3128,cmd,,,,,,0.51853,0.00000,,,
14.3130,status,,,,,,,,TRACKING,,
14.3268,target,1791287066128907264,-0.35153,-0.00422,0.019674,565.8234,,,,,
14.3596,target,1791287066162264832,-0.34980,-0.00207,0.019457,565.8229,,,,,
14.3623,cmd,,,,,,0.52470,0.00000,,,
14.3624,status,,,,,,,,TRACKING,,
14.3901,target,1791287066195622144,-0.34077,0.00450,0.019703,565.8199,,,,,
14.4127,cmd,,,,,,0.51115,0.00000,,,
14.4129,status,,,,,,,,TRACKING,,
14.4240,target,1791287066228978944,-0.32409,0.01003,0.019208,565.8205,,,,,
14.4345,joint,,,,,,,,,0.19788,0.32674
14.4624,target,1791287066262336256,-0.30145,0.01305,0.018728,565.8255,,,,,
14.4627,cmd,,,,,,0.48614,0.00000,,,
14.4632,status,,,,,,,,TRACKING,,
14.4898,target,1791287066295693312,-0.27729,0.01161,0.018394,565.8196,,,,,
14.5143,cmd,,,,,,0.41593,0.00000,,,
14.5144,status,,,,,,,,TRACKING,,
14.5255,target,1791287066329050624,-0.25413,0.01032,0.018190,565.8220,,,,,
14.5589,target,1791287066362407680,-0.23546,0.01081,0.017969,565.8219,,,,,
14.5622,cmd,,,,,,0.35319,0.00000,,,
14.5624,status,,,,,,,,TRACKING,,
14.5910,target,1791287066395764736,-0.21999,0.01475,0.018045,565.8207,,,,,
14.6134,cmd,,,,,,0.32999,0.00000,,,
14.6135,status,,,,,,,,TRACKING,,
14.6253,target,1791287066429121792,-0.21045,0.02023,0.017891,565.8216,,,,,
14.6607,target,1791287066462479104,-0.20105,0.02565,0.017962,565.8237,,,,,
14.6629,cmd,,,,,,0.30158,0.00000,,,
14.6630,status,,,,,,,,TRACKING,,
14.6903,target,1791287066495836160,-0.19475,0.03004,0.017938,565.8199,,,,,
14.7143,cmd,,,,,,0.29212,0.00000,,,
14.7145,status,,,,,,,,TRACKING,,
14.7241,target,1791287066529193472,-0.19057,0.03278,0.017901,565.8204,,,,,
14.7621,target,1791287066562550528,-0.18630,0.03247,0.017786,565.8250,,,,,
14.7624,cmd,,,,,,0.28585,0.00000,,,
14.7625,status,,,,,,,,TRACKING,,
14.7904,target,1791287066595907584,-0.18297,0.02424,0.017737,565.8200,,,,,
14.8126,cmd,,,,,,0.27445,0.00000,,,
14.8128,status,,,,,,,,TRACKING,,
14.8260,target,1791287066629264640,-0.18196,0.00977,0.017743,565.8222,,,,,
14.8596,target,1791287066662621952,-0.18466,-0.00835,0.017750,565.8224,,,,,
14.8622,cmd,,,,,,0.27698,0.00000,,,
14.8623,status,,,,,,,,TRACKING,,
14.8902,target,1791287066695979008,-0.18897,-0.02345,0.017793,565.8198,,,,,
14.9134,cmd,,,,,,0.28345,0.00000,,,
14.9135,status,,,,,,,,TRACKING,,
14.9272,target,1791287066729336064,-0.19524,-0.03766,0.017745,565.8234,,,,,
14.9545,joint,,,,,,,,,0.38196,0.32674
14.9600,target,1791287066762693120,-0.20060,-0.04955,0.017600,565.8228,,,,,
14.9622,cmd,,,,,,0.30090,0.00000,,,
14.9623,status,,,,,,,,TRACKING,,
14.9901,target,1791287066796050176,-0.20726,-0.06052,0.017198,565.8195,,,,,
15.0126,cmd,,,,,,0.31089,0.04842,,,
15.0128,status,,,,,,,,TRACKING,,
15.0249,target,1791287066829407488,-0.20875,-0.06683,0.017227,565.8209,,,,,
15.0606,target,1791287066862764544,-0.20852,-0.07029,0.017053,565.8233,,,,,
15.0626,cmd,,,,,,0.31279,0.05623,,,
15.0627,status,,,,,,,,TRACKING,,
15.0905,target,1791287066896121856,-0.20533,-0.07276,0.016970,565.8199,,,,,
15.1130,cmd,,,,,,0.30800,0.05820,,,
15.1131,status,,,,,,,,TRACKING,,
15.1258,target,1791287066929478912,-0.19725,-0.07661,0.016628,565.8218,,,,,
15.1582,target,1791287066962835968,-0.18317,-0.08216,0.016493,565.8208,,,,,
15.1624,cmd,,,,,,0.27476,0.06572,,,
15.1625,status,,,,,,,,TRACKING,,
15.1900,target,1791287066996193024,-0.16502,-0.08737,0.016413,565.8193,,,,,
15.2143,cmd,,,,,,0.24753,0.06990,,,
15.2144,status,,,,,,,,TRACKING,,
15.2243,target,1791287067029550336,-0.14443,-0.09801,0.016328,565.8203,,,,,
15.2611,target,1791287067062907392,-0.12143,-0.11907,0.016554,565.8237,,,,,
15.2632,cmd,,,,,,0.18214,0.09525,,,
15.2633,status,,,,,,,,TRACKING,,
15.2900,target,1791287067096264704,-0.09937,-0.14684,0.016513,565.8193,,,,,
15.3143,cmd,,,,,,0.14905,0.11747,,,
15.3145,status,,,,,,,,TRACKING,,
15.3244,target,1791287067129621760,-0.07910,-0.17986,0.016723,565.8203,,,,,
15.3590,target,1791287067162979072,-0.05652,-0.21392,0.017170,565.8215,,,,,
15.3623,cmd,,,,,,0.08478,0.17113,,,
15.3624,status,,,,,,,,TRACKING,,
15.3908,target,1791287067196336384,-0.03222,-0.25659,0.018190,565.8200,,,,,
15.4129,cmd,,,,,,0.00000,0.20527,,,
15.4131,status,,,,,,,,TRACKING,,
15.4240,target,1791287067229693952,-0.00547,-0.29405,0.018874,565.8198,,,,,
15.4546,joint,,,,,,,,,0.52309,0.33748
15.4597,target,1791287067263051264,0.01797,-0.33720,0.019260,565.8222,,,,,
15.4622,cmd,,,,,,0.00000,0.26976,,,
15.4638,status,,,,,,,,TRACKING,,
15.4897,target,1791287067296408576,0.03659,-0.37785,0.019275,565.8188,,,,,
15.5134,cmd,,,,,,0.00000,0.30228,,,
15.5135,status,,,,,,,,TRACKING,,
15.5258,target,1791287067329766144,0.05337,-0.42147,0.019392,565.8215,,,,,
15.5591,target,1791287067363123456,0.06134,-0.46558,0.018809,565.8215,,,,,
15.5622,cmd,,,,,,-0.09202,0.37246,,,
15.5636,status,,,,,,,,TRACKING,,
15.5911,target,1791287067396481024,0.07409,-0.50946,0.018924,565.8201,,,,,
15.6133,cmd,,,,,,-0.11113,0.40000,,,
15.6134,status,,,,,,,,TRACKING,,
15.6266,target,1791287067429838336,0.08777,-0.54837,0.019462,565.8223,,,,,
15.6616,target,1791287067463195904,0.10086,-0.57772,0.019898,565.8239,,,,,
15.6624,cmd,,,,,,-0.13166,0.40000,,,
15.6625,status,,,,,,,,TRACKING,,
15.6904,target,1791287067496553216,0.11204,-0.59928,0.020601,565.8193,,,,,
15.7142,cmd,,,,,,-0.16806,0.40000,,,
15.7144,status,,,,,,,,TRACKING,,
15.7259,target,1791287067529910528,0.12176,-0.61128,0.020903,565.8215,,,,,
15.7612,target,1791287067563268096,0.13189,-0.61278,0.021272,565.8234,,,,,
15.7633,cmd,,,,,,-0.19783,0.40000,,,
15.7634,status,,,,,,,,TRACKING,,
15.7940,target,1791287067596625408,0.13970,-0.60139,0.021209,565.8229,,,,,
15.8134,cmd,,,,,,-0.20955,0.40000,,,
15.8135,status,,,,,,,,TRACKING,,
15.8249,target,1791287067629982976,0.14543,-0.58032,0.020920,565.8204,,,,,
15.8624,cmd,,,,,,-0.21814,0.40000,,,
15.8626,target,1791287067663340288,0.14884,-0.55621,0.020927,565.8248,,,,,
15.8627,status,,,,,,,,TRACKING,,
15.8904,target,1791287067696697856,0.14860,-0.52901,0.020690,565.8192,,,,,
15.9133,cmd,,,,,,-0.22290,0.40000,,,
15.9134,status,,,,,,,,TRACKING,,
15.9259,target,1791287067730055168,0.14326,-0.49824,0.020371,565.8214,,,,,
15.9625,target,1791287067763412480,0.14010,-0.46469,0.019993,565.8246,,,,,
15.9627,cmd,,,,,,-0.21490,0.39859,,,
15.9628,status,,,,,,,,TRACKING,,
15.9758,joint,,,,,,,,,0.54149,0.43872
15.9900,target,1791287067796770048,0.13814,-0.42785,0.019824,565.8187,,,,,
16.0143,cmd,,,,,,-0.20722,0.34228,,,
16.0144,status,,,,,,,,TRACKING,,
16.0244,target,1791287067830127360,0.13486,-0.38038,0.018984,565.8197,,,,,
16.0622,target,1791287067863484928,0.13248,-0.32852,0.018483,565.8242,,,,,
16.0625,cmd,,,,,,-0.20229,0.30431,,,
16.0642,status,,,,,,,,TRACKING,,
16.0906,target,1791287067896842240,0.13174,-0.27667,0.018424,565.8193,,,,,
16.1134,cmd,,,,,,-0.19760,0.22134,,,
16.1136,status,,,,,,,,TRACKING,,
16.1265,target,1791287067930199808,0.12800,-0.22585,0.018331,565.8218,,,,,
16.1605,target,1791287067963557120,0.12364,-0.17278,0.017860,565.8225,,,,,
16.1629,cmd,,,,,,-0.18545,0.13822,,,
16.1630,status,,,,,,,,TRACKING,,
16.1912,target,1791287067996914432,0.12046,-0.11859,0.017574,565.8198,,,,,
16.2128,cmd,,,,,,-0.18069,0.09487,,,
16.2129,status,,,,,,,,TRACKING,,
16.2250,target,1791287068030272000,0.11901,-0.06173,0.017619,565.8203,,,,,
16.2608,target,1791287068063629568,0.11592,-0.00328,0.017365,565.8226,,,,,
16.2630,cmd,,,,,,-0.17388,0.00000,,,
16.2631,status,,,,,,,,TRACKING,,
16.2914,target,1791287068096987136,0.11229,0.05776,0.017396,565.8199,,,,,
16.3144,cmd,,,,,,-0.16843,-0.04620,,,
16.3146,status,,,,,,,,TRACKING,,
16.3265,target,1791287068130344448,0.11225,0.11808,0.017517,565.8216,,,,,
16.3616,target,1791287068163702016,0.11203,0.17440,0.017697,565.8234,,,,,
16.3625,cmd,,,,,,-0.16837,-0.09446,,,
16.3626,status,,,,,,,,TRACKING,,
16.3913,target,1791287068197059328,0.11065,0.23067,0.017706,565.8197,,,,,
16.4143,cmd,,,,,,-0.16597,-0.18453,,,
16.4144,status,,,,,,,,TRACKING,,
16.4262,target,1791287068230416640,0.10947,0.27866,0.017962,565.8213,,,,,
16.4619,target,1791287068263774464,0.10723,0.32841,0.017439,565.8236,,,,,
16.4624,cmd,,,,,,-0.16421,-0.22293,,,
16.4627,status,,,,,,,,TRACKING,,
16.4906,target,1791287068297131776,0.10610,0.37021,0.017500,565.8190,,,,,
16.4936,joint,,,,,,,,,0.45713,0.59825
16.5135,cmd,,,,,,-0.15915,-0.29617,,,
16.5136,status,,,,,,,,TRACKING,,
16.5244,target,1791287068330489344,0.10589,0.40667,0.017478,565.8194,,,,,
16.5590,target,1791287068363846656,0.10400,0.44174,0.017300,565.8207,,,,,
16.5623,cmd,,,,,,-0.15600,-0.35339,,,
16.5624,status,,,,,,,,TRACKING,,
16.5933,target,1791287068397204224,0.10335,0.47312,0.017537,565.8216,,,,,
16.6137,cmd,,,,,,-0.15503,-0.37850,,,
16.6138,status,,,,,,,,TRACKING,,
16.6269,target,1791287068430561792,0.10255,0.50136,0.017461,565.8218,,,,,
16.6601,target,1791287068463919104,0.10175,0.52752,0.017376,565.8217,,,,,
16.6625,cmd,,,,,,-0.15262,-0.40000,,,
16.6626,status,,,,,,,,TRACKING,,
16.6939,target,1791287068497276928,0.09916,0.53942,0.017591,565.8221,,,,,
16.7133,cmd,,,,,,-0.14873,-0.40000,,,
16.7135,status,,,,,,,,TRACKING,,
16.7263,target,1791287068530634240,0.09537,0.54478,0.017378,565.8212,,,,,
16.7610,target,1791287068563991808,0.09246,0.55710,0.017439,565.8225,,,,,
16.7634,cmd,,,,,,-0.13869,-0.40000,,,
16.7636,status,,,,,,,,TRACKING,,
16.7918,target,1791287068597349376,0.08832,0.55900,0.017357,565.8200,,,,,
16.8142,cmd,,,,,,-0.13248,-0.40000,,,
16.8143,status,,,,,,,,TRACKING,,
16.8253,target,1791287068630706688,0.08337,0.56813,0.017203,565.8201,,,,,
16.8630,target,1791287068664064256,0.07833,0.56269,0.017207,565.8244,,,,,
16.8631,cmd,,,,,,-0.12506,-0.40000,,,
16.8632,status,,,,,,,,TRACKING,,
16.8914,target,1791287068697421568,0.07228,0.55903,0.016686,565.8195,,,,,
16.9144,cmd,,,,,,-0.10842,-0.40000,,,
16.9145,status,,,,,,,,TRACKING,,
16.9276,target,1791287068730779392,0.06628,0.54056,0.016721,565.8223,,,,,
16.9635,target,1791287068764136704,0.06049,0.52413,0.016209,565.8249,,,,,
16.9637,cmd,,,,,,-0.09943,-0.40000,,,
16.9638,status,,,,,,,,TRACKING,,
16.9911,target,1791287068797494016,0.05478,0.49874,0.016497,565.8191,,,,,
16.9938,joint,,,,,,,,,0.38043,0.51849
17.0142,cmd,,,,,,-0.08217,-0.39899,,,
17.0144,status,,,,,,,,TRACKING,,
17.0256,target,1791287068830851840,0.05051,0.47672,0.016278,565.8203,,,,,
17.0605,target,1791287068864209152,0.05120,0.47730,0.011617,565.8218,,,,,
17.0629,cmd,,,,,,-0.07679,-0.38184,,,
17.0630,status,,,,,,,,TRACKING,,
17.0841,target,1791287068897566720,0.00000,0.00000,0.000000,565.8120,,,,,
17.1144,cmd,,,,,,0.00000,0.00000,,,
17.1145,status,,,,,,,,LOST,,
17.1193,target,1791287068930924032,0.00000,0.00000,0.000000,565.8139,,,,,
17.1532,target,1791287068964281856,0.00000,0.00000,0.000000,565.8144,,,,,
17.1634,cmd,,,,,,0.00000,0.00000,,,
17.1638,status,,,,,,,,LOST,,
17.1845,target,1791287068997639168,0.00000,0.00000,0.000000,565.8123,,,,,
17.2146,cmd,,,,,,0.00000,0.00000,,,
17.2147,status,,,,,,,,LOST,,
17.2178,target,1791287069030996480,0.00000,0.00000,0.000000,565.8123,,,,,
17.2529,target,1791287069064354048,0.00000,0.00000,0.000000,565.8141,,,,,
17.2632,cmd,,,,,,0.00000,0.00000,,,
17.2643,status,,,,,,,,LOST,,
17.2839,target,1791287069097711616,0.00000,0.00000,0.000000,565.8117,,,,,
17.3134,cmd,,,,,,0.00000,0.00000,,,
17.3147,status,,,,,,,,LOST,,
17.3219,target,1791287069131069184,0.00000,0.00000,0.000000,565.8163,,,,,
17.3536,target,1791287069164426496,0.00000,0.00000,0.000000,565.8146,,,,,
17.3626,cmd,,,,,,0.00000,0.00000,,,
17.3628,status,,,,,,,,LOST,,
17.3835,target,1791287069197784576,0.00000,0.00000,0.000000,565.8112,,,,,
17.4130,cmd,,,,,,0.00000,0.00000,,,
17.4131,status,,,,,,,,LOST,,
17.4216,target,1791287069231142912,0.00000,0.00000,0.000000,565.8160,,,,,
17.4549,target,1791287069264501248,0.00000,0.00000,0.000000,565.8159,,,,,
17.4630,cmd,,,,,,0.00000,0.00000,,,
17.4631,status,,,,,,,,LOST,,
17.4867,target,1791287069297859328,0.00000,0.00000,0.000000,565.8144,,,,,
17.5130,cmd,,,,,,0.00000,0.00000,,,
17.5132,status,,,,,,,,LOST,,
17.5155,joint,,,,,,,,,0.36048,0.44792
17.5214,target,1791287069331217408,0.00000,0.00000,0.000000,565.8156,,,,,
17.5568,target,1791287069364576000,0.00000,0.00000,0.000000,565.8177,,,,,
17.5621,cmd,,,,,,0.00000,0.00000,,,
17.5623,status,,,,,,,,LOST,,
17.5883,target,1791287069397934080,0.00000,0.00000,0.000000,565.8159,,,,,
17.6143,cmd,,,,,,0.00000,0.00000,,,
17.6145,status,,,,,,,,LOST,,
17.6231,target,1791287069431292160,0.00000,0.00000,0.000000,565.8173,,,,,
17.6555,target,1791287069464650496,0.00000,0.00000,0.000000,565.8163,,,,,
17.6624,cmd,,,,,,0.00000,0.00000,,,
17.6632,status,,,,,,,,LOST,,
17.6883,target,1791287069498008832,0.00000,0.00000,0.000000,565.8158,,,,,
17.7129,cmd,,,,,,0.00000,0.00000,,,
17.7133,status,,,,,,,,LOST,,
17.7226,target,1791287069531366912,0.00000,0.00000,0.000000,565.8167,,,,,
17.7574,target,1791287069564724992,0.00000,0.00000,0.000000,565.8181,,,,,
17.7625,cmd,,,,,,0.00000,0.00000,,,
17.7626,status,,,,,,,,LOST,,
17.7884,target,1791287069598083328,0.00000,0.00000,0.000000,565.8159,,,,,
17.8128,cmd,,,,,,0.00000,0.00000,,,
17.8129,status,,,,,,,,LOST,,
17.8229,target,1791287069631441664,0.00000,0.00000,0.000000,565.8169,,,,,
17.8566,target,1791287069664799744,0.00000,0.00000,0.000000,565.8173,,,,,
17.8624,cmd,,,,,,0.00000,0.00000,,,
17.8626,status,,,,,,,,LOST,,
17.8859,target,1791287069698158080,0.00000,0.00000,0.000000,565.8132,,,,,
17.9132,cmd,,,,,,0.00000,0.00000,,,
17.9133,status,,,,,,,,LOST,,
17.9236,target,1791287069731516416,0.00000,0.00000,0.000000,565.8175,,,,,
17.9584,target,1791287069764874496,0.00000,0.00000,0.000000,565.8190,,,,,
17.9624,cmd,,,,,,0.00000,0.00000,,,
17.9632,status,,,,,,,,LOST,,
17.9886,target,1791287069798232576,0.00000,0.00000,0.000000,565.8159,,,,,
18.0129,cmd,,,,,,0.00000,0.00000,,,
18.0130,status,,,,,,,,LOST,,
18.0236,target,1791287069831591168,0.00000,0.00000,0.000000,565.8175,,,,,
18.0345,joint,,,,,,,,,0.36048,0.45406
18.0580,target,1791287069864949248,0.00000,0.00000,0.000000,565.8185,,,,,
18.0623,cmd,,,,,,0.00000,0.00000,,,
18.0625,status,,,,,,,,LOST,,
18.0892,target,1791287069898307328,0.00000,0.00000,0.000000,565.8163,,,,,
18.1128,cmd,,,,,,0.00000,0.00000,,,
18.1129,status,,,,,,,,LOST,,
18.1230,target,1791287069931665664,0.00000,0.00000,0.000000,565.8168,,,,,
18.1582,target,1791287069965024000,0.00000,0.00000,0.000000,565.8187,,,,,
18.1623,cmd,,,,,,0.00000,0.00000,,,
18.1624,status,,,,,,,,LOST,,
18.1889,target,1791287069998382080,0.00000,0.00000,0.000000,565.8160,,,,,
18.2127,cmd,,,,,,0.00000,0.00000,,,
18.2129,status,,,,,,,,LOST,,
18.2221,target,1791287070031740416,0.00000,0.00000,0.000000,565.8158,,,,,
18.2598,target,1791287070065098752,0.00000,0.00000,0.000000,565.8202,,,,,
18.2624,cmd,,,,,,0.00000,0.00000,,,
18.2625,status,,,,,,,,LOST,,
18.2886,target,1791287070098456832,0.00000,0.00000,0.000000,565.8156,,,,,
18.3144,cmd,,,,,,0.00000,0.00000,,,
18.3145,status,,,,,,,,LOST,,
18.3231,target,1791287070131815168,0.00000,0.00000,0.000000,565.8167,,,,,
18.3572,target,1791287070165173248,0.00000,0.00000,0.000000,565.8175,,,,,
18.3623,cmd,,,,,,0.00000,0.00000,,,
18.3624,status,,,,,,,,LOST,,
18.3892,target,1791287070198532096,0.00000,0.00000,0.000000,565.8162,,,,,
18.4132,cmd,,,,,,0.00000,0.00000,,,
18.4134,status,,,,,,,,LOST,,
18.4237,target,1791287070231890688,0.00000,0.00000,0.000000,565.8173,,,,,
18.4579,target,1791287070265249280,0.00000,0.00000,0.000000,565.8181,,,,,
18.4624,cmd,,,,,,0.00000,0.00000,,,
18.4625,status,,,,,,,,LOST,,
18.4889,target,1791287070298607872,0.00000,0.00000,0.000000,565.8158,,,,,
18.5144,cmd,,,,,,0.00000,0.00000,,,
18.5145,status,,,,,,,,LOST,,
18.5248,target,1791287070331966464,0.00000,0.00000,0.000000,565.8183,,,,,
18.5542,joint,,,,,,,,,0.36048,0.45406
18.5573,target,1791287070365325312,0.00000,0.00000,0.000000,565.8175,,,,,
18.5624,cmd,,,,,,0.00000,0.00000,,,
18.5625,status,,,,,,,,LOST,,
18.5890,target,1791287070398683904,0.00000,0.00000,0.000000,565.8158,,,,,
18.6138,cmd,,,,,,0.00000,0.00000,,,
18.6142,status,,,,,,,,LOST,,
18.6247,target,1791287070432042496,0.00000,0.00000,0.000000,565.8181,,,,,
18.6573,target,1791287070465401344,0.00000,0.00000,0.000000,565.8174,,,,,
18.6624,cmd,,,,,,0.00000,0.00000,,,
18.6625,status,,,,,,,,LOST,,
18.6888,target,1791287070498759936,0.00000,0.00000,0.000000,565.8156,,,,,
18.7144,cmd,,,,,,0.00000,0.00000,,,
18.7146,status,,,,,,,,LOST,,
18.7238,target,1791287070532118528,0.00000,0.00000,0.000000,565.8171,,,,,
18.7564,target,1791287070565477376,0.00000,0.00000,0.000000,565.8164,,,,,
18.7624,cmd,,,,,,0.00000,0.00000,,,
18.7626,status,,,,,,,,LOST,,
18.7905,target,1791287070598836224,0.00000,0.00000,0.000000,565.8171,,,,,
18.8144,cmd,,,,,,0.00000,0.00000,,,
18.8145,status,,,,,,,,LOST,,
18.8238,target,1791287070632194816,0.00000,0.00000,0.000000,565.8171,,,,,
18.8589,target,1791287070665553408,0.00000,0.00000,0.000000,565.8189,,,,,
18.8622,cmd,,,,,,0.00000,0.00000,,,
18.8624,status,,,,,,,,LOST,,
18.8896,target,1791287070698912000,0.00000,0.00000,0.000000,565.8162,,,,,
18.9144,cmd,,,,,,0.00000,0.00000,,,
18.9145,status,,,,,,,,LOST,,
18.9225,target,1791287070732271104,0.00000,0.00000,0.000000,565.8157,,,,,
18.9589,target,1791287070765629696,0.00000,0.00000,0.000000,565.8188,,,,,
18.9622,cmd,,,,,,0.00000,0.00000,,,
18.9626,status,,,,,,,,LOST,,
18.9896,target,1791287070798988544,0.00000,0.00000,0.000000,565.8162,,,,,
19.0140,cmd,,,,,,0.00000,0.00000,,,
19.0143,status,,,,,,,,LOST,,
19.0245,target,1791287070832347136,0.00000,0.00000,0.000000,565.8176,,,,,
19.0569,joint,,,,,,,,,0.36048,0.45406
19.0608,target,1791287070865705728,0.00000,0.00000,0.000000,565.8206,,,,,
19.0631,cmd,,,,,,0.00000,0.00000,,,
19.0632,status,,,,,,,,LOST,,
19.0902,target,1791287070899064576,0.00000,0.00000,0.000000,565.8166,,,,,
19.1143,cmd,,,,,,0.00000,0.00000,,,
19.1144,status,,,,,,,,LOST,,
19.1262,target,1791287070932423424,0.00000,0.00000,0.000000,565.8193,,,,,
19.1611,target,1791287070965782272,0.00000,0.00000,0.000000,565.8208,,,,,
19.1630,cmd,,,,,,0.00000,0.00000,,,
19.1641,status,,,,,,,,LOST,,
19.1905,target,1791287070999140864,0.00000,0.00000,0.000000,565.8169,,,,,
19.2143,cmd,,,,,,0.00000,0.00000,,,
19.2151,status,,,,,,,,LOST,,
19.2248,target,1791287071032499712,0.00000,0.00000,0.000000,565.8178,,,,,
19.2593,target,1791287071065858560,0.00000,0.00000,0.000000,565.8189,,,,,
19.2622,cmd,,,,,,0.00000,0.00000,,,
19.2623,status,,,,,,,,LOST,,
19.2900,target,1791287071099217408,0.00000,0.00000,0.000000,565.8163,,,,,
19.3138,cmd,,,,,,0.00000,0.00000,,,
19.3139,status,,,,,,,,LOST,,
19.3246,target,1791287071132576256,0.00000,0.00000,0.000000,565.8176,,,,,
19.3583,target,1791287071165934848,0.00000,0.00000,0.000000,565.8178,,,,,
19.3623,cmd,,,,,,0.00000,0.00000,,,
19.3624,status,,,,,,,,LOST,,
19.3914,target,1791287071199291648,0.00000,0.00000,0.000000,565.8176,,,,,
19.4131,cmd,,,,,,0.00000,0.00000,,,
19.4142,status,,,,,,,,LOST,,
19.4242,target,1791287071232648704,0.00000,0.00000,0.000000,565.8170,,,,,
19.4542,target,1791287071266005248,0.00000,0.00000,0.000000,565.8137,,,,,
19.4627,cmd,,,,,,0.00000,0.00000,,,
19.4628,status,,,,,,,,LOST,,
19.4862,target,1791287071299362304,0.00000,0.00000,0.000000,565.8123,,,,,
19.5142,cmd,,,,,,0.00000,0.00000,,,
19.5142,status,,,,,,,,LOST,,
19.5221,target,1791287071332719104,0.00000,0.00000,0.000000,565.8149,,,,,
19.5582,target,1791287071366075904,0.00000,0.00000,0.000000,565.8176,,,,,
19.5621,cmd,,,,,,0.00000,0.00000,,,
19.5622,status,,,,,,,,LOST,,
19.5750,joint,,,,,,,,,0.36048,0.45406
19.5937,target,1791287071399432704,0.00000,0.00000,0.000000,565.8198,,,,,
19.6141,cmd,,,,,,0.00000,0.00000,,,
19.6142,status,,,,,,,,LOST,,
19.6270,target,1791287071432789504,0.00000,0.00000,0.000000,565.8197,,,,,
19.6607,target,1791287071466146304,0.00000,0.00000,0.000000,565.8201,,,,,
19.6632,cmd,,,,,,0.00000,0.00000,,,
19.6633,status,,,,,,,,LOST,,
19.6945,target,1791287071499503104,0.00000,0.00000,0.000000,565.8205,,,,,
19.7144,cmd,,,,,,0.00000,0.00000,,,
19.7183,status,,,,,,,,LOST,,
19.7264,target,1791287071532859904,0.00000,0.00000,0.000000,565.8190,,,,,
19.7618,target,1791287071566216448,0.00000,0.00000,0.000000,565.8211,,,,,
19.7627,cmd,,,,,,0.00000,0.00000,,,
19.7629,status,,,,,,,,LOST,,
19.7944,target,1791287071599573504,0.00000,0.00000,0.000000,565.8204,,,,,
19.8156,cmd,,,,,,0.00000,0.00000,,,
19.8158,status,,,,,,,,LOST,,
19.8281,target,1791287071632930048,0.00000,0.00000,0.000000,565.8207,,,,,
19.8644,target,1791287071666286848,0.00000,0.00000,0.000000,565.8236,,,,,
19.8645,cmd,,,,,,0.00000,0.00000,,,
19.8646,status,,,,,,,,LOST,,
19.8942,target,1791287071699643904,0.00000,0.00000,0.000000,565.8200,,,,,
19.9145,cmd,,,,,,0.00000,0.00000,,,
19.9149,status,,,,,,,,LOST,,
19.9284,target,1791287071733000448,0.00000,0.00000,0.000000,565.8209,,,,,
19.9629,target,1791287071766357248,0.00000,0.00000,0.000000,565.8221,,,,,
19.9630,cmd,,,,,,0.00000,0.00000,,,
19.9631,status,,,,,,,,LOST,,
19.9962,target,1791287071799713792,0.00000,0.00000,0.000000,565.8220,,,,,
20.0141,cmd,,,,,,0.00000,0.00000,,,
20.0143,status,,,,,,,,LOST,,
20.0289,target,1791287071833070592,0.00000,0.00000,0.000000,565.8213,,,,,
20.0645,target,1791287071866427392,0.00000,0.00000,0.000000,565.8236,,,,,
20.0646,cmd,,,,,,0.00000,0.00000,,,
20.0662,status,,,,,,,,LOST,,
20.0951,target,1791287071899784192,0.00000,0.00000,0.000000,565.8208,,,,,
20.0953,joint,,,,,,,,,0.36048,0.45406
20.1143,cmd,,,,,,0.00000,0.00000,,,
20.1145,status,,,,,,,,LOST,,
20.1262,target,1791287071933140992,0.00000,0.00000,0.000000,565.8186,,,,,
20.1625,target,1791287071966497536,0.00000,0.00000,0.000000,565.8215,,,,,
20.1628,cmd,,,,,,0.00000,0.00000,,,
20.1642,status,,,,,,,,LOST,,
20.1962,target,1791287071999854336,0.00000,0.00000,0.000000,565.8218,,,,,
20.2149,cmd,,,,,,0.00000,0.00000,,,
20.2150,status,,,,,,,,LOST,,
20.2291,target,1791287072033210880,0.00000,0.00000,0.000000,565.8214,,,,,
20.2613,target,1791287072066567680,0.00000,0.00000,0.000000,565.8202,,,,,
20.2624,cmd,,,,,,0.00000,0.00000,,,
20.2625,status,,,,,,,,LOST,,
20.2946,target,1791287072099924224,0.00000,0.00000,0.000000,565.8202,,,,,
20.3131,cmd,,,,,,0.00000,0.00000,,,
20.3133,status,,,,,,,,LOST,,
20.3259,target,1791287072133281024,0.00000,0.00000,0.000000,565.8181,,,,,
20.3624,target,1791287072166637568,0.00000,0.00000,0.000000,565.8212,,,,,
20.3627,cmd,,,,,,0.00000,0.00000,,,
20.3628,status,,,,,,,,LOST,,
20.3945,target,1791287072199994624,0.00000,0.00000,0.000000,565.8200,,,,,
20.4153,cmd,,,,,,0.00000,0.00000,,,
20.4155,status,,,,,,,,LOST,,
20.4288,target,1791287072233351680,0.00000,0.00000,0.000000,565.8209,,,,,
20.4626,cmd,,,,,,0.00000,0.00000,,,
20.4646,target,1791287072266708480,0.00000,0.00000,0.000000,565.8234,,,,,
20.4647,status,,,,,,,,LOST,,
20.4965,target,1791287072300065536,0.00000,0.00000,0.000000,565.8219,,,,,
20.5145,cmd,,,,,,0.00000,0.00000,,,
20.5149,status,,,,,,,,LOST,,
20.5287,target,1791287072333422336,0.00000,0.00000,0.000000,565.8208,,,,,
20.5626,cmd,,,,,,0.00000,0.00000,,,
20.5631,status,,,,,,,,LOST,,
20.5647,target,1791287072366779392,0.00000,0.00000,0.000000,565.8234,,,,,
20.5946,target,1791287072400136192,0.00000,0.00000,0.000000,565.8200,,,,,
20.6154,cmd,,,,,,0.00000,0.00000,,,
20.6155,status,,,,,,,,LOST,,
20.6161,joint,,,,,,,,,0.36048,0.45406
20.6296,target,1791287072433493248,0.00000,0.00000,0.000000,565.8216,,,,,
20.6626,target,1791287072466849792,0.00000,0.00000,0.000000,565.8213,,,,,
20.6631,cmd,,,,,,0.00000,0.00000,,,
20.6632,status,,,,,,,,LOST,,
20.6961,target,1791287072500206848,0.00000,0.00000,0.000000,565.8214,,,,,
20.7167,cmd,,,,,,0.00000,0.00000,,,
20.7168,status,,,,,,,,LOST,,
20.7294,target,1791287072533563648,0.00000,0.00000,0.000000,565.8214,,,,,
20.7629,cmd,,,,,,0.00000,0.00000,,,
20.7633,target,1791287072566920704,0.00000,0.00000,0.000000,565.8219,,,,,
20.7634,status,,,,,,,,LOST,,
20.7963,target,1791287072600277504,0.00000,0.00000,0.000000,565.8215,,,,,
20.8164,cmd,,,,,,0.00000,0.00000,,,
20.8165,status,,,,,,,,LOST,,
20.8326,target,1791287072633634304,0.00000,0.00000,0.000000,565.8245,,,,,
20.8633,cmd,,,,,,0.00000,0.00000,,,
20.8634,status,,,,,,,,LOST,,
20.8643,target,1791287072666991104,0.00000,0.00000,0.000000,565.8228,,,,,
20.8987,target,1791287072700348160,0.22811,0.96632,0.004366,565.8239,,,,,
20.9143,cmd,,,,,,0.00000,0.00000,,,
20.9145,status,,,,,,,,LOST,,
20.9282,target,1791287072733704960,0.23642,0.94930,0.007109,565.8200,,,,,
20.9628,cmd,,,,,,0.00000,0.00000,,,
20.9642,target,1791287072767061760,0.24223,0.93343,0.009670,565.8226,,,,,
20.9643,status,,,,,,,,LOST,,
20.9959,target,1791287072800418816,0.24691,0.91792,0.012155,565.8210,,,,,
21.0146,cmd,,,,,,-0.37037,-0.40000,,,
21.0150,status,,,,,,,,TRACKING,,
21.0305,target,1791287072833775616,0.24671,0.90674,0.013958,565.8223,,,,,
21.0642,target,1791287072867132416,0.24692,0.89772,0.015428,565.8226,,,,,
21.0643,cmd,,,,,,-0.37006,-0.40000,,,
21.0644,status,,,,,,,,TRACKING,,
21.0992,target,1791287072900489216,0.24572,0.89227,0.016285,565.8242,,,,,
21.1193,cmd,,,,,,-0.36858,-0.40000,,,
21.1195,status,,,,,,,,TRACKING,,
21.1326,target,1791287072933846016,0.24354,0.88680,0.017214,565.8243,,,,,
21.1336,joint,,,,,,,,,0.36048,0.45406
21.1630,cmd,,,,,,-0.36531,-0.40000,,,
21.1631,status,,,,,,,,TRACKING,,
21.1642,target,1791287072967202816,0.24222,0.88139,0.018058,565.8225,,,,,
21.1959,target,1791287073000559616,0.24193,0.87512,0.019058,565.8209,,,,,
21.2153,cmd,,,,,,-0.36290,-0.40000,,,
21.2154,status,,,,,,,,TRACKING,,
21.2305,target,1791287073033916416,0.24036,0.86623,0.020623,565.8221,,,,,
21.2630,cmd,,,,,,-0.36054,-0.40000,,,
21.2632,status,,,,,,,,TRACKING,,
21.2635,target,1791287073067273216,0.24094,0.84188,0.023049,565.8217,,,,,
21.2977,target,1791287073100630016,0.23790,0.79952,0.021927,565.8225,,,,,
21.3154,cmd,,,,,,-0.35685,-0.40000,,,
21.3155,status,,,,,,,,TRACKING,,
21.3295,target,1791287073133986816,0.23142,0.74844,0.021493,565.8210,,,,,
21.3630,cmd,,,,,,-0.34713,-0.40000,,,
21.3631,status,,,,,,,,TRACKING,,
21.3635,target,1791287073167343872,0.22144,0.69774,0.021172,565.8216,,,,,
21.3989,target,1791287073200700672,0.21033,0.63829,0.020870,565.8237,,,,,
21.4133,cmd,,,,,,-0.31550,-0.40000,,,
21.4142,status,,,,,,,,TRACKING,,
21.4284,target,1791287073234057728,0.19897,0.57839,0.020493,565.8198,,,,,
21.4627,cmd,,,,,,-0.29845,-0.40000,,,
21.4628,status,,,,,,,,TRACKING,,
21.4670,target,1791287073267414528,0.18415,0.51888,0.020343,565.8250,,,,,
21.4960,target,1791287073300771840,0.16917,0.46717,0.020247,565.8207,,,,,
21.5152,cmd,,,,,,-0.25376,-0.37374,,,
21.5153,status,,,,,,,,TRACKING,,
21.5299,target,1791287073334128640,0.15221,0.41980,0.020171,565.8213,,,,,
21.5645,target,1791287073367485696,0.13496,0.38626,0.020588,565.8225,,,,,
21.5646,cmd,,,,,,-0.22832,-0.33584,,,
21.5647,status,,,,,,,,TRACKING,,
21.5989,target,1791287073400842496,0.11885,0.36144,0.020809,565.8236,,,,,
21.6140,cmd,,,,,,-0.17827,-0.28915,,,
21.6149,status,,,,,,,,TRACKING,,
21.6295,target,1791287073434199552,0.10385,0.34470,0.020955,565.8208,,,,,
21.6537,joint,,,,,,,,,0.23317,0.31907
21.6643,cmd,,,,,,-0.15578,-0.27576,,,
21.6645,status,,,,,,,,TRACKING,,
21.6649,target,1791287073467556352,0.09116,0.33461,0.021016,565.8228,,,,,
21.6989,target,1791287073500913408,0.07948,0.33510,0.020822,565.8235,,,,,
21.7143,cmd,,,,,,-0.11922,-0.26808,,,
21.7144,status,,,,,,,,TRACKING,,
21.7293,target,1791287073534270208,0.07027,0.33604,0.021031,565.8206,,,,,
21.7626,cmd,,,,,,-0.10540,-0.26883,,,
21.7632,status,,,,,,,,TRACKING,,
21.7660,target,1791287073567627264,0.06442,0.34305,0.021259,565.8239,,,,,
21.7982,target,1791287073600984064,0.05903,0.35222,0.021176,565.8227,,,,,
21.8141,cmd,,,,,,-0.08854,-0.28178,,,
21.8148,status,,,,,,,,TRACKING,,
21.8297,target,1791287073634341120,0.05461,0.36023,0.021361,565.8208,,,,,
21.8630,cmd,,,,,,-0.08191,-0.28818,,,
21.8631,status,,,,,,,,TRACKING,,
21.8654,target,1791287073667697920,0.04640,0.36619,0.021573,565.8232,,,,,
21.8979,target,1791287073701054976,0.04211,0.37612,0.021838,565.8224,,,,,
21.9158,cmd,,,,,,0.00000,-0.30090,,,
21.9167,status,,,,,,,,TRACKING,,
21.9325,target,1791287073734411776,0.03869,0.38984,0.021884,565.8236,,,,,
21.9628,cmd,,,,,,0.00000,-0.31187,,,
21.9630,status,,,,,,,,TRACKING,,
21.9643,target,1791287073767768832,0.03697,0.40660,0.021966,565.8221,,,,,
21.9992,target,1791287073801125632,0.03718,0.42526,0.022311,565.8235,,,,,
22.0140,cmd,,,,,,0.00000,-0.34021,,,
22.0145,status,,,,,,,,TRACKING,,
22.0294,target,1791287073834482688,0.04045,0.43973,0.022248,565.8204,,,,,
22.0634,cmd,,,,,,0.00000,-0.35179,,,
22.0636,status,,,,,,,,TRACKING,,
22.0666,target,1791287073867839488,0.04595,0.45470,0.022174,565.8243,,,,,
22.0961,target,1791287073901196544,0.05336,0.46475,0.021912,565.8204,,,,,
22.1142,cmd,,,,,,-0.08004,-0.37180,,,
22.1146,status,,,,,,,,TRACKING,,
22.1302,target,1791287073934553344,0.06393,0.47115,0.021549,565.8211,,,,,
22.1644,target,1791287073967910400,0.07811,0.47479,0.021326,565.8220,,,,,
22.1646,cmd,,,,,,-0.09589,-0.37692,,,
22.1647,status,,,,,,,,TRACKING,,
22.1751,joint,,,,,,,,,0.13806,0.14726
22.1992,target,1791287074001267456,0.09221,0.47892,0.021157,565.8234,,,,,
22.2144,cmd,,,,,,-0.13831,-0.38313,,,
22.2145,status,,,,,,,,TRACKING,,
22.2288,target,1791287074034624000,0.10768,0.48341,0.021066,565.8196,,,,,
22.2631,cmd,,,,,,-0.16152,-0.38673,,,
22.2639,status,,,,,,,,TRACKING,,
22.2653,target,1791287074067981056,0.12132,0.48598,0.020918,565.8228,,,,,
22.2976,target,1791287074101337856,0.13422,0.48488,0.020703,565.8218,,,,,
22.3150,cmd,,,,,,-0.20132,-0.38790,,,
22.3156,status,,,,,,,,TRACKING,,
22.3311,target,1791287074134694912,0.14674,0.48312,0.020692,565.8219,,,,,
22.3631,cmd,,,,,,-0.22012,-0.38650,,,
22.3652,status,,,,,,,,TRACKING,,
22.3661,target,1791287074168051456,0.15529,0.47736,0.020482,565.8235,,,,,
22.3980,target,1791287074201410560,0.16072,0.46647,0.020206,565.8221,,,,,
22.4153,cmd,,,,,,-0.24108,-0.37318,,,
22.4155,status,,,,,,,,TRACKING,,
22.4310,target,1791287074234769408,0.16327,0.45595,0.020061,565.8217,,,,,
22.4644,cmd,,,,,,-0.24490,-0.36476,,,
22.4645,status,,,,,,,,TRACKING,,
22.4686,target,1791287074268128512,0.16280,0.44799,0.020061,565.8260,,,,,
22.4958,target,1791287074301487616,0.15822,0.43666,0.020102,565.8198,,,,,
22.5159,cmd,,,,,,-0.23733,-0.34933,,,
22.5161,status,,,,,,,,TRACKING,,
22.5312,target,1791287074334846464,0.15024,0.42639,0.020197,565.8219,,,,,
22.5629,cmd,,,,,,-0.22536,-0.34111,,,
22.5632,status,,,,,,,,TRACKING,,
22.5656,target,1791287074368205312,0.14103,0.41286,0.020371,565.8229,,,,,
22.5992,target,1791287074401564416,0.13338,0.39911,0.020438,565.8231,,,,,
22.6143,cmd,,,,,,-0.20006,-0.31928,,,
22.6144,status,,,,,,,,TRACKING,,
22.6287,target,1791287074434923264,0.12665,0.37858,0.020297,565.8193,,,,,
22.6644,cmd,,,,,,-0.18998,-0.30286,,,
22.6645,status,,,,,,,,TRACKING,,
22.6677,target,1791287074468282368,0.12207,0.35319,0.020020,565.8249,,,,,
22.6771,joint,,,,,,,,,0.11658,-0.01534
22.6997,target,1791287074501641472,0.11851,0.32699,0.019898,565.8235,,,,,
22.7163,cmd,,,,,,-0.17777,-0.26159,,,
22.7164,status,,,,,,,,TRACKING,,
22.7308,target,1791287074535000576,0.11575,0.29578,0.019794,565.8213,,,,,
22.7649,cmd,,,,,,-0.17362,-0.23662,,,
22.7650,status,,,,,,,,TRACKING,,
22.7665,target,1791287074568359680,0.11357,0.26663,0.019729,565.8237,,,,,
22.8000,target,1791287074601718528,0.11316,0.23716,0.019605,565.8237,,,,,
22.8141,cmd,,,,,,-0.16974,-0.18973,,,
22.8145,status,,,,,,,,TRACKING,,
22.8305,target,1791287074635077632,0.11968,0.20638,0.019247,565.8209,,,,,
22.8643,cmd,,,,,,-0.17952,-0.16510,,,
22.8645,status,,,,,,,,TRACKING,,
22.8649,target,1791287074668436736,0.12899,0.16771,0.018867,565.8219,,,,,
22.8979,target,1791287074701795584,0.13879,0.12637,0.018559,565.8216,,,,,
22.9162,cmd,,,,,,-0.20819,-0.10109,,,
22.9163,status,,,,,,,,TRACKING,,
22.9319,target,1791287074735154688,0.15090,0.08806,0.017986,565.8222,,,,,
22.9629,cmd,,,,,,-0.22634,-0.07045,,,
22.9632,status,,,,,,,,TRACKING,,
22.9663,target,1791287074768513792,0.16412,0.05043,0.017476,565.8233,,,,,
22.9988,target,1791287074801873152,0.17764,0.01470,0.017064,565.8225,,,,,
23.0151,cmd,,,,,,-0.26646,0.00000,,,
23.0163,status,,,,,,,,TRACKING,,
23.0322,target,1791287074835232256,0.19157,-0.02393,0.016324,565.8224,,,,,
23.0627,cmd,,,,,,-0.28735,0.00000,,,
23.0629,status,,,,,,,,TRACKING,,
23.0665,target,1791287074868591360,0.20639,-0.06330,0.016022,565.8234,,,,,
23.0990,target,1791287074901950464,0.22036,-0.09967,0.015985,565.8225,,,,,
23.1158,cmd,,,,,,-0.33054,0.07974,,,
23.1162,status,,,,,,,,TRACKING,,
23.1332,target,1791287074935309568,0.23360,-0.13101,0.016298,565.8234,,,,,
23.1628,cmd,,,,,,-0.35040,0.10481,,,
23.1630,status,,,,,,,,TRACKING,,
23.1667,target,1791287074968668672,0.24426,-0.15444,0.016645,565.8236,,,,,
23.1940,joint,,,,,,,,,0.02915,-0.17027
23.1974,target,1791287075002027776,0.25217,-0.17132,0.017086,565.8209,,,,,
23.2164,cmd,,,,,,-0.37826,0.13705,,,
23.2168,status,,,,,,,,TRACKING,,
23.2325,target,1791287075035387136,0.26186,-0.18509,0.016962,565.8226,,,,,
23.2629,cmd,,,,,,-0.39280,0.14807,,,
23.2630,status,,,,,,,,TRACKING,,
23.2674,target,1791287075068746240,0.27195,-0.19640,0.017387,565.8242,,,,,
23.2980,target,1791287075102105344,0.28225,-0.21060,0.016712,565.8214,,,,,
23.3145,cmd,,,,,,-0.42338,0.16848,,,
23.3155,status,,,,,,,,TRACKING,,
23.3320,target,1791287075135464704,0.29304,-0.22297,0.017426,565.8220,,,,,
23.3627,cmd,,,,,,-0.43956,0.17837,,,
23.3632,status,,,,,,,,TRACKING,,
23.3661,target,1791287075168824064,0.30401,-0.23944,0.017669,565.8227,,,,,
23.3988,target,1791287075202181120,0.31469,-0.25231,0.017602,565.8221,,,,,
23.4156,cmd,,,,,,-0.47204,0.20184,,,
23.4157,status,,,,,,,,TRACKING,,
23.4303,target,1791287075235538688,0.32539,-0.27117,0.018040,565.8202,,,,,
23.4627,cmd,,,,,,-0.48808,0.21693,,,
23.4631,status,,,,,,,,TRACKING,,
23.4662,target,1791287075268896000,0.33624,-0.28658,0.018216,565.8228,,,,,
23.4978,target,1791287075302253056,0.34690,-0.30020,0.018088,565.8210,,,,,
23.5161,cmd,,,,,,-0.52035,0.24016,,,
23.5164,status,,,,,,,,TRACKING,,
23.5336,target,1791287075335610624,0.35631,-0.31573,0.018023,565.8234,,,,,
23.5633,cmd,,,,,,-0.53446,0.25258,,,
23.5634,status,,,,,,,,TRACKING,,
23.5638,target,1791287075368967936,0.36230,-0.32787,0.018158,565.8204,,,,,
23.6001,target,1791287075402325504,0.36572,-0.33758,0.018186,565.8233,,,,,
23.6141,cmd,,,,,,-0.54858,0.27007,,,
23.6144,status,,,,,,,,TRACKING,,
23.6301,target,1791287075435682560,0.37048,-0.34181,0.018003,565.8199,,,,,
23.6627,cmd,,,,,,-0.55572,0.27345,,,
23.6628,status,,,,,,,,TRACKING,,
23.6662,target,1791287075469040128,0.37231,-0.34613,0.017595,565.8226,,,,,
23.6943,joint,,,,,,,,,-0.11045,-0.14573
23.7009,target,1791287075502397440,0.37233,-0.35391,0.017331,565.8240,,,,,
23.7149,cmd,,,,,,-0.55849,0.28312,,,
23.7172,status,,,,,,,,TRACKING,,
23.7301,target,1791287075535754752,0.37053,-0.35862,0.017125,565.8199,,,,,
23.7629,cmd,,,,,,-0.55579,0.28690,,,
23.7630,status,,,,,,,,TRACKING,,
23.7672,target,1791287075569112064,0.36572,-0.36116,0.016819,565.8236,,,,,
23.7988,target,1791287075602469376,0.35947,-0.35564,0.016380,565.8218,,,,,
23.8148,cmd,,,,,,-0.53921,0.28451,,,
23.8157,status,,,,,,,,TRACKING,,
23.8318,target,1791287075635826944,0.35435,-0.35196,0.016026,565.8215,,,,,
23.8629,cmd,,,,,,-0.53152,0.28157,,,
23.8630,status,,,,,,,,TRACKING,,
23.8679,target,1791287075669184000,0.34893,-0.35071,0.015731,565.8242,,,,,
23.8989,target,1791287075702541568,0.34593,-0.35312,0.015263,565.8219,,,,,
23.9142,cmd,,,,,,-0.51889,0.28249,,,
23.9166,status,,,,,,,,TRACKING,,
23.9299,target,1791287075735898880,0.33982,-0.35345,0.015089,565.8195,,,,,
23.9627,cmd,,,,,,-0.50973,0.28276,,,
23.9645,status,,,,,,,,TRACKING,,
23.9673,target,1791287075769256192,0.32884,-0.34866,0.014462,565.8236,,,,,
23.9999,target,1791287075802613504,0.31038,-0.33279,0.014010,565.8228,,,,,
24.0141,cmd,,,,,,-0.46557,0.26623,,,
24.0147,status,,,,,,,,TRACKING,,
24.0308,target,1791287075835971072,0.29055,-0.31508,0.013557,565.8203,,,,,
24.0628,cmd,,,,,,-0.43583,0.25207,,,
24.0631,status,,,,,,,,TRACKING,,
24.0673,target,1791287075869328384,0.26599,-0.29165,0.013125,565.8235,,,,,
24.0988,target,1791287075902685440,0.23801,-0.26652,0.013075,565.8216,,,,,
24.1181,cmd,,,,,,-0.35701,0.21322,,,
24.1183,status,,,,,,,,TRACKING,,
24.1328,target,1791287075936043008,0.20706,-0.24150,0.012828,565.8222,,,,,
24.1631,cmd,,,,,,-0.31059,0.19320,,,
24.1632,status,,,,,,,,TRACKING,,
24.1698,target,1791287075969400320,0.17251,-0.21364,0.012873,565.8259,,,,,
24.1978,target,1791287076002757888,0.13433,-0.18507,0.013153,565.8205,,,,,
24.2143,cmd,,,,,,-0.20150,0.14805,,,
24.2162,status,,,,,,,,TRACKING,,
24.2164,joint,,,,,,,,,-0.35588,-0.02148
24.2296,target,1791287076036114944,0.09445,-0.15644,0.013407,565.8190,,,,,
24.2629,cmd,,,,,,-0.14167,0.12515,,,
24.2653,status,,,,,,,,TRACKING,,
24.2672,target,1791287076069472512,0.05155,-0.13355,0.013767,565.8232,,,,,
24.2990,target,1791287076102829824,0.00701,-0.10746,0.014147,565.8217,,,,,
24.3154,cmd,,,,,,0.00000,0.08597,,,
24.3157,status,,,,,,,,TRACKING,,
24.3311,target,1791287076136187136,-0.03918,-0.08200,0.014664,565.8204,,,,,
24.3630,cmd,,,,,,0.00000,0.06560,,,
24.3631,status,,,,,,,,TRACKING,,
24.3667,target,1791287076169544448,-0.08759,-0.05597,0.015117,565.8227,,,,,
24.4016,target,1791287076202902272,-0.13629,-0.03094,0.015773,565.8242,,,,,
24.4144,cmd,,,,,,0.20443,0.00000,,,
24.4153,status,,,,,,,,TRACKING,,
24.4325,target,1791287076236260096,-0.18538,-0.00408,0.016474,565.8217,,,,,
24.4644,cmd,,,,,,0.27807,0.00000,,,
24.4645,status,,,,,,,,TRACKING,,
24.4697,target,1791287076269617920,-0.23833,0.02161,0.017595,565.8256,,,,,
24.4980,target,1791287076302975488,-0.28783,0.04790,0.018930,565.8205,,,,,
24.5142,cmd,,,,,,0.43174,0.00000,,,
24.5153,status,,,,,,,,TRACKING,,
24.5337,target,1791287076336333568,-0.33392,0.06744,0.020310,565.8229,,,,,
24.5631,cmd,,,,,,0.50089,-0.05396,,,
24.5632,status,,,,,,,,TRACKING,,
24.5685,target,1791287076369691136,-0.37657,0.08383,0.021849,565.8243,,,,,
24.5988,target,1791287076403048960,-0.42229,0.09569,0.023366,565.8213,,,,,
24.6146,cmd,,,,,,0.60000,-0.07655,,,
24.6163,status,,,,,,,,TRACKING,,
24.6344,target,1791287076436406784,-0.46774,0.11030,0.024952,565.8235,,,,,
24.6627,cmd,,,,,,0.60000,-0.08824,,,
24.6629,status,,,,,,,,TRACKING,,
24.6673,target,1791287076469764608,-0.50776,0.11398,0.026556,565.8230,,,,,
24.6937,joint,,,,,,,,,-0.45559,0.05062
24.6994,target,1791287076503122432,-0.54723,0.12547,0.028040,565.8217,,,,,
24.7163,cmd,,,,,,0.60000,-0.10038,,,
24.7164,status,,,,,,,,TRACKING,,
24.7334,target,1791287076536480256,-0.58403,0.13154,0.029937,565.8224,,,,,
24.7627,cmd,,,,,,0.60000,-0.10523,,,
24.7654,status,,,,,,,,TRACKING,,
24.7672,target,1791287076569838080,-0.61462,0.13373,0.031278,565.8229,,,,,
24.8002,target,1791287076603195904,-0.64075,0.13227,0.033036,565.8225,,,,,
24.8145,cmd,,,,,,0.60000,-0.10582,,,
24.8161,status,,,,,,,,TRACKING,,
24.8333,target,1791287076636553728,-0.65883,0.13098,0.034507,565.8223,,,,,
24.8628,cmd,,,,,,0.60000,-0.10479,,,
24.8629,status,,,,,,,,TRACKING,,
24.8675,target,1791287076669911552,-0.66984,0.12794,0.035243,565.8231,,,,,
24.8991,target,1791287076703269376,-0.67303,0.12560,0.035697,565.8213,,,,,
24.9177,cmd,,,,,,0.60000,-0.10048,,,
24.9181,status,,,,,,,,TRACKING,,
24.9324,target,1791287076736627200,-0.67303,0.11609,0.036079,565.8213,,,,,
24.9629,cmd,,,,,,0.60000,-0.09288,,,
24.9630,status,,,,,,,,TRACKING,,
24.9679,target,1791287076769985024,-0.66524,0.11155,0.035959,565.8234,,,,,
25.0005,target,1791287076803342848,-0.65115,0.10681,0.035933,565.8226,,,,,
25.0146,cmd,,,,,,0.60000,-0.08545,,,
25.0151,status,,,,,,,,TRACKING,,
25.0312,target,1791287076836700672,-0.63308,0.10341,0.035799,565.8200,,,,,
25.0631,cmd,,,,,,0.60000,-0.08273,,,
25.0632,status,,,,,,,,TRACKING,,
25.0686,target,1791287076870058496,-0.61616,0.09970,0.035519,565.8240,,,,,
25.0991,target,1791287076903416576,-0.59562,0.09046,0.034831,565.8212,,,,,
25.1155,cmd,,,,,,0.60000,-0.07237,,,
25.1159,status,,,,,,,,TRACKING,,
25.1333,target,1791287076936774144,-0.56797,0.07688,0.034204,565.8220,,,,,
25.1631,cmd,,,,,,0.60000,-0.06150,,,
25.1636,status,,,,,,,,TRACKING,,
25.1684,target,1791287076970131968,-0.53239,0.05910,0.032893,565.8238,,,,,
25.1937,joint,,,,,,,,,-0.23010,0.01841
25.1991,target,1791287077003490048,-0.48576,0.03398,0.031536,565.8211,,,,,
25.2175,cmd,,,,,,0.60000,0.00000,,,
25.2177,status,,,,,,,,TRACKING,,
25.2336,target,1791287077036847872,-0.43761,0.00961,0.030130,565.8223,,,,,
25.2627,cmd,,,,,,0.60000,0.00000,,,
25.2629,status,,,,,,,,TRACKING,,
25.2669,target,1791287077070205696,-0.39279,-0.01890,0.028980,565.8222,,,,,
25.3025,target,1791287077103563776,-0.35104,-0.04447,0.027904,565.8244,,,,,
25.3140,cmd,,,,,,0.52657,0.00000,,,
25.3153,status,,,,,,,,TRACKING,,
25.3307,target,1791287077136921600,-0.31466,-0.06550,0.027148,565.8193,,,,,
25.3632,target,1791287077170279424,0.00000,0.00000,0.000000,565.8184,,,,,
25.3634,cmd,,,,,,0.47199,0.05240,,,
25.3639,status,,,,,,,,TRACKING,,
25.3944,target,1791287077203636736,0.00000,0.00000,0.000000,565.8163,,,,,
25.4168,cmd,,,,,,0.00000,0.00000,,,
25.4171,status,,,,,,,,LOST,,
25.4276,target,1791287077236993792,0.00000,0.00000,0.000000,565.8161,,,,,
25.4611,target,1791287077270351104,0.00000,0.00000,0.000000,565.8163,,,,,
25.4631,cmd,,,,,,0.00000,0.00000,,,
25.4637,status,,,,,,,,LOST,,
25.4915,target,1791287077303708160,0.00000,0.00000,0.000000,565.8133,,,,,
25.5160,cmd,,,,,,0.00000,0.00000,,,
25.5173,status,,,,,,,,LOST,,
25.5261,target,1791287077337065472,0.00000,0.00000,0.000000,565.8145,,,,,
25.5598,target,1791287077370422528,0.00000,0.00000,0.000000,565.8148,,,,,
25.5624,cmd,,,,,,0.00000,0.00000,,,
25.5626,status,,,,,,,,LOST,,
25.5900,target,1791287077403779840,0.00000,0.00000,0.000000,565.8117,,,,,
25.6147,cmd,,,,,,0.00000,0.00000,,,
25.6162,status,,,,,,,,LOST,,
25.6267,target,1791287077437136896,0.00000,0.00000,0.000000,565.8151,,,,,
25.6614,target,1791287077470494464,0.00000,0.00000,0.000000,565.8165,,,,,
25.6622,cmd,,,,,,0.00000,0.00000,,,
25.6624,status,,,,,,,,LOST,,
25.6909,target,1791287077503851520,0.00000,0.00000,0.000000,565.8125,,,,,
25.7154,cmd,,,,,,0.00000,0.00000,,,
25.7181,status,,,,,,,,LOST,,
25.7191,joint,,,,,,,,,0.01227,0.00920
25.7282,target,1791287077537208832,0.00000,0.00000,0.000000,565.8165,,,,,
25.7610,target,1791287077570565888,0.00000,0.00000,0.000000,565.8159,,,,,
25.7631,cmd,,,,,,0.00000,0.00000,,,
25.7632,status,,,,,,,,LOST,,
25.7916,target,1791287077603923200,0.00000,0.00000,0.000000,565.8131,,,,,
25.8150,cmd,,,,,,0.00000,0.00000,,,
25.8162,status,,,,,,,,LOST,,
25.8269,target,1791287077637280256,0.00000,0.00000,0.000000,565.8151,,,,,
25.8607,target,1791287077670637568,0.00000,0.00000,0.000000,565.8156,,,,,
25.8628,cmd,,,,,,0.00000,0.00000,,,
25.8630,status,,,,,,,,LOST,,
25.8911,target,1791287077703994624,0.00000,0.00000,0.000000,565.8126,,,,,
25.9142,cmd,,,,,,0.00000,0.00000,,,
25.9156,status,,,,,,,,LOST,,
25.9265,target,1791287077737351680,0.00000,0.00000,0.000000,565.8147,,,,,
25.9601,target,1791287077770709248,0.00000,0.00000,0.000000,565.8149,,,,,
25.9622,cmd,,,,,,0.00000,0.00000,,,
25.9624,status,,,,,,,,LOST,,
25.9914,target,1791287077804066304,0.00000,0.00000,0.000000,565.8128,,,,,
26.0147,cmd,,,,,,0.00000,0.00000,,,
26.0161,status,,,,,,,,LOST,,
26.0274,target,1791287077837423616,0.00000,0.00000,0.000000,565.8155,,,,,
26.0611,target,1791287077870780672,0.00000,0.00000,0.000000,565.8159,,,,,
26.0633,cmd,,,,,,0.00000,0.00000,,,
26.0636,status,,,,,,,,LOST,,
26.0918,target,1791287077904137984,0.00000,0.00000,0.000000,565.8131,,,,,
26.1141,cmd,,,,,,0.00000,0.00000,,,
26.1151,status,,,,,,,,LOST,,
26.1278,target,1791287077937495040,0.00000,0.00000,0.000000,565.8158,,,,,
26.1607,target,1791287077970852352,0.00000,0.00000,0.000000,565.8154,,,,,
26.1641,cmd,,,,,,0.00000,0.00000,,,
26.1642,status,,,,,,,,LOST,,
26.1919,target,1791287078004209408,0.00000,0.00000,0.000000,565.8132,,,,,
26.2175,cmd,,,,,,0.00000,0.00000,,,
26.2179,status,,,,,,,,LOST,,
26.2267,target,1791287078037566720,0.00000,0.00000,0.000000,565.8147,,,,,
26.2340,joint,,,,,,,,,-0.04142,0.00920
26.2606,target,1791287078070923776,0.00000,0.00000,0.000000,565.8152,,,,,
26.2628,cmd,,,,,,0.00000,0.00000,,,
26.2629,status,,,,,,,,LOST,,
26.2910,target,1791287078104281088,0.00000,0.00000,0.000000,565.8122,,,,,
26.3141,cmd,,,,,,0.00000,0.00000,,,
26.3152,status,,,,,,,,LOST,,
26.3271,target,1791287078137638400,0.00000,0.00000,0.000000,565.8150,,,,,
26.3613,target,1791287078170995712,0.00000,0.00000,0.000000,565.8158,,,,,
26.3625,cmd,,,,,,0.00000,0.00000,,,
26.3627,status,,,,,,,,LOST,,
26.3943,target,1791287078204353280,0.00000,0.00000,0.000000,565.8155,,,,,
26.4143,cmd,,,,,,0.00000,0.00000,,,
26.4145,status,,,,,,,,LOST,,
26.4273,target,1791287078237711104,0.00000,0.00000,0.000000,565.8151,,,,,
26.4633,target,1791287078271068928,0.00000,0.00000,0.000000,565.8178,,,,,
26.4635,cmd,,,,,,0.00000,0.00000,,,
26.4636,status,,,,,,,,LOST,,
26.4919,target,1791287078304426752,0.00000,0.00000,0.000000,565.8130,,,,,
26.5149,cmd,,,,,,0.00000,0.00000,,,
26.5153,status,,,,,,,,LOST,,
26.5276,target,1791287078337784320,0.00000,0.00000,0.000000,565.8153,,,,,
26.5614,target,1791287078371142400,0.00000,0.00000,0.000000,565.8158,,,,,
26.5625,cmd,,,,,,0.00000,0.00000,,,
26.5626,status,,,,,,,,LOST,,
26.5933,target,1791287078404499968,0.00000,0.00000,0.000000,565.8143,,,,,
26.6147,cmd,,,,,,0.00000,0.00000,,,
26.6148,status,,,,,,,,LOST,,
26.6274,target,1791287078437857792,0.00000,0.00000,0.000000,565.8150,,,,,
26.6609,target,1791287078471215616,0.00000,0.00000,0.000000,565.8152,,,,,
26.6631,cmd,,,,,,0.00000,0.00000,,,
26.6632,status,,,,,,,,LOST,,
26.6942,target,1791287078504573440,0.00000,0.00000,0.000000,565.8151,,,,,
26.7144,cmd,,,,,,0.00000,0.00000,,,
26.7147,status,,,,,,,,LOST,,
26.7278,target,1791287078537931520,0.00000,0.00000,0.000000,565.8154,,,,,
26.7554,joint,,,,,,,,,-0.04142,0.00920
26.7601,target,1791287078571289088,0.00000,0.00000,0.000000,565.8143,,,,,
26.7622,cmd,,,,,,0.00000,0.00000,,,
26.7623,status,,,,,,,,LOST,,
26.7916,target,1791287078604646912,0.00000,0.00000,0.000000,565.8124,,,,,
26.8141,cmd,,,,,,0.00000,0.00000,,,
26.8155,status,,,,,,,,LOST,,
26.8282,target,1791287078638004736,0.00000,0.00000,0.000000,565.8156,,,,,
26.8613,target,1791287078671362560,0.00000,0.00000,0.000000,565.8154,,,,,
26.8632,cmd,,,,,,0.00000,0.00000,,,
26.8636,status,,,,,,,,LOST,,
26.8943,target,1791287078704720384,0.00000,0.00000,0.000000,565.8151,,,,,
26.9143,cmd,,,,,,0.00000,0.00000,,,
26.9152,status,,,,,,,,LOST,,
26.9289,target,1791287078738078208,0.00000,0.00000,0.000000,565.8163,,,,,
26.9610,target,1791287078771436032,0.00000,0.00000,0.000000,565.8151,,,,,
26.9631,cmd,,,,,,0.00000,0.00000,,,
26.9633,status,,,,,,,,LOST,,
26.9908,target,1791287078804793856,0.00000,0.00000,0.000000,565.8115,,,,,
27.0142,cmd,,,,,,0.00000,0.00000,,,
27.0179,status,,,,,,,,LOST,,
27.0275,target,1791287078838151680,0.00000,0.00000,0.000000,565.8148,,,,,
27.0608,target,1791287078871509504,0.00000,0.00000,0.000000,565.8148,,,,,
27.0630,cmd,,,,,,0.00000,0.00000,,,
27.0630,status,,,,,,,,LOST,,
27.0911,target,1791287078904867328,0.00000,0.00000,0.000000,565.8118,,,,,
27.1163,cmd,,,,,,0.00000,0.00000,,,
27.1171,status,,,,,,,,LOST,,
27.1277,target,1791287078938225152,0.00000,0.00000,0.000000,565.8149,,,,,
27.1627,target,1791287078971582976,0.00000,0.00000,0.000000,565.8166,,,,,
27.1628,cmd,,,,,,0.00000,0.00000,,,
27.1629,status,,,,,,,,LOST,,
27.1938,target,1791287079004940800,0.00000,0.00000,0.000000,565.8143,,,,,
27.2165,cmd,,,,,,0.00000,0.00000,,,
27.2166,status,,,,,,,,LOST,,
27.2273,target,1791287079038298880,0.00000,0.00000,0.000000,565.8145,,,,,
27.2620,target,1791287079071656448,0.00000,0.00000,0.000000,565.8158,,,,,
27.2626,cmd,,,,,,0.00000,0.00000,,,
27.2627,status,,,,,,,,LOST,,
27.2748,joint,,,,,,,,,-0.04142,0.00920
27.2918,target,1791287079105014528,0.00000,0.00000,0.000000,565.8123,,,,,
27.3162,cmd,,,,,,0.00000,0.00000,,,
27.3168,status,,,,,,,,LOST,,
27.3283,target,1791287079138372352,0.00000,0.00000,0.000000,565.8154,,,,,
27.3611,target,1791287079171730176,0.00000,0.00000,0.000000,565.8148,,,,,
27.3623,cmd,,,,,,0.00000,0.00000,,,
27.3625,status,,,,,,,,LOST,,
27.3917,target,1791287079205088000,0.00000,0.00000,0.000000,565.8121,,,,,
27.4140,cmd,,,,,,0.00000,0.00000,,,
27.4153,status,,,,,,,,LOST,,
27.4275,target,1791287079238445824,0.00000,0.00000,0.000000,565.8146,,,,,
27.4621,target,1791287079271803392,0.00000,0.00000,0.000000,565.8158,,,,,
27.4624,cmd,,,,,,0.00000,0.00000,,,
27.4625,status,,,,,,,,LOST,,
27.4920,target,1791287079305161472,0.00000,0.00000,0.000000,565.8124,,,,,
27.5139,cmd,,,,,,0.00000,0.00000,,,
27.5152,status,,,,,,,,LOST,,
27.5302,target,1791287079338519296,0.00000,0.00000,0.000000,565.8171,,,,,
27.5611,target,1791287079371876864,0.00000,0.00000,0.000000,565.8148,,,,,
27.5628,cmd,,,,,,0.00000,0.00000,,,
27.5632,status,,,,,,,,LOST,,
27.5920,target,1791287079405234944,0.00000,0.00000,0.000000,565.8123,,,,,
27.6155,cmd,,,,,,0.00000,0.00000,,,
27.6177,status,,,,,,,,LOST,,
27.6277,target,1791287079438592512,0.00000,0.00000,0.000000,565.8146,,,,,
27.6631,cmd,,,,,,0.00000,0.00000,,,
27.6634,status,,,,,,,,LOST,,
27.6641,target,1791287079471950336,0.00000,0.00000,0.000000,565.8177,,,,,
27.6942,target,1791287079505308160,0.00000,0.00000,0.000000,565.8144,,,,,
27.7149,cmd,,,,,,0.00000,0.00000,,,
27.7162,status,,,,,,,,LOST,,
27.7283,target,1791287079538665984,0.00000,0.00000,0.000000,565.8152,,,,,
27.7612,target,1791287079572023808,0.00000,0.00000,0.000000,565.8147,,,,,
27.7632,cmd,,,,,,0.00000,0.00000,,,
27.7633,status,,,,,,,,LOST,,
27.7943,target,1791287079605381632,0.00000,0.00000,0.000000,565.8144,,,,,
27.7945,joint,,,,,,,,,-0.04142,0.00920
27.8140,cmd,,,,,,0.00000,0.00000,,,
27.8149,status,,,,,,,,LOST,,
27.8281,target,1791287079638739456,0.00000,0.00000,0.000000,565.8149,,,,,
27.8625,target,1791287079672097536,0.00000,0.00000,0.000000,565.8159,,,,,
27.8626,cmd,,,,,,0.00000,0.00000,,,
27.8629,status,,,,,,,,LOST,,
27.8943,target,1791287079705455104,0.00000,0.00000,0.000000,565.8144,,,,,
27.9154,cmd,,,,,,0.00000,0.00000,,,
27.9173,status,,,,,,,,LOST,,
27.9276,target,1791287079738812928,0.00000,0.00000,0.000000,565.8143,,,,,
27.9616,target,1791287079772170752,0.00000,0.00000,0.000000,565.8149,,,,,
27.9626,cmd,,,,,,0.00000,0.00000,,,
27.9629,status,,,,,,,,LOST,,
27.9945,target,1791287079805528576,0.00000,0.00000,0.000000,565.8145,,,,,
28.0136,cmd,,,,,,0.00000,0.00000,,,
28.0151,status,,,,,,,,LOST,,
28.0283,target,1791287079838886400,0.00000,0.00000,0.000000,565.8149,,,,,
28.0624,target,1791287079872244224,0.00000,0.00000,0.000000,565.8157,,,,,
28.0629,cmd,,,,,,0.00000,0.00000,,,
28.0630,status,,,,,,,,LOST,,
28.0938,target,1791287079905602048,0.00000,0.00000,0.000000,565.8137,,,,,
28.1148,cmd,,,,,,0.00000,0.00000,,,
28.1160,status,,,,,,,,LOST,,
28.1263,target,1791287079938959872,0.00000,0.00000,0.000000,565.8128,,,,,
28.1601,target,1791287079972317696,0.00000,0.00000,0.000000,565.8133,,,,,
28.1623,cmd,,,,,,0.00000,0.00000,,,
28.1624,status,,,,,,,,LOST,,
28.1943,target,1791287080005675520,0.00000,0.00000,0.000000,565.8141,,,,,
28.2140,cmd,,,,,,0.00000,0.00000,,,
28.2142,status,,,,,,,,LOST,,
28.2285,target,1791287080039033344,0.00000,0.00000,0.000000,565.8150,,,,,
28.2615,target,1791287080072391424,0.00000,0.00000,0.000000,565.8146,,,,,
28.2623,cmd,,,,,,0.00000,0.00000,,,
28.2625,status,,,,,,,,LOST,,
28.2919,target,1791287080105748992,0.00000,0.00000,0.000000,565.8116,,,,,
28.2946,joint,,,,,,,,,-0.04142,0.00920
28.3139,cmd,,,,,,0.00000,0.00000,,,
28.3171,status,,,,,,,,LOST,,
28.3285,target,1791287080139106816,0.00000,0.00000,0.000000,565.8149,,,,,
28.3618,target,1791287080172464896,0.00000,0.00000,0.000000,565.8148,,,,,
28.3624,cmd,,,,,,0.00000,0.00000,,,
28.3625,status,,,,,,,,LOST,,
28.3938,target,1791287080205822208,0.00000,0.00000,0.000000,565.8135,,,,,
28.4139,cmd,,,,,,0.00000,0.00000,,,
28.4156,status,,,,,,,,LOST,,
28.4291,target,1791287080239179520,0.00000,0.00000,0.000000,565.8154,,,,,
28.4624,target,1791287080272536832,0.00000,0.00000,0.000000,565.8154,,,,,
28.4628,cmd,,,,,,0.00000,0.00000,,,
28.4629,status,,,,,,,,LOST,,
28.4944,target,1791287080305894400,0.00000,0.00000,0.000000,565.8140,,,,,
28.5148,cmd,,,,,,0.00000,0.00000,,,
28.5150,status,,,,,,,,LOST,,
28.5288,target,1791287080339251712,0.00000,0.00000,0.000000,565.8150,,,,,
28.5624,target,1791287080372609024,0.00000,0.00000,0.000000,565.8153,,,,,
28.5628,cmd,,,,,,0.00000,0.00000,,,
28.5629,status,,,,,,,,LOST,,
28.5945,target,1791287080405966336,0.00000,0.00000,0.000000,565.8140,,,,,
28.6144,cmd,,,,,,0.00000,0.00000,,,
28.6154,status,,,,,,,,LOST,,
28.6285,target,1791287080439323648,0.00000,0.00000,0.000000,565.8147,,,,,
28.6606,target,1791287080472681216,0.00000,0.00000,0.000000,565.8134,,,,,
28.6629,cmd,,,,,,0.00000,0.00000,,,
28.6630,status,,,,,,,,LOST,,
28.6946,target,1791287080506038528,0.00000,0.00000,0.000000,565.8140,,,,,
28.7136,cmd,,,,,,0.00000,0.00000,,,
28.7176,status,,,,,,,,LOST,,
28.7294,target,1791287080539395840,0.00000,0.00000,0.000000,565.8155,,,,,
28.7623,target,1791287080572753152,0.00000,0.00000,0.000000,565.8151,,,,,
28.7633,cmd,,,,,,0.00000,0.00000,,,
28.7636,status,,,,,,,,LOST,,
28.7944,target,1791287080606110720,0.00000,0.00000,0.000000,565.8138,,,,,
28.7946,joint,,,,,,,,,-0.04295,0.00460
28.8133,cmd,,,,,,0.00000,0.00000,,,
28.8144,status,,,,,,,,LOST,,
28.8286,target,1791287080639467776,0.00000,0.00000,0.000000,565.8146,,,,,
28.8619,target,1791287080672825088,0.00000,0.00000,0.000000,565.8145,,,,,
28.8624,cmd,,,,,,0.00000,0.00000,,,
28.8626,status,,,,,,,,LOST,,
28.8938,target,1791287080706182400,0.00000,0.00000,0.000000,565.8131,,,,,
28.9138,cmd,,,,,,0.00000,0.00000,,,
28.9160,status,,,,,,,,LOST,,
28.9289,target,1791287080739539712,0.00000,0.00000,0.000000,565.8148,,,,,
28.9608,target,1791287080772897280,0.00000,0.00000,0.000000,565.8134,,,,,
28.9629,cmd,,,,,,0.00000,0.00000,,,
28.9630,status,,,,,,,,LOST,,
28.9945,target,1791287080806254336,0.00000,0.00000,0.000000,565.8138,,,,,
29.0145,cmd,,,,,,0.00000,0.00000,,,
29.0181,status,,,,,,,,LOST,,
29.0310,target,1791287080839611904,0.00000,0.00000,0.000000,565.8169,,,,,
29.0628,cmd,,,,,,0.00000,0.00000,,,
29.0631,status,,,,,,,,LOST,,
29.0639,target,1791287080872968960,0.00000,0.00000,0.000000,565.8165,,,,,
29.0996,target,1791287080906326528,0.00000,0.00000,0.000000,565.8188,,,,,
29.1145,cmd,,,,,,0.00000,0.00000,,,
29.1147,status,,,,,,,,LOST,,
29.1350,target,1791287080939683584,-0.33460,0.02204,0.011070,565.8208,,,,,
29.1629,cmd,,,,,,0.00000,0.00000,,,
29.1632,status,,,,,,,,LOST,,
29.1670,target,1791287080973040896,-0.34045,-0.01081,0.013687,565.8195,,,,,
29.2020,target,1791287081006398208,-0.34632,0.00163,0.013668,565.8211,,,,,
29.2145,cmd,,,,,,0.51947,0.00000,,,
29.2147,status,,,,,,,,TRACKING,,
29.2357,target,1791287081039755264,-0.35417,0.01285,0.013633,565.8214,,,,,
29.2645,cmd,,,,,,0.53125,0.00000,,,
29.2648,status,,,,,,,,TRACKING,,
29.2710,target,1791287081073112832,-0.36055,0.01979,0.013550,565.8234,,,,,
29.3033,target,1791287081106469888,-0.36625,0.02579,0.013526,565.8223,,,,,
29.3149,cmd,,,,,,0.54937,0.00000,,,
29.3154,status,,,,,,,,TRACKING,,
29.3376,target,1791287081139827456,-0.37333,0.03093,0.013561,565.8233,,,,,
29.3537,joint,,,,,,,,,-0.04448,0.00614
29.3630,cmd,,,,,,0.55999,0.00000,,,
29.3638,status,,,,,,,,TRACKING,,
29.3688,target,1791287081173184512,-0.38125,0.03553,0.013728,565.8211,,,,,
29.4028,target,1791287081206541824,-0.38842,0.04107,0.013761,565.8218,,,,,
29.4144,cmd,,,,,,0.58262,0.00000,,,
29.4145,status,,,,,,,,TRACKING,,
29.4371,target,1791287081239898880,-0.39506,0.04185,0.013832,565.8227,,,,,
29.4634,cmd,,,,,,0.59258,0.00000,,,
29.4643,status,,,,,,,,TRACKING,,
29.4694,target,1791287081273256448,-0.39730,0.04119,0.013815,565.8217,,,,,
29.5015,target,1791287081306613504,-0.39946,0.04404,0.013932,565.8204,,,,,
29.5141,cmd,,,,,,0.59919,0.00000,,,
29.5144,status,,,,,,,,TRACKING,,
29.5367,target,1791287081339970816,-0.39861,0.04760,0.014086,565.8222,,,,,
29.5653,cmd,,,,,,0.59792,0.00000,,,
29.5654,status,,,,,,,,TRACKING,,
29.5693,target,1791287081373327872,-0.39561,0.05301,0.014112,565.8215,,,,,
29.6027,target,1791287081406685184,-0.39117,0.05719,0.014223,565.8215,,,,,
29.6143,cmd,,,,,,0.58675,-0.04575,,,
29.6145,status,,,,,,,,TRACKING,,
29.6369,target,1791287081440042240,-0.38182,0.06310,0.014316,565.8224,,,,,
29.6643,cmd,,,,,,0.57273,-0.05048,,,
29.6643,status,,,,,,,,TRACKING,,
29.6703,target,1791287081473399552,-0.36964,0.06812,0.014280,565.8224,,,,,
29.7042,target,1791287081506756864,-0.35589,0.07160,0.014323,565.8229,,,,,
29.7139,cmd,,,,,,0.53384,-0.05728,,,
29.7142,status,,,,,,,,TRACKING,,
29.7368,target,1791287081540113920,-0.33587,0.07854,0.014102,565.8221,,,,,
29.7634,cmd,,,,,,0.50380,-0.06283,,,
29.7643,status,,,,,,,,TRACKING,,
29.7702,target,1791287081573471232,-0.31265,0.08096,0.013876,565.8223,,,,,
29.8038,target,1791287081606828288,-0.28793,0.08121,0.013789,565.8225,,,,,
29.8156,cmd,,,,,,0.43190,-0.06497,,,
29.8157,status,,,,,,,,TRACKING,,
29.8159,joint,,,,,,,,,0.08897,0.00460
29.8364,target,1791287081640185600,-0.26176,0.07844,0.013637,565.8217,,,,,
29.8634,cmd,,,,,,0.39265,-0.06275,,,
29.8645,status,,,,,,,,TRACKING,,
29.8723,target,1791287081673542656,-0.23684,0.07101,0.013420,565.8243,,,,,
29.9034,target,1791287081706899968,-0.21325,0.06311,0.013244,565.8220,,,,,
29.9144,cmd,,,,,,0.31988,-0.05049,,,
29.9145,status,,,,,,,,TRACKING,,
29.9363,target,1791287081740257024,-0.18964,0.05026,0.013064,565.8215,,,,,
29.9631,cmd,,,,,,0.28445,-0.04020,,,
29.9632,status,,,,,,,,TRACKING,,
29.9678,target,1791287081773614592,-0.16934,0.04373,0.013166,565.8197,,,,,
30.0023,target,1791287081806971648,-0.14878,0.03633,0.013188,565.8208,,,,,
30.0136,cmd,,,,,,0.22316,0.00000,,,
30.0158,status,,,,,,,,TRACKING,,
30.0346,target,1791287081840328960,-0.13183,0.02818,0.013086,565.8198,,,,,
30.0638,cmd,,,,,,0.19775,0.00000,,,
30.0649,status,,,,,,,,TRACKING,,
30.0706,target,1791287081873686016,-0.11889,0.01847,0.013016,565.8224,,,,,
30.1036,target,1791287081907043328,-0.10720,0.00989,0.012980,565.8221,,,,,
30.1147,cmd,,,,,,0.16080,0.00000,,,
30.1191,status,,,,,,,,TRACKING,,
30.1374,target,1791287081940400384,-0.09942,0.00980,0.012975,565.8225,,,,,
30.1653,cmd,,,,,,0.14913,0.00000,,,
30.1655,status,,,,,,,,TRACKING,,
30.1706,target,1791287081973757696,-0.09297,0.00183,0.013147,565.8224,,,,,
30.2037,target,1791287082007114752,-0.08620,0.00204,0.013349,565.8221,,,,,
30.2140,cmd,,,,,,0.12930,0.00000,,,
30.2149,status,,,,,,,,TRACKING,,
30.2384,target,1791287082040471808,-0.08223,-0.00568,0.013483,565.8234,,,,,
30.2634,cmd,,,,,,0.12335,0.00000,,,
30.2637,status,,,,,,,,TRACKING,,
30.2691,target,1791287082073829120,-0.08048,-0.00768,0.013698,565.8208,,,,,
30.3033,target,1791287082107186176,-0.08130,-0.01180,0.013817,565.8216,,,,,
30.3145,cmd,,,,,,0.12194,0.00000,,,
30.3154,status,,,,,,,,TRACKING,,
30.3178,joint,,,,,,,,,0.32520,-0.00767
30.3378,target,1791287082140543488,-0.08912,-0.01541,0.013980,565.8227,,,,,
30.3634,cmd,,,,,,0.13368,0.00000,,,
30.3635,status,,,,,,,,TRACKING,,
30.3688,target,1791287082173900544,-0.09989,-0.01679,0.014186,565.8204,,,,,
30.4029,target,1791287082207258624,-0.11262,-0.01946,0.014266,565.8212,,,,,
30.4142,cmd,,,,,,0.16894,0.00000,,,
30.4145,status,,,,,,,,TRACKING,,
30.4388,target,1791287082240616448,-0.12759,-0.02004,0.014527,565.8237,,,,,
30.4629,cmd,,,,,,0.19139,0.00000,,,
30.4631,status,,,,,,,,TRACKING,,
30.4706,target,1791287082273974272,-0.14311,-0.02409,0.014627,565.8221,,,,,
30.5040,target,1791287082307332352,-0.15682,-0.02819,0.014653,565.8221,,,,,
30.5142,cmd,,,,,,0.23523,0.00000,,,
30.5157,status,,,,,,,,TRACKING,,
30.5376,target,1791287082340690176,-0.17256,-0.03464,0.014653,565.8224,,,,,
30.5637,cmd,,,,,,0.25884,0.00000,,,
30.5660,status,,,,,,,,TRACKING,,
30.5689,target,1791287082374048000,-0.18892,-0.04195,0.014418,565.8204,,,,,
30.6037,target,1791287082407406080,-0.20496,-0.05036,0.014588,565.8218,,,,,
30.6140,cmd,,,,,,0.30744,0.04029,,,
30.6163,status,,,,,,,,TRACKING,,
30.6355,target,1791287082440763904,-0.22299,-0.05736,0.014763,565.8202,,,,,
30.6644,cmd,,,,,,0.33449,0.04589,,,
30.6645,status,,,,,,,,TRACKING,,
30.6706,target,1791287082474121472,-0.23961,-0.06404,0.014685,565.8220,,,,,
30.7039,target,1791287082507479552,-0.25522,-0.07358,0.014501,565.8219,,,,,
30.7144,cmd,,,,,,0.38283,0.05886,,,
30.7152,status,,,,,,,,TRACKING,,
30.7373,target,1791287082540837376,-0.26889,-0.08615,0.014503,565.8220,,,,,
30.7640,cmd,,,,,,0.40333,0.06892,,,
30.7642,status,,,,,,,,TRACKING,,
30.7696,target,1791287082574195200,-0.27792,-0.09646,0.014770,565.8209,,,,,
30.8066,target,1791287082607553280,-0.28422,-0.10686,0.015020,565.8245,,,,,
30.8144,cmd,,,,,,0.42633,0.08549,,,
30.8146,status,,,,,,,,TRACKING,,
30.8357,target,1791287082640911104,-0.28977,-0.11538,0.015323,565.8203,,,,,
30.8550,joint,,,,,,,,,0.41571,-0.00614
30.8639,cmd,,,,,,0.43465,0.09230,,,
30.8640,status,,,,,,,,TRACKING,,
30.8701,target,1791287082674268928,-0.29244,-0.12584,0.015373,565.8213,,,,,
30.9024,target,1791287082707627008,-0.29287,-0.12969,0.015755,565.8203,,,,,
30.9140,cmd,,,,,,0.43930,0.10375,,,
30.9142,status,,,,,,,,TRACKING,,
30.9381,target,1791287082740984832,-0.29175,-0.13818,0.015714,565.8226,,,,,
30.9641,cmd,,,,,,0.43763,0.11054,,,
30.9649,status,,,,,,,,TRACKING,,
30.9695,target,1791287082774342656,-0.28844,-0.13941,0.015816,565.8206,,,,,
31.0038,target,1791287082807700736,-0.28560,-0.14517,0.016070,565.8216,,,,,
31.0132,cmd,,,,,,0.42841,0.11613,,,
31.0146,status,,,,,,,,TRACKING,,
31.0362,target,1791287082841058560,-0.28434,-0.14721,0.015914,565.8207,,,,,
31.0634,cmd,,,,,,0.42650,0.11777,,,
31.0635,status,,,,,,,,TRACKING,,
31.0702,target,1791287082874416384,-0.28457,-0.15002,0.015983,565.8213,,,,,
31.1047,target,1791287082907774464,-0.28425,-0.15058,0.015920,565.8224,,,,,
31.1139,cmd,,,,,,0.42638,0.12046,,,
31.1143,status,,,,,,,,TRACKING,,
31.1385,target,1791287082941132288,-0.28288,-0.15065,0.015879,565.8228,,,,,
31.1636,cmd,,,,,,0.42432,0.12052,,,
31.1637,status,,,,,,,,TRACKING,,
31.1705,target,1791287082974490112,-0.28040,-0.15137,0.015794,565.8215,,,,,
31.2037,target,1791287083007848192,-0.27531,-0.14949,0.015801,565.8213,,,,,
31.2133,cmd,,,,,,0.41297,0.11959,,,
31.2143,status,,,,,,,,TRACKING,,
31.2363,target,1791287083041206016,-0.26902,-0.14961,0.015749,565.8206,,,,,
31.2637,cmd,,,,,,0.40353,0.11969,,,
31.2638,status,,,,,,,,TRACKING,,
31.2701,target,1791287083074563840,-0.26223,-0.15287,0.015742,565.8210,,,,,
31.3035,target,1791287083107921920,-0.25392,-0.15833,0.015660,565.8211,,,,,
31.3149,cmd,,,,,,0.38087,0.12666,,,
31.3150,status,,,,,,,,TRACKING,,
31.3369,target,1791287083141279488,-0.24255,-0.15910,0.015582,565.8211,,,,,
31.3613,joint,,,,,,,,,0.58598,0.02761
31.3673,cmd,,,,,,0.36382,0.12728,,,
31.3691,status,,,,,,,,TRACKING,,
31.3860,target,1791287083174637568,-0.23171,-0.16305,0.015436,565.8369,,,,,
31.4113,target,1791287083207994368,-0.21866,-0.16359,0.015013,565.8288,,,,,
31.4133,cmd,,,,,,0.34757,0.13044,,,
31.4144,status,,,,,,,,TRACKING,,
31.4358,target,1791287083241351424,-0.20476,-0.16421,0.015046,565.8199,,,,,
31.4634,cmd,,,,,,0.30714,0.13137,,,
31.4638,status,,,,,,,,TRACKING,,
31.4705,target,1791287083274708224,-0.18930,-0.16077,0.014850,565.8213,,,,,
31.5038,target,1791287083308065024,-0.17322,-0.15927,0.014672,565.8212,,,,,
31.5144,cmd,,,,,,0.25983,0.12741,,,
31.5153,status,,,,,,,,TRACKING,,
31.5393,target,1791287083341421824,-0.15542,-0.15393,0.014544,565.8234,,,,,
31.5635,cmd,,,,,,0.23313,0.12314,,,
31.5643,status,,,,,,,,TRACKING,,
31.5701,target,1791287083374778880,-0.13670,-0.14886,0.014408,565.8208,,,,,
31.6055,target,1791287083408135424,-0.11604,-0.14504,0.014199,565.8228,,,,,
31.6144,cmd,,,,,,0.17406,0.11603,,,
31.6148,status,,,,,,,,TRACKING,,
31.6384,target,1791287083441492480,-0.09470,-0.13931,0.014071,565.8224,,,,,
31.6640,cmd,,,,,,0.14205,0.11145,,,
31.6653,status,,,,,,,,TRACKING,,
31.6705,target,1791287083474849024,-0.07222,-0.13392,0.014006,565.8212,,,,,
31.7039,target,1791287083508206080,-0.04972,-0.13013,0.014180,565.8212,,,,,
31.7135,cmd,,,,,,0.00000,0.10410,,,
31.7136,status,,,,,,,,TRACKING,,
31.7384,target,1791287083541562624,-0.02593,-0.12884,0.014123,565.8224,,,,,
31.7635,cmd,,,,,,0.00000,0.10308,,,
31.7638,status,,,,,,,,TRACKING,,
31.7698,target,1791287083574919680,0.00071,-0.13257,0.013945,565.8204,,,,,
31.8049,target,1791287083608276480,0.02864,-0.13790,0.013913,565.8221,,,,,
31.8132,cmd,,,,,,0.00000,0.11032,,,
31.8134,status,,,,,,,,TRACKING,,
31.8380,target,1791287083641633024,0.05702,-0.15002,0.014232,565.8219,,,,,
31.8635,cmd,,,,,,-0.08552,0.12002,,,
31.8663,status,,,,,,,,TRACKING,,
31.8721,target,1791287083674990080,0.08636,-0.16560,0.014160,565.8226,,,,,
31.8738,joint,,,,,,,,,0.75472,0.08130
31.9061,target,1791287083708346624,0.11421,-0.18086,0.014596,565.8233,,,,,
31.9149,cmd,,,,,,-0.17132,0.14469,,,
31.9162,status,,,,,,,,TRACKING,,
31.9365,target,1791287083741703424,0.14068,-0.20328,0.014974,565.8203,,,,,
31.9644,cmd,,,,,,-0.21101,0.16262,,,
31.9645,status,,,,,,,,TRACKING,,
31.9738,target,1791287083775060224,0.16045,-0.23153,0.015638,565.8242,,,,,
32.0044,target,1791287083808417024,0.17571,-0.26249,0.015833,565.8215,,,,,
32.0138,cmd,,,,,,-0.26357,0.20999,,,
32.0139,status,,,,,,,,TRACKING,,
32.0387,target,1791287083841773568,0.18874,-0.29518,0.016293,565.8224,,,,,
32.0644,cmd,,,,,,-0.28312,0.23614,,,
32.0646,status,,,,,,,,TRACKING,,
32.0709,target,1791287083875130368,0.19759,-0.32709,0.016686,565.8213,,,,,
32.1057,target,1791287083908487168,0.20374,-0.35759,0.016938,565.8227,,,,,
32.1134,cmd,,,,,,-0.30560,0.28607,,,
32.1135,status,,,,,,,,TRACKING,,
32.1393,target,1791287083941843712,0.20719,-0.38698,0.017105,565.8230,,,,,
32.1654,cmd,,,,,,-0.31078,0.30958,,,
32.1656,status,,,,,,,,TRACKING,,
32.1691,target,1791287083975200512,0.20788,-0.41365,0.017309,565.8194,,,,,
32.2057,target,1791287084008557056,0.20673,-0.43984,0.017400,565.8226,,,,,
32.2134,cmd,,,,,,-0.31009,0.35187,,,
32.2135,status,,,,,,,,TRACKING,,
32.2386,target,1791287084041913856,0.20453,-0.45946,0.017617,565.8222,,,,,
32.2645,cmd,,,,,,-0.30680,0.36756,,,
32.2646,status,,,,,,,,TRACKING,,
32.2718,target,1791287084075270400,0.20383,-0.48054,0.017717,565.8220,,,,,
32.3043,target,1791287084108627200,0.20572,-0.50124,0.018082,565.8212,,,,,
32.3137,cmd,,,,,,-0.30859,0.40000,,,
32.3140,status,,,,,,,,TRACKING,,
32.3382,target,1791287084141984000,0.20719,-0.51666,0.018121,565.8217,,,,,
32.3562,joint,,,,,,,,,0.71330,0.14726
32.3641,cmd,,,,,,-0.31079,0.40000,,,
32.3652,status,,,,,,,,TRACKING,,
32.3724,target,1791287084175340544,0.20773,-0.53667,0.018038,565.8226,,,,,
32.4044,target,1791287084208698368,0.20927,-0.56190,0.017917,565.8212,,,,,
32.4158,cmd,,,,,,-0.31390,0.40000,,,
32.4167,status,,,,,,,,TRACKING,,
32.4369,target,1791287084242056704,0.21142,-0.59120,0.017969,565.8204,,,,,
32.4662,cmd,,,,,,-0.31713,0.40000,,,
32.4664,status,,,,,,,,TRACKING,,
32.4718,target,1791287084275414528,0.21312,-0.62249,0.018175,565.8218,,,,,
32.5062,target,1791287084308772608,0.21359,-0.64524,0.018644,565.8229,,,,,
32.5146,cmd,,,,,,-0.32039,0.40000,,,
32.5147,status,,,,,,,,TRACKING,,
32.5367,target,1791287084342130688,0.21539,-0.65106,0.019206,565.8200,,,,,
32.5627,cmd,,,,,,-0.32309,0.40000,,,
32.5628,status,,,,,,,,TRACKING,,
32.5723,target,1791287084375488768,0.21400,-0.64942,0.019182,565.8223,,,,,
32.6062,target,1791287084408846592,0.21125,-0.63421,0.019340,565.8229,,,,,
32.6144,cmd,,,,,,-0.31688,0.40000,,,
32.6146,status,,,,,,,,TRACKING,,
32.6386,target,1791287084442204928,0.20685,-0.60518,0.019136,565.8219,,,,,
32.6629,cmd,,,,,,-0.31027,0.40000,,,
32.6630,status,,,,,,,,TRACKING,,
32.6727,target,1791287084475562752,0.19911,-0.57131,0.018904,565.8227,,,,,
32.7036,target,1791287084508920832,0.18864,-0.53304,0.018594,565.8202,,,,,
32.7139,cmd,,,,,,-0.28296,0.40000,,,
32.7153,status,,,,,,,,TRACKING,,
32.7385,target,1791287084542278912,0.17654,-0.48878,0.018134,565.8217,,,,,
32.7654,cmd,,,,,,-0.26482,0.39102,,,
32.7663,status,,,,,,,,TRACKING,,
32.7705,target,1791287084575636992,0.16189,-0.44130,0.017795,565.8204,,,,,
32.8040,target,1791287084608995072,0.14781,-0.39169,0.017329,565.8205,,,,,
32.8134,cmd,,,,,,-0.22172,0.31336,,,
32.8136,status,,,,,,,,TRACKING,,
32.8359,target,1791287084642353152,0.13413,-0.33428,0.016916,565.8190,,,,,
32.8632,cmd,,,,,,-0.20119,0.26742,,,
32.8634,status,,,,,,,,TRACKING,,
32.8711,target,1791287084675711232,0.11899,-0.27605,0.016576,565.8209,,,,,
32.9085,target,1791287084709069312,0.10300,-0.22026,0.016150,565.8250,,,,,
32.9131,cmd,,,,,,-0.15450,0.17620,,,
32.9139,status,,,,,,,,TRACKING,,
32.9150,joint,,,,,,,,,0.56144,0.32214
32.9371,target,1791287084742427392,0.08610,-0.16139,0.015829,565.8202,,,,,
32.9669,cmd,,,,,,-0.12915,0.12911,,,
32.9670,status,,,,,,,,TRACKING,,
32.9717,target,1791287084775785472,0.06949,-0.09944,0.015597,565.8214,,,,,
33.0056,target,1791287084809143552,0.05409,-0.04075,0.015553,565.8220,,,,,
33.0134,cmd,,,,,,-0.08114,0.00000,,,
33.0135,status,,,,,,,,TRACKING,,
33.0386,target,1791287084842501632,0.03837,0.00797,0.015436,565.8216,,,,,
33.0639,cmd,,,,,,0.00000,0.00000,,,
33.0652,status,,,,,,,,CENTERED,,
33.0707,target,1791287084875859968,0.02244,0.04745,0.015519,565.8203,,,,,
33.1058,target,1791287084909218048,0.00640,0.07715,0.015714,565.8220,,,,,
33.1144,cmd,,,,,,0.00000,-0.06172,,,
33.1145,status,,,,,,,,TRACKING,,
33.1364,target,1791287084942575872,-0.00652,0.10264,0.015818,565.8193,,,,,
33.1635,cmd,,,,,,0.00000,-0.08211,,,
33.1646,status,,,,,,,,TRACKING,,
33.1706,target,1791287084975934208,-0.01706,0.12350,0.015825,565.8201,,,,,
33.2032,target,1791287085009292288,-0.02034,0.23818,0.008611,565.8195,,,,,
33.2133,cmd,,,,,,0.00000,-0.19055,,,
33.2134,status,,,,,,,,TRACKING,,
33.2340,target,1791287085042650368,0.00000,0.00000,0.000000,565.8169,,,,,
33.2629,cmd,,,,,,0.00000,0.00000,,,
33.2630,status,,,,,,,,LOST,,
33.2653,target,1791287085076008448,0.00000,0.00000,0.000000,565.8148,,,,,
33.2989,target,1791287085109366784,0.00000,0.00000,0.000000,565.8151,,,,,
33.3138,cmd,,,,,,0.00000,0.00000,,,
33.3139,status,,,,,,,,LOST,,
33.3320,target,1791287085142724864,0.00000,0.00000,0.000000,565.8148,,,,,
33.3628,cmd,,,,,,0.00000,0.00000,,,
33.3629,status,,,,,,,,LOST,,
33.3644,target,1791287085176082944,0.00000,0.00000,0.000000,565.8138,,,,,
33.3979,target,1791287085209440256,0.00000,0.00000,0.000000,565.8139,,,,,
33.4138,cmd,,,,,,0.00000,0.00000,,,
33.4139,status,,,,,,,,LOST,,
33.4152,joint,,,,,,,,,0.48320,0.41418
33.4305,target,1791287085242797312,0.00000,0.00000,0.000000,565.8132,,,,,
33.4635,target,1791287085276154624,0.00000,0.00000,0.000000,565.8129,,,,,
33.4637,cmd,,,,,,0.00000,0.00000,,,
33.4640,status,,,,,,,,LOST,,
33.4989,target,1791287085309511680,0.00000,0.00000,0.000000,565.8149,,,,,
33.5144,cmd,,,,,,0.00000,0.00000,,,
33.5145,status,,,,,,,,LOST,,
33.5306,target,1791287085342868736,0.00000,0.00000,0.000000,565.8133,,,,,
33.5630,cmd,,,,,,0.00000,0.00000,,,
33.5631,status,,,,,,,,LOST,,
33.5652,target,1791287085376225792,0.00000,0.00000,0.000000,565.8145,,,,,
33.5975,target,1791287085409583104,0.00000,0.00000,0.000000,565.8135,,,,,
33.6144,cmd,,,,,,0.00000,0.00000,,,
33.6145,status,,,,,,,,LOST,,
33.6320,target,1791287085442940160,0.00000,0.00000,0.000000,565.8145,,,,,
33.6629,cmd,,,,,,0.00000,0.00000,,,
33.6630,status,,,,,,,,LOST,,
33.6642,target,1791287085476297472,0.00000,0.00000,0.000000,565.8134,,,,,
33.6984,target,1791287085509654528,0.00000,0.00000,0.000000,565.8143,,,,,
33.7139,cmd,,,,,,0.00000,0.00000,,,
33.7140,status,,,,,,,,LOST,,
33.7309,target,1791287085543011840,0.00000,0.00000,0.000000,565.8134,,,,,
33.7627,cmd,,,,,,0.00000,0.00000,,,
33.7633,target,1791287085576368896,0.00000,0.00000,0.000000,565.8124,,,,,
33.7634,status,,,,,,,,LOST,,
33.7968,target,1791287085609725952,0.00000,0.00000,0.000000,565.8126,,,,,
33.8129,cmd,,,,,,0.00000,0.00000,,,
33.8132,status,,,,,,,,LOST,,
33.8317,target,1791287085643083008,0.00000,0.00000,0.000000,565.8141,,,,,
33.8628,cmd,,,,,,0.00000,0.00000,,,
33.8631,status,,,,,,,,LOST,,
33.8643,target,1791287085676440064,0.00000,0.00000,0.000000,565.8133,,,,,
33.8983,target,1791287085709797376,0.00000,0.00000,0.000000,565.8140,,,,,
33.9132,cmd,,,,,,0.00000,0.00000,,,
33.9133,status,,,,,,,,LOST,,
33.9308,target,1791287085743154432,0.00000,0.00000,0.000000,565.8132,,,,,
33.9335,joint,,,,,,,,,0.48320,0.41571
33.9627,cmd,,,,,,0.00000,0.00000,,,
33.9628,status,,,,,,,,LOST,,
33.9643,target,1791287085776511744,0.00000,0.00000,0.000000,565.8133,,,,,
33.9990,target,1791287085809868544,0.00000,0.00000,0.000000,565.8147,,,,,
34.0138,cmd,,,,,,0.00000,0.00000,,,
34.0141,status,,,,,,,,LOST,,
34.0320,target,1791287085843225856,0.00000,0.00000,0.000000,565.8143,,,,,
34.0635,target,1791287085876582912,0.00000,0.00000,0.000000,565.8125,,,,,
34.0636,cmd,,,,,,0.00000,0.00000,,,
34.0636,status,,,,,,,,LOST,,
34.0989,target,1791287085909940224,0.00000,0.00000,0.000000,565.8144,,,,,
34.1133,cmd,,,,,,0.00000,0.00000,,,
34.1139,status,,,,,,,,LOST,,
34.1310,target,1791287085943297280,0.00000,0.00000,0.000000,565.8133,,,,,
34.1640,cmd,,,,,,0.00000,0.00000,,,
34.1669,status,,,,,,,,LOST,,
34.1724,target,1791287085976654336,0.00000,0.00000,0.000000,565.8213,,,,,
34.1992,target,1791287086010011392,0.00000,0.00000,0.000000,565.8147,,,,,
34.2135,cmd,,,,,,0.00000,0.00000,,,
34.2139,status,,,,,,,,LOST,,
34.2316,target,1791287086043368704,0.00000,0.00000,0.000000,565.8137,,,,,
34.2626,cmd,,,,,,0.00000,0.00000,,,
34.2628,status,,,,,,,,LOST,,
34.2645,target,1791287086076725760,0.00000,0.00000,0.000000,565.8133,,,,,
34.2993,target,1791287086110083072,0.00000,0.00000,0.000000,565.8148,,,,,
34.3139,cmd,,,,,,0.00000,0.00000,,,
34.3141,status,,,,,,,,LOST,,
34.3311,target,1791287086143439872,0.00000,0.00000,0.000000,565.8131,,,,,
34.3628,cmd,,,,,,0.00000,0.00000,,,
34.3632,status,,,,,,,,LOST,,
34.3651,target,1791287086176797184,0.00000,0.00000,0.000000,565.8139,,,,,
34.3972,target,1791287086210155776,0.00000,0.00000,0.000000,565.8126,,,,,
34.4135,cmd,,,,,,0.00000,0.00000,,,
34.4140,status,,,,,,,,LOST,,
34.4305,target,1791287086243514368,0.00000,0.00000,0.000000,565.8125,,,,,
34.4574,joint,,,,,,,,,0.48320,0.41571
34.4627,cmd,,,,,,0.00000,0.00000,,,
34.4628,status,,,,,,,,LOST,,
34.4641,target,1791287086276873216,0.00000,0.00000,0.000000,565.8127,,,,,
34.4983,target,1791287086310231808,0.00000,0.00000,0.000000,565.8136,,,,,
34.5144,cmd,,,,,,0.00000,0.00000,,,
34.5145,status,,,,,,,,LOST,,
34.5301,target,1791287086343590656,0.00000,0.00000,0.000000,565.8120,,,,,
34.5628,cmd,,,,,,0.00000,0.00000,,,
34.5651,target,1791287086376949504,0.00000,0.00000,0.000000,565.8136,,,,,
34.5652,status,,,,,,,,LOST,,
34.5978,target,1791287086410308096,0.00000,0.00000,0.000000,565.8130,,,,,
34.6144,cmd,,,,,,0.00000,0.00000,,,
34.6145,status,,,,,,,,LOST,,
34.6311,target,1791287086443666688,0.00000,0.00000,0.000000,565.8129,,,,,
34.6633,cmd,,,,,,0.00000,0.00000,,,
34.6635,status,,,,,,,,LOST,,
34.6644,target,1791287086477025536,0.00000,0.00000,0.000000,565.8129,,,,,
34.7001,target,1791287086510384384,0.00000,0.00000,0.000000,565.8152,,,,,
34.7155,cmd,,,,,,0.00000,0.00000,,,
34.7156,status,,,,,,,,LOST,,
34.7316,target,1791287086543743232,0.00000,0.00000,0.000000,565.8133,,,,,
34.7628,cmd,,,,,,0.00000,0.00000,,,
34.7637,target,1791287086577101824,0.00000,0.00000,0.000000,565.8121,,,,,
34.7638,status,,,,,,,,LOST,,
34.7988,target,1791287086610460672,0.00000,0.00000,0.000000,565.8139,,,,,
34.8130,cmd,,,,,,0.00000,0.00000,,,
34.8133,status,,,,,,,,LOST,,
34.8301,target,1791287086643819264,0.00000,0.00000,0.000000,565.8118,,,,,
34.8627,cmd,,,,,,0.00000,0.00000,,,
34.8628,status,,,,,,,,LOST,,
34.8646,target,1791287086677178112,0.00000,0.00000,0.000000,565.8129,,,,,
34.9007,target,1791287086710536960,0.00000,0.00000,0.000000,565.8156,,,,,
34.9132,cmd,,,,,,0.00000,0.00000,,,
34.9135,status,,,,,,,,LOST,,
34.9317,target,1791287086743895808,0.00000,0.00000,0.000000,565.8133,,,,,
34.9627,cmd,,,,,,0.00000,0.00000,,,
34.9628,status,,,,,,,,LOST,,
34.9653,target,1791287086777254656,0.00000,0.00000,0.000000,565.8135,,,,,
34.9741,joint,,,,,,,,,0.48320,0.41418
34.9991,target,1791287086810613248,0.00000,0.00000,0.000000,565.8140,,,,,
35.0129,cmd,,,,,,0.00000,0.00000,,,
35.0130,status,,,,,,,,LOST,,
35.0311,target,1791287086843972096,0.00000,0.00000,0.000000,565.8126,,,,,
35.0627,cmd,,,,,,0.00000,0.00000,,,
35.0644,target,1791287086877330944,0.00000,0.00000,0.000000,565.8125,,,,,
35.0645,status,,,,,,,,LOST,,
35.1002,target,1791287086910690048,0.00000,0.00000,0.000000,565.8150,,,,,
35.1127,cmd,,,,,,0.00000,0.00000,,,
35.1128,status,,,,,,,,LOST,,
35.1336,target,1791287086944048896,0.00000,0.00000,0.000000,565.8151,,,,,
35.1628,cmd,,,,,,0.00000,0.00000,,,
35.1629,status,,,,,,,,LOST,,
35.1647,target,1791287086977407488,0.00000,0.00000,0.000000,565.8128,,,,,
35.1998,target,1791287087010766336,0.00000,0.00000,0.000000,565.8145,,,,,
35.2131,cmd,,,,,,0.00000,0.00000,,,
35.2135,status,,,,,,,,LOST,,
35.2319,target,1791287087044125184,0.00000,0.00000,0.000000,565.8132,,,,,
35.2628,cmd,,,,,,0.00000,0.00000,,,
35.2629,status,,,,,,,,LOST,,
35.2648,target,1791287087077484032,0.00000,0.00000,0.000000,565.8129,,,,,
35.2993,target,1791287087110843136,0.00000,0.00000,0.000000,565.8139,,,,,
35.3132,cmd,,,,,,0.00000,0.00000,,,
35.3137,status,,,,,,,,LOST,,
35.3313,target,1791287087144201984,0.00000,0.00000,0.000000,565.8125,,,,,
35.3629,cmd,,,,,,0.00000,0.00000,,,
35.3630,status,,,,,,,,LOST,,
35.3649,target,1791287087177560832,0.00000,0.00000,0.000000,565.8128,,,,,
35.3991,target,1791287087210917120,0.00000,0.00000,0.000000,565.8137,,,,,
35.4135,cmd,,,,,,0.00000,0.00000,,,
35.4137,status,,,,,,,,LOST,,
35.4330,target,1791287087244273920,0.00000,0.00000,0.000000,565.8142,,,,,
35.4575,joint,,,,,,,,,0.48320,0.41418
35.4628,cmd,,,,,,0.00000,0.00000,,,
35.4643,target,1791287087277630720,0.00000,0.00000,0.000000,565.8122,,,,,
35.4644,status,,,,,,,,LOST,,
35.5010,target,1791287087310987008,0.00000,0.00000,0.000000,565.8155,,,,,
35.5137,cmd,,,,,,0.00000,0.00000,,,
35.5139,status,,,,,,,,LOST,,
35.5320,target,1791287087344343552,0.00000,0.00000,0.000000,565.8132,,,,,
35.5625,cmd,,,,,,0.00000,0.00000,,,
35.5625,status,,,,,,,,LOST,,
35.5652,target,1791287087377700096,0.00000,0.00000,0.000000,565.8130,,,,,
35.5999,target,1791287087411056640,0.00000,0.00000,0.000000,565.8144,,,,,
35.6129,cmd,,,,,,0.00000,0.00000,,,
35.6130,status,,,,,,,,LOST,,
35.6316,target,1791287087444413440,0.00000,0.00000,0.000000,565.8127,,,,,
35.6630,cmd,,,,,,0.00000,0.00000,,,
35.6631,status,,,,,,,,LOST,,
35.6679,target,1791287087477769728,0.22675,0.86070,0.008242,565.8156,,,,,
35.7034,target,1791287087511126272,0.21859,0.77283,0.013581,565.8177,,,,,
35.7134,cmd,,,,,,0.00000,0.00000,,,
35.7142,status,,,,,,,,LOST,,
35.7370,target,1791287087544482816,0.21734,0.77187,0.013589,565.8180,,,,,
35.7664,cmd,,,,,,-0.32601,-0.40000,,,
35.7665,status,,,,,,,,TRACKING,,
35.7719,target,1791287087577839360,0.21600,0.77250,0.013592,565.8196,,,,,
35.8095,target,1791287087611195904,0.21407,0.77287,0.013700,565.8238,,,,,
35.8127,cmd,,,,,,-0.32111,-0.40000,,,
35.8128,status,,,,,,,,TRACKING,,
35.8377,target,1791287087644552448,0.21316,0.77319,0.013633,565.8187,,,,,
35.8640,cmd,,,,,,-0.31974,-0.40000,,,
35.8641,status,,,,,,,,TRACKING,,
35.8739,target,1791287087677908992,0.21310,0.77539,0.013568,565.8215,,,,,
35.9101,target,1791287087711265280,0.21332,0.77760,0.013442,565.8243,,,,,
35.9123,cmd,,,,,,-0.31998,-0.40000,,,
35.9124,status,,,,,,,,TRACKING,,
35.9376,target,1791287087744621824,0.21334,0.77962,0.013355,565.8185,,,,,
35.9627,cmd,,,,,,-0.32000,-0.40000,,,
35.9629,status,,,,,,,,TRACKING,,
35.9744,target,1791287087777978368,0.21403,0.78034,0.013312,565.8219,,,,,
35.9937,joint,,,,,,,,,0.48014,0.41111
36.0075,target,1791287087811334912,0.21286,0.77648,0.013440,565.8216,,,,,
36.0124,cmd,,,,,,-0.31929,-0.40000,,,
36.0125,status,,,,,,,,TRACKING,,
36.0391,target,1791287087844691456,0.21115,0.77008,0.013691,565.8199,,,,,
36.0626,cmd,,,,,,-0.31673,-0.40000,,,
36.0627,status,,,,,,,,TRACKING,,
36.0744,target,1791287087878047744,0.20769,0.74916,0.013262,565.8218,,,,,
36.1062,target,1791287087911404288,0.20414,0.73390,0.013203,565.8203,,,,,
36.1124,cmd,,,,,,-0.30622,-0.40000,,,
36.1127,status,,,,,,,,TRACKING,,
36.1386,target,1791287087944760832,0.19996,0.71081,0.012934,565.8193,,,,,
36.1625,cmd,,,,,,-0.29994,-0.40000,,,
36.1627,status,,,,,,,,TRACKING,,
36.1739,target,1791287087978117120,0.19646,0.68790,0.012823,565.8213,,,,,
36.2089,target,1791287088011473664,0.19221,0.65740,0.012500,565.8229,,,,,
36.2121,cmd,,,,,,-0.28831,-0.40000,,,
36.2123,status,,,,,,,,TRACKING,,
36.2383,target,1791287088044829952,0.18626,0.63183,0.012363,565.8190,,,,,
36.2628,cmd,,,,,,-0.27938,-0.40000,,,
36.2629,status,,,,,,,,TRACKING,,
36.2737,target,1791287088078186496,0.18238,0.60080,0.012164,565.8211,,,,,
36.3088,target,1791287088111543040,0.18346,0.57318,0.012081,565.8227,,,,,
36.3122,cmd,,,,,,-0.27518,-0.40000,,,
36.3123,status,,,,,,,,TRACKING,,
36.3391,target,1791287088144899328,0.18762,0.54189,0.011988,565.8197,,,,,
36.3627,cmd,,,,,,-0.28143,-0.40000,,,
36.3628,status,,,,,,,,TRACKING,,
36.3741,target,1791287088178255872,0.19303,0.51338,0.011827,565.8213,,,,,
36.4108,target,1791287088211612928,0.19878,0.48047,0.011697,565.8246,,,,,
36.4131,cmd,,,,,,-0.29816,-0.38437,,,
36.4132,status,,,,,,,,TRACKING,,
36.4379,target,1791287088244970240,0.20586,0.45053,0.011645,565.8184,,,,,
36.4626,cmd,,,,,,-0.30879,-0.36043,,,
36.4628,status,,,,,,,,TRACKING,,
36.4742,target,1791287088278327552,0.21361,0.42409,0.011478,565.8214,,,,,
36.4939,joint,,,,,,,,,0.35128,0.24237
36.5078,target,1791287088311684864,0.22229,0.39319,0.011385,565.8216,,,,,
36.5125,cmd,,,,,,-0.33344,-0.31455,,,
36.5126,status,,,,,,,,TRACKING,,
36.5397,target,1791287088345041920,0.23290,0.36151,0.011272,565.8202,,,,,
36.5628,cmd,,,,,,-0.34935,-0.28921,,,
36.5629,status,,,,,,,,TRACKING,,
36.5749,target,1791287088378399488,0.24455,0.33021,0.011291,565.8220,,,,,
36.6075,target,1791287088411756544,0.25524,0.29229,0.011335,565.8212,,,,,
36.6125,cmd,,,,,,-0.38285,-0.23383,,,
36.6126,status,,,,,,,,TRACKING,,
36.6399,target,1791287088445113856,0.26334,0.25719,0.011714,565.8203,,,,,
36.6626,cmd,,,,,,-0.39501,-0.20575,,,
36.6634,status,,,,,,,,TRACKING,,
36.6747,target,1791287088478470912,0.27223,0.22227,0.011970,565.8217,,,,,
36.7108,target,1791287088511828224,0.27811,0.18372,0.012298,565.8245,,,,,
36.7130,cmd,,,,,,-0.41717,-0.14698,,,
36.7132,status,,,,,,,,TRACKING,,
36.7391,target,1791287088545185536,0.28219,0.15076,0.012721,565.8195,,,,,
36.7626,cmd,,,,,,-0.42329,-0.12061,,,
36.7628,status,,,,,,,,TRACKING,,
36.7746,target,1791287088578542848,0.28305,0.11866,0.012821,565.8216,,,,,
36.8111,target,1791287088611899904,0.28112,0.08957,0.013147,565.8247,,,,,
36.8132,cmd,,,,,,-0.42169,-0.07166,,,
36.8134,status,,,,,,,,TRACKING,,
36.8386,target,1791287088645256960,0.28050,0.06145,0.013227,565.8188,,,,,
36.8629,cmd,,,,,,-0.42075,-0.04916,,,
36.8632,status,,,,,,,,TRACKING,,
36.8756,target,1791287088678614272,0.28047,0.03665,0.012858,565.8225,,,,,
36.9103,target,1791287088711971584,0.27865,0.00961,0.012958,565.8239,,,,,
36.9125,cmd,,,,,,-0.41797,0.00000,,,
36.9127,status,,,,,,,,TRACKING,,
36.9390,target,1791287088745328896,0.27630,-0.01741,0.013066,565.8191,,,,,
36.9626,cmd,,,,,,-0.41445,0.00000,,,
36.9641,status,,,,,,,,TRACKING,,
36.9745,target,1791287088778685952,0.27243,-0.04102,0.013266,565.8213,,,,,
37.0109,target,1791287088812043264,0.26917,-0.06286,0.013177,565.8244,,,,,
37.0131,cmd,,,,,,-0.40375,0.05029,,,
37.0133,status,,,,,,,,TRACKING,,
37.0137,joint,,,,,,,,,0.19788,0.07823
37.0392,target,1791287088845400320,0.26218,-0.07945,0.013433,565.8193,,,,,
37.0628,cmd,,,,,,-0.39327,0.06356,,,
37.0631,status,,,,,,,,TRACKING,,
37.0756,target,1791287088878757632,0.25381,-0.09026,0.013403,565.8224,,,,,
37.1095,target,1791287088912114688,0.24496,-0.09298,0.013273,565.8229,,,,,
37.1122,cmd,,,,,,-0.36744,0.07438,,,
37.1124,status,,,,,,,,TRACKING,,
37.1398,target,1791287088945472256,0.23632,-0.10032,0.013056,565.8199,,,,,
37.1627,cmd,,,,,,-0.35448,0.08025,,,
37.1632,status,,,,,,,,TRACKING,,
37.1760,target,1791287088978829312,0.22656,-0.10560,0.012995,565.8226,,,,,
37.2094,target,1791287089012186624,0.21668,-0.11140,0.013099,565.8227,,,,,
37.2123,cmd,,,,,,-0.32502,0.08912,,,
37.2124,status,,,,,,,,TRACKING,,
37.2394,target,1791287089045543680,0.20781,-0.11425,0.013036,565.8194,,,,,
37.2628,cmd,,,,,,-0.31171,0.09140,,,
37.2629,status,,,,,,,,TRACKING,,
37.2746,target,1791287089078900992,0.20063,-0.11754,0.012888,565.8212,,,,,
37.3113,target,1791287089112258048,0.19312,-0.11943,0.012598,565.8245,,,,,
37.3124,cmd,,,,,,-0.30095,0.09403,,,
37.3126,status,,,,,,,,TRACKING,,
37.3406,target,1791287089145615360,0.18556,-0.11883,0.012576,565.8205,,,,,
37.3626,cmd,,,,,,-0.27834,0.09506,,,
37.3628,status,,,,,,,,TRACKING,,
37.3735,target,1791287089178972416,0.17831,-0.11408,0.012624,565.8200,,,,,
37.4119,target,1791287089212329728,0.17299,-0.10860,0.012470,565.8251,,,,,
37.4128,cmd,,,,,,-0.26746,0.09127,,,
37.4130,status,,,,,,,,TRACKING,,
37.4412,target,1791287089245687552,0.16928,-0.10493,0.012465,565.8210,,,,,
37.4627,cmd,,,,,,-0.25392,0.08394,,,
37.4628,status,,,,,,,,TRACKING,,
37.4744,target,1791287089279045120,0.16703,-0.10283,0.012365,565.8208,,,,,
37.5111,target,1791287089312402688,0.16576,-0.10205,0.012114,565.8242,,,,,
37.5131,cmd,,,,,,-0.24864,0.08164,,,
37.5135,status,,,,,,,,TRACKING,,
37.5137,joint,,,,,,,,,0.00307,0.09051
37.5395,target,1791287089345760256,0.16645,-0.10271,0.011836,565.8193,,,,,
37.5628,cmd,,,,,,-0.24967,0.08217,,,
37.5629,status,,,,,,,,TRACKING,,
37.5756,target,1791287089379117568,0.16859,-0.10730,0.011695,565.8220,,,,,
37.6107,target,1791287089412475392,0.17325,-0.11015,0.011306,565.8237,,,,,
37.6128,cmd,,,,,,-0.25988,0.08812,,,
37.6130,status,,,,,,,,TRACKING,,
37.6399,target,1791287089445832704,0.17831,-0.11580,0.011202,565.8196,,,,,
37.6627,cmd,,,,,,-0.26747,0.09264,,,
37.6631,status,,,,,,,,TRACKING,,
37.6760,target,1791287089479190528,0.18432,-0.11815,0.010857,565.8223,,,,,
37.7097,target,1791287089512547840,0.18961,-0.12219,0.010803,565.8227,,,,,
37.7128,cmd,,,,,,-0.28441,0.09775,,,
37.7129,status,,,,,,,,TRACKING,,
37.7393,target,1791287089545905408,0.19387,-0.12143,0.010645,565.8189,,,,,
37.7624,cmd,,,,,,-0.29080,0.09715,,,
37.7625,status,,,,,,,,TRACKING,,
37.7738,target,1791287089579262976,0.19738,-0.12226,0.010816,565.8200,,,,,
37.8110,target,1791287089612620544,0.20138,-0.12015,0.010612,565.8239,,,,,
37.8133,cmd,,,,,,-0.30207,0.09612,,,
37.8136,status,,,,,,,,TRACKING,,
37.8394,target,1791287089645978368,0.20619,-0.11831,0.010503,565.8189,,,,,
37.8626,cmd,,,,,,-0.30929,0.09465,,,
37.8628,status,,,,,,,,TRACKING,,
37.8756,target,1791287089679335680,0.21199,-0.11996,0.010239,565.8218,,,,,
37.9095,target,1791287089712693248,0.21966,-0.12465,0.009952,565.8223,,,,,
37.9122,cmd,,,,,,-0.32949,0.09972,,,
37.9125,status,,,,,,,,TRACKING,,
37.9395,target,1791287089746050816,0.22686,-0.13331,0.009868,565.8189,,,,,
37.9626,cmd,,,,,,-0.34029,0.10665,,,
37.9628,status,,,,,,,,TRACKING,,
37.9752,target,1791287089779408384,0.23319,-0.14237,0.009722,565.8213,,,,,
38.0116,target,1791287089812765952,0.23737,-0.15262,0.009492,565.8244,,,,,
38.0127,cmd,,,,,,-0.34979,0.11389,,,
38.0128,status,,,,,,,,TRACKING,,
38.0355,joint,,,,,,,,,-0.13192,0.12732
38.0410,target,1791287089846123520,0.24021,-0.16976,0.009416,565.8204,,,,,
38.0625,cmd,,,,,,-0.36032,0.13581,,,
38.0627,status,,,,,,,,TRACKING,,
38.0774,target,1791287089879481088,0.24109,-0.18170,0.009349,565.8234,,,,,
38.1091,target,1791287089912838656,0.24115,-0.19720,0.009362,565.8218,,,,,
38.1121,cmd,,,,,,-0.36173,0.15776,,,
38.1121,status,,,,,,,,TRACKING,,
38.1409,target,1791287089946196224,0.24031,-0.20960,0.009401,565.8202,,,,,
38.1625,cmd,,,,,,-0.36046,0.16768,,,
38.1627,status,,,,,,,,TRACKING,,
38.1750,target,1791287089979553792,0.23709,-0.22127,0.009395,565.8209,,,,,
38.2121,target,1791287090012911360,0.23164,-0.22218,0.009217,565.8247,,,,,
38.2125,cmd,,,,,,-0.35564,0.17702,,,
38.2126,status,,,,,,,,TRACKING,,
38.2416,target,1791287090046268672,0.22762,-0.22086,0.009076,565.8209,,,,,
38.2625,cmd,,,,,,-0.34143,0.17669,,,
38.2633,status,,,,,,,,TRACKING,,
38.2745,target,1791287090079626496,0.22453,-0.22620,0.009132,565.8204,,,,,
38.3107,target,1791287090112984064,0.22378,-0.23350,0.008954,565.8233,,,,,
38.3129,cmd,,,,,,-0.33567,0.18680,,,
38.3133,status,,,,,,,,TRACKING,,
38.3395,target,1791287090146341632,0.21994,-0.23509,0.008850,565.8186,,,,,
38.3626,cmd,,,,,,-0.32991,0.18807,,,
38.3627,status,,,,,,,,TRACKING,,
38.3766,target,1791287090179699200,0.21937,-0.24850,0.009208,565.8224,,,,,
38.4108,target,1791287090213056768,0.21673,-0.25186,0.009247,565.8233,,,,,
38.4130,cmd,,,,,,-0.32510,0.20149,,,
38.4132,status,,,,,,,,TRACKING,,
38.4396,target,1791287090246414848,0.21378,-0.25644,0.009160,565.8186,,,,,
38.4627,cmd,,,,,,-0.32068,0.20515,,,
38.4642,status,,,,,,,,TRACKING,,
38.4761,target,1791287090279772416,0.21212,-0.26491,0.009364,565.8219,,,,,
38.5114,target,1791287090313130240,0.20878,-0.25884,0.008841,565.8237,,,,,
38.5124,cmd,,,,,,-0.31818,0.21193,,,
38.5125,status,,,,,,,,TRACKING,,
38.5359,joint,,,,,,,,,-0.29606,0.18561
38.5409,target,1791287090346488064,0.20241,-0.25477,0.007860,565.8199,,,,,
38.5642,cmd,,,,,,-0.30362,0.20381,,,
38.5643,status,,,,,,,,TRACKING,,
38.5759,target,1791287090379845632,0.20183,-0.25366,0.007604,565.8215,,,,,
38.6093,target,1791287090413203456,0.20202,-0.24890,0.007480,565.8216,,,,,
38.6122,cmd,,,,,,-0.30304,0.19912,,,
38.6126,status,,,,,,,,TRACKING,,
38.6419,target,1791287090446561280,0.20235,-0.24116,0.007567,565.8209,,,,,
38.6642,cmd,,,,,,-0.30352,0.19293,,,
38.6643,status,,,,,,,,TRACKING,,
38.6768,target,1791287090479918848,0.20219,-0.23261,0.007470,565.8224,,,,,
38.7113,target,1791287090513276672,0.20222,-0.23322,0.007431,565.8235,,,,,
38.7122,cmd,,,,,,-0.30329,0.18609,,,
38.7124,status,,,,,,,,TRACKING,,
38.7439,target,1791287090546634496,0.20321,-0.23503,0.007376,565.8227,,,,,
38.7628,cmd,,,,,,-0.30482,0.18802,,,
38.7629,status,,,,,,,,TRACKING,,
38.7769,target,1791287090579992064,0.20394,-0.24224,0.007357,565.8224,,,,,
38.8114,target,1791287090613350144,0.20438,-0.25477,0.007214,565.8235,,,,,
38.8124,cmd,,,,,,-0.30591,0.19380,,,
38.8128,status,,,,,,,,TRACKING,,
38.8408,target,1791287090646707712,0.20440,-0.27078,0.007253,565.8196,,,,,
38.8627,cmd,,,,,,-0.30660,0.21662,,,
38.8630,status,,,,,,,,TRACKING,,
38.8765,target,1791287090680065536,0.20216,-0.28579,0.007138,565.8220,,,,,
38.9118,target,1791287090713423360,0.19798,-0.30140,0.007520,565.8239,,,,,
38.9123,cmd,,,,,,-0.30324,0.22863,,,
38.9132,status,,,,,,,,TRACKING,,
38.9403,target,1791287090746780928,0.19070,-0.31097,0.007465,565.8190,,,,,
38.9643,cmd,,,,,,-0.28605,0.24878,,,
38.9644,status,,,,,,,,TRACKING,,
38.9743,target,1791287090780139008,0.18196,-0.32195,0.007561,565.8197,,,,,
39.0126,target,1791287090813496576,0.17176,-0.33619,0.007732,565.8246,,,,,
39.0127,cmd,,,,,,-0.27295,0.25756,,,
39.0128,status,,,,,,,,TRACKING,,
39.0414,target,1791287090846854400,0.16176,-0.35242,0.007943,565.8200,,,,,
39.0568,joint,,,,,,,,,-0.44792,0.27765
39.0628,cmd,,,,,,-0.24264,0.28194,,,
39.0629,status,,,,,,,,TRACKING,,
39.0745,target,1791287090880212224,0.15238,-0.37387,0.008479,565.8198,,,,,
39.1111,target,1791287090913570048,0.14195,-0.39549,0.008932,565.8231,,,,,
39.1142,cmd,,,,,,-0.22856,0.29909,,,
39.1143,status,,,,,,,,TRACKING,,
39.1410,target,1791287090946927616,0.12814,-0.41686,0.009325,565.8195,,,,,
39.1627,cmd,,,,,,-0.19222,0.33349,,,
39.1644,status,,,,,,,,TRACKING,,
39.1769,target,1791287090980285696,0.11253,-0.43178,0.009514,565.8221,,,,,
39.2119,target,1791287091013643264,0.09392,-0.43850,0.009701,565.8238,,,,,
39.2128,cmd,,,,,,-0.16880,0.34542,,,
39.2129,status,,,,,,,,TRACKING,,
39.2413,target,1791287091047001344,0.07450,-0.44141,0.009898,565.8198,,,,,
39.2628,cmd,,,,,,-0.11175,0.35313,,,
39.2631,status,,,,,,,,TRACKING,,
39.2772,target,1791287091080358912,0.05357,-0.44004,0.010197,565.8223,,,,,
39.3115,target,1791287091113716736,0.03068,-0.42920,0.010451,565.8233,,,,,
39.3126,cmd,,,,,,-0.08036,0.35203,,,
39.3127,status,,,,,,,,TRACKING,,
39.3412,target,1791287091147074816,0.00832,-0.42269,0.011237,565.8197,,,,,
39.3626,cmd,,,,,,0.00000,0.33815,,,
39.3646,status,,,,,,,,TRACKING,,
39.3753,target,1791287091180432384,-0.01553,-0.41021,0.011608,565.8204,,,,,
39.4101,target,1791287091213789696,-0.04045,-0.39483,0.012059,565.8218,,,,,
39.4127,cmd,,,,,,0.00000,0.31587,,,
39.4128,status,,,,,,,,TRACKING,,
39.4420,target,1791287091247147264,-0.06417,-0.37742,0.012272,565.8203,,,,,
39.4628,cmd,,,,,,0.09626,0.30193,,,
39.4629,status,,,,,,,,TRACKING,,
39.4763,target,1791287091280504576,-0.08828,-0.35587,0.012754,565.8213,,,,,
39.5103,target,1791287091313861888,-0.11069,-0.33134,0.013414,565.8219,,,,,
39.5123,cmd,,,,,,0.16604,0.26507,,,
39.5124,status,,,,,,,,TRACKING,,
39.5441,target,1791287091347219200,-0.12965,-0.30400,0.013845,565.8223,,,,,
39.5628,cmd,,,,,,0.19448,0.24320,,,
39.5629,status,,,,,,,,TRACKING,,
39.5740,joint,,,,,,,,,-0.56911,0.40344
39.5765,target,1791287091380576768,-0.14672,-0.27782,0.014347,565.8214,,,,,
39.6114,target,1791287091413934080,-0.16214,-0.24302,0.014379,565.8230,,,,,
39.6124,cmd,,,,,,0.22008,0.22226,,,
39.6125,status,,,,,,,,TRACKING,,
39.6440,target,1791287091447291392,-0.17740,-0.20598,0.014444,565.8222,,,,,
39.6627,cmd,,,,,,0.26610,0.16478,,,
39.6628,status,,,,,,,,TRACKING,,
39.6774,target,1791287091480648960,-0.19327,-0.16546,0.014262,565.8222,,,,,
39.7119,target,1791287091514006016,-0.21069,-0.12589,0.014054,565.8234,,,,,
39.7126,cmd,,,,,,0.28990,0.13236,,,
39.7126,status,,,,,,,,TRACKING,,
39.7418,target,1791287091547363584,-0.23035,-0.07961,0.014036,565.8200,,,,,
39.7627,cmd,,,,,,0.34553,0.06369,,,
39.7629,status,,,,,,,,TRACKING,,
39.7778,target,1791287091580720896,-0.24790,-0.03438,0.014347,565.8226,,,,,
39.8130,target,1791287091614078464,-0.26405,0.01691,0.014206,565.8244,,,,,
39.8131,cmd,,,,,,0.37186,0.00000,,,
39.8132,status,,,,,,,,TRACKING,,
39.8437,target,1791287091647435776,-0.28007,0.04877,0.014703,565.8217,,,,,
39.8640,cmd,,,,,,0.42011,0.00000,,,
39.8641,status,,,,,,,,TRACKING,,
39.8762,target,1791287091680793088,-0.29638,0.07779,0.014618,565.8209,,,,,
39.9130,cmd,,,,,,0.44456,-0.06223,,,
39.9154,target,1791287091714150400,-0.31354,0.09385,0.015397,565.8267,,,,,
39.9155,status,,,,,,,,TRACKING,,
39.9420,target,1791287091747507712,-0.32956,0.11696,0.015634,565.8200,,,,,
39.9628,cmd,,,,,,0.49435,-0.09357,,,
39.9629,status,,,,,,,,TRACKING,,
39.9776,target,1791287091780865280,-0.34607,0.12839,0.016074,565.8222,,,,,
40.0123,target,1791287091814222592,-0.36497,0.14225,0.016864,565.8236,,,,,
40.0127,cmd,,,,,,0.51910,-0.10271,,,
40.0128,status,,,,,,,,TRACKING,,
40.0440,target,1791287091847580160,-0.38451,0.15731,0.017758,565.8219,,,,,
40.0627,cmd,,,,,,0.57677,-0.12585,,,
40.0629,status,,,,,,,,TRACKING,,
40.0764,target,1791287091880937216,-0.40374,0.16794,0.018958,565.8210,,,,,
40.1134,cmd,,,,,,0.60000,-0.13435,,,
40.1136,status,,,,,,,,TRACKING,,
40.1142,target,1791287091914294784,-0.42084,0.17087,0.019399,565.8254,,,,,
40.1144,joint,,,,,,,,,-0.49854,0.51235
40.1418,target,1791287091947652096,-0.43873,0.17503,0.019900,565.8197,,,,,
40.1624,cmd,,,,,,0.60000,-0.14002,,,
40.1625,status,,,,,,,,TRACKING,,
40.1772,target,1791287091981009408,-0.45679,0.18115,0.020184,565.8217,,,,,
40.2113,target,1791287092014366976,-0.47675,0.18637,0.020731,565.8224,,,,,
40.2125,cmd,,,,,,0.60000,-0.14492,,,
40.2126,status,,,,,,,,TRACKING,,
40.2420,target,1791287092047724288,-0.49478,0.19582,0.020122,565.8197,,,,,
40.2628,cmd,,,,,,0.60000,-0.15666,,,
40.2629,status,,,,,,,,TRACKING,,
40.2784,target,1791287092081081600,-0.50938,0.21143,0.019403,565.8228,,,,,
40.3114,target,1791287092114438912,-0.52363,0.21409,0.018262,565.8224,,,,,
40.3124,cmd,,,,,,0.60000,-0.16914,,,
40.3125,status,,,,,,,,TRACKING,,
40.3442,target,1791287092147796480,-0.53017,0.21827,0.016194,565.8219,,,,,
40.3627,cmd,,,,,,0.60000,-0.17462,,,
40.3629,status,,,,,,,,TRACKING,,
40.3768,target,1791287092181153792,-0.53885,0.21590,0.014186,565.8211,,,,,
40.4115,target,1791287092214511104,-0.53567,0.23403,0.011309,565.8224,,,,,
40.4125,cmd,,,,,,0.60000,-0.17272,,,
40.4128,status,,,,,,,,TRACKING,,
40.4446,target,1791287092247868928,-0.56090,0.19587,0.012928,565.8222,,,,,
40.4628,cmd,,,,,,0.60000,-0.15670,,,
40.4630,status,,,,,,,,TRACKING,,
40.4767,target,1791287092281226496,-0.57108,0.19670,0.011756,565.8210,,,,,
40.5129,target,1791287092314584064,-0.57548,0.19480,0.011215,565.8238,,,,,
40.5130,cmd,,,,,,0.60000,-0.15736,,,
40.5131,status,,,,,,,,TRACKING,,
40.5445,target,1791287092347941632,-0.58311,0.18976,0.014271,565.8221,,,,,
40.5627,cmd,,,,,,0.60000,-0.15181,,,
40.5629,status,,,,,,,,TRACKING,,
40.5777,target,1791287092381299200,-0.58858,0.15557,0.017604,565.8219,,,,,
40.6132,cmd,,,,,,0.60000,-0.12445,,,
40.6134,status,,,,,,,,TRACKING,,
40.6150,target,1791287092414656768,-0.59660,0.13097,0.018787,565.8258,,,,,
40.6154,joint,,,,,,,,,-0.26998,0.46786
40.6418,target,1791287092448014336,-0.59625,0.07750,0.023678,565.8192,,,,,
40.6627,cmd,,,,,,0.60000,-0.06200,,,
40.6628,status,,,,,,,,TRACKING,,
40.6761,target,1791287092481372160,-0.59017,0.04418,0.025773,565.8202,,,,,
40.7144,cmd,,,,,,0.60000,0.00000,,,
40.7148,status,,,,,,,,TRACKING,,
40.7152,target,1791287092514729472,-0.57855,0.02901,0.026259,565.8260,,,,,
40.7413,target,1791287092548087040,-0.56451,0.10412,0.018194,565.8187,,,,,
40.7630,cmd,,,,,,0.60000,-0.08329,,,
40.7631,status,,,,,,,,TRACKING,,
40.7768,target,1791287092581444608,0.00000,0.00000,0.000000,565.8209,,,,,
40.8093,target,1791287092614802176,0.00000,0.00000,0.000000,565.8200,,,,,
40.8123,cmd,,,,,,0.00000,0.00000,,,
40.8124,status,,,,,,,,LOST,,
40.8383,target,1791287092648160000,0.00000,0.00000,0.000000,565.8157,,,,,
40.8630,cmd,,,,,,0.00000,0.00000,,,
40.8632,status,,,,,,,,LOST,,
40.8732,target,1791287092681517312,0.00000,0.00000,0.000000,565.8171,,,,,
40.9049,target,1791287092714874880,0.00000,0.00000,0.000000,565.8156,,,,,
40.9125,cmd,,,,,,0.00000,0.00000,,,
40.9131,status,,,,,,,,LOST,,
40.9354,target,1791287092748232448,0.00000,0.00000,0.000000,565.8127,,,,,
40.9635,cmd,,,,,,0.00000,0.00000,,,
40.9636,status,,,,,,,,LOST,,
40.9709,target,1791287092781590016,0.00000,0.00000,0.000000,565.8148,,,,,
41.0041,target,1791287092814947840,0.00000,0.00000,0.000000,565.8146,,,,,
41.0126,cmd,,,,,,0.00000,0.00000,,,
41.0132,status,,,,,,,,LOST,,
41.0353,target,1791287092848305152,0.00000,0.00000,0.000000,565.8125,,,,,
41.0634,cmd,,,,,,0.00000,0.00000,,,
41.0635,status,,,,,,,,LOST,,
41.0707,target,1791287092881662720,0.00000,0.00000,0.000000,565.8145,,,,,
41.1048,target,1791287092915020288,0.00000,0.00000,0.000000,565.8152,,,,,
41.1133,cmd,,,,,,0.00000,0.00000,,,
41.1134,status,,,,,,,,LOST,,
41.1340,joint,,,,,,,,,-0.07977,0.42798
41.1344,target,1791287092948377856,0.00000,0.00000,0.000000,565.8115,,,,,
41.1648,cmd,,,,,,0.00000,0.00000,,,
41.1664,status,,,,,,,,LOST,,
41.1707,target,1791287092981735680,0.00000,0.00000,0.000000,565.8145,,,,,
41.2057,target,1791287093015092992,0.00000,0.00000,0.000000,565.8161,,,,,
41.2124,cmd,,,,,,0.00000,0.00000,,,
41.2127,status,,,,,,,,LOST,,
41.2348,target,1791287093048450560,0.00000,0.00000,0.000000,565.8118,,,,,
41.2635,cmd,,,,,,0.00000,0.00000,,,
41.2636,status,,,,,,,,LOST,,
41.2712,target,1791287093081808128,0.00000,0.00000,0.000000,565.8149,,,,,
41.3043,target,1791287093115165696,0.00000,0.00000,0.000000,565.8146,,,,,
41.3129,cmd,,,,,,0.00000,0.00000,,,
41.3130,status,,,,,,,,LOST,,
41.3358,target,1791287093148523264,0.00000,0.00000,0.000000,565.8127,,,,,
41.3646,cmd,,,,,,0.00000,0.00000,,,
41.3647,status,,,,,,,,LOST,,
41.3710,target,1791287093181880832,0.00000,0.00000,0.000000,565.8146,,,,,
41.4061,target,1791287093215238400,0.00000,0.00000,0.000000,565.8163,,,,,
41.4124,cmd,,,,,,0.00000,0.00000,,,
41.4126,status,,,,,,,,LOST,,
41.4352,target,1791287093248595456,0.00000,0.00000,0.000000,565.8122,,,,,
41.4636,cmd,,,,,,0.00000,0.00000,,,
41.4637,status,,,,,,,,LOST,,
41.4725,target,1791287093281952768,0.00000,0.00000,0.000000,565.8160,,,,,
41.5049,target,1791287093315310336,0.00000,0.00000,0.000000,565.8151,,,,,
41.5128,cmd,,,,,,0.00000,0.00000,,,
41.5130,status,,,,,,,,LOST,,
41.5354,target,1791287093348667392,0.00000,0.00000,0.000000,565.8122,,,,,
41.5634,cmd,,,,,,0.00000,0.00000,,,
41.5636,status,,,,,,,,LOST,,
41.5719,target,1791287093382024960,0.00000,0.00000,0.000000,565.8153,,,,,
41.6130,cmd,,,,,,0.00000,0.00000,,,
41.6131,status,,,,,,,,LOST,,
41.6137,target,1791287093415382272,0.00000,0.00000,0.000000,565.8238,,,,,
41.6365,target,1791287093448739584,0.00000,0.00000,0.000000,565.8132,,,,,
41.6553,joint,,,,,,,,,-0.11352,0.42951
41.6633,cmd,,,,,,0.00000,0.00000,,,
41.6648,status,,,,,,,,LOST,,
41.6716,target,1791287093482096896,0.00000,0.00000,0.000000,565.8150,,,,,
41.7048,target,1791287093515454208,0.00000,0.00000,0.000000,565.8148,,,,,
41.7135,cmd,,,,,,0.00000,0.00000,,,
41.7136,status,,,,,,,,LOST,,
41.7371,target,1791287093548811520,0.00000,0.00000,0.000000,565.8138,,,,,
41.7645,cmd,,,,,,0.00000,0.00000,,,
41.7646,status,,,,,,,,LOST,,
41.7723,target,1791287093582168832,0.00000,0.00000,0.000000,565.8157,,,,,
41.8040,target,1791287093615526144,0.00000,0.00000,0.000000,565.8140,,,,,
41.8131,cmd,,,,,,0.00000,0.00000,,,
41.8134,status,,,,,,,,LOST,,
41.8355,target,1791287093648883456,0.00000,0.00000,0.000000,565.8121,,,,,
41.8634,cmd,,,,,,0.00000,0.00000,,,
41.8648,status,,,,,,,,LOST,,
41.8719,target,1791287093682240768,0.00000,0.00000,0.000000,565.8152,,,,,
41.9061,target,1791287093715598080,0.00000,0.00000,0.000000,565.8160,,,,,
41.9133,cmd,,,,,,0.00000,0.00000,,,
41.9135,status,,,,,,,,LOST,,
41.9355,target,1791287093748955392,0.00000,0.00000,0.000000,565.8121,,,,,
41.9637,cmd,,,,,,0.00000,0.00000,,,
41.9642,status,,,,,,,,LOST,,
41.9720,target,1791287093782312704,0.00000,0.00000,0.000000,565.8152,,,,,
42.0062,target,1791287093815670016,0.00000,0.00000,0.000000,565.8160,,,,,
42.0123,cmd,,,,,,0.00000,0.00000,,,
42.0129,status,,,,,,,,LOST,,
42.0356,target,1791287093849027328,0.00000,0.00000,0.000000,565.8121,,,,,
42.0643,cmd,,,,,,0.00000,0.00000,,,
42.0644,status,,,,,,,,LOST,,
42.0718,target,1791287093882384640,0.00000,0.00000,0.000000,565.8149,,,,,
42.1061,target,1791287093915741952,0.00000,0.00000,0.000000,565.8158,,,,,
42.1124,cmd,,,,,,0.00000,0.00000,,,
42.1125,status,,,,,,,,LOST,,
42.1365,target,1791287093949099008,0.00000,0.00000,0.000000,565.8129,,,,,
42.1636,cmd,,,,,,0.00000,0.00000,,,
42.1637,status,,,,,,,,LOST,,
42.1725,target,1791287093982456576,0.00000,0.00000,0.000000,565.8156,,,,,
42.1737,joint,,,,,,,,,-0.11352,0.43105
42.2050,target,1791287094015813632,0.00000,0.00000,0.000000,565.8146,,,,,
42.2123,cmd,,,,,,0.00000,0.00000,,,
42.2132,status,,,,,,,,LOST,,
42.2352,target,1791287094049171200,0.00000,0.00000,0.000000,565.8115,,,,,
42.2636,cmd,,,,,,0.00000,0.00000,,,
42.2663,status,,,,,,,,LOST,,
42.2719,target,1791287094082528256,0.00000,0.00000,0.000000,565.8149,,,,,
42.3046,target,1791287094115885824,0.00000,0.00000,0.000000,565.8143,,,,,
42.3131,cmd,,,,,,0.00000,0.00000,,,
42.3135,status,,,,,,,,LOST,,
42.3355,target,1791287094149242880,0.00000,0.00000,0.000000,565.8117,,,,,
42.3641,cmd,,,,,,0.00000,0.00000,,,
42.3645,status,,,,,,,,LOST,,
42.3727,target,1791287094182600448,0.00000,0.00000,0.000000,565.8156,,,,,
42.4062,target,1791287094215958016,0.00000,0.00000,0.000000,565.8157,,,,,
42.4126,cmd,,,,,,0.00000,0.00000,,,
42.4128,status,,,,,,,,LOST,,
42.4362,target,1791287094249315328,0.00000,0.00000,0.000000,565.8124,,,,,
42.4638,cmd,,,,,,0.00000,0.00000,,,
42.4663,status,,,,,,,,LOST,,
42.4721,target,1791287094282673152,0.00000,0.00000,0.000000,565.8149,,,,,
42.5067,target,1791287094316030720,0.00000,0.00000,0.000000,565.8161,,,,,
42.5125,cmd,,,,,,0.00000,0.00000,,,
42.5127,status,,,,,,,,LOST,,
42.5402,target,1791287094349388288,-0.31728,0.60245,0.003286,565.8163,,,,,
42.5642,cmd,,,,,,0.00000,0.00000,,,
42.5663,status,,,,,,,,LOST,,
42.5781,target,1791287094382745856,-0.32722,0.41220,0.016914,565.8208,,,,,
42.6134,target,1791287094416103424,-0.32251,0.42628,0.016673,565.8228,,,,,
42.6136,cmd,,,,,,0.00000,0.00000,,,
42.6137,status,,,,,,,,LOST,,
42.6458,target,1791287094449461248,-0.31479,0.45372,0.016165,565.8219,,,,,
42.6643,cmd,,,,,,0.47218,-0.36297,,,
42.6645,status,,,,,,,,TRACKING,,
42.6808,target,1791287094482818560,-0.30388,0.49530,0.015864,565.8235,,,,,
42.6958,joint,,,,,,,,,-0.11352,0.43105
42.7155,target,1791287094516176384,-0.29260,0.55070,0.015896,565.8248,,,,,
42.7157,cmd,,,,,,0.45582,-0.39624,,,
42.7158,status,,,,,,,,TRACKING,,
42.7460,target,1791287094549533952,-0.28220,0.61738,0.015723,565.8219,,,,,
42.7633,cmd,,,,,,0.42330,-0.40000,,,
42.7634,status,,,,,,,,TRACKING,,
42.7791,target,1791287094582891520,-0.26893,0.70374,0.016235,565.8217,,,,,
42.8144,cmd,,,,,,0.40340,-0.40000,,,
42.8146,status,,,,,,,,TRACKING,,
42.8163,target,1791287094616249088,-0.25481,0.75933,0.015955,565.8256,,,,,
42.8447,target,1791287094649606656,-0.24133,0.79257,0.014475,565.8206,,,,,
42.8651,cmd,,,,,,0.36199,-0.40000,,,
42.8652,status,,,,,,,,TRACKING,,
42.8818,target,1791287094682964480,-0.22709,0.82117,0.012496,565.8243,,,,,
42.9132,cmd,,,,,,0.34063,-0.40000,,,
42.9134,status,,,,,,,,TRACKING,,
42.9138,target,1791287094716322048,-0.20810,0.83896,0.010948,565.8229,,,,,
42.9460,target,1791287094749679360,-0.18728,0.85251,0.010072,565.8218,,,,,
42.9644,cmd,,,,,,0.28092,-0.40000,,,
42.9645,status,,,,,,,,TRACKING,,
42.9790,target,1791287094783037184,-0.16546,0.85793,0.009301,565.8215,,,,,
43.0133,cmd,,,,,,0.24819,-0.40000,,,
43.0137,status,,,,,,,,TRACKING,,
43.0154,target,1791287094816394752,-0.14323,0.85602,0.009019,565.8245,,,,,
43.0451,target,1791287094849752320,-0.11818,0.85357,0.009234,565.8209,,,,,
43.0639,cmd,,,,,,0.17726,-0.40000,,,
43.0659,status,,,,,,,,TRACKING,,
43.0803,target,1791287094883109888,-0.09627,0.84515,0.009620,565.8227,,,,,
43.1136,cmd,,,,,,0.14441,-0.40000,,,
43.1140,target,1791287094916467456,-0.07842,0.83612,0.010408,565.8231,,,,,
43.1143,status,,,,,,,,TRACKING,,
43.1457,target,1791287094949825280,-0.06463,0.81632,0.011795,565.8214,,,,,
43.1634,cmd,,,,,,0.09695,-0.40000,,,
43.1655,status,,,,,,,,TRACKING,,
43.1783,target,1791287094983182848,-0.05454,0.79639,0.012604,565.8206,,,,,
43.2127,target,1791287095016540416,-0.04939,0.76956,0.012897,565.8217,,,,,
43.2128,cmd,,,,,,0.08182,-0.40000,,,
43.2129,status,,,,,,,,TRACKING,,
43.2142,joint,,,,,,,,,-0.04448,0.33594
43.2446,target,1791287095049897984,-0.04562,0.73212,0.012635,565.8202,,,,,
43.2636,cmd,,,,,,0.00000,-0.40000,,,
43.2638,status,,,,,,,,TRACKING,,
43.2787,target,1791287095083255552,-0.04537,0.69403,0.012678,565.8209,,,,,
43.3130,target,1791287095116613376,-0.04955,0.65775,0.012938,565.8219,,,,,
43.3132,cmd,,,,,,0.00000,-0.40000,,,
43.3133,status,,,,,,,,TRACKING,,
43.3459,target,1791287095149970944,-0.05884,0.61906,0.013123,565.8214,,,,,
43.3636,cmd,,,,,,0.08825,-0.40000,,,
43.3638,status,,,,,,,,TRACKING,,
43.3788,target,1791287095183328512,-0.07092,0.58077,0.013123,565.8210,,,,,
43.4144,cmd,,,,,,0.10639,-0.40000,,,
43.4146,status,,,,,,,,TRACKING,,
43.4168,target,1791287095216686336,-0.08807,0.54387,0.013561,565.8256,,,,,
43.4453,target,1791287095250043904,-0.11139,0.50983,0.013832,565.8207,,,,,
43.4640,cmd,,,,,,0.16708,-0.40000,,,
43.4642,status,,,,,,,,TRACKING,,
43.4792,target,1791287095283401728,-0.13701,0.47226,0.013661,565.8213,,,,,
43.5135,target,1791287095316759296,-0.16559,0.43630,0.014290,565.8222,,,,,
43.5136,cmd,,,,,,0.20551,-0.37781,,,
43.5137,status,,,,,,,,TRACKING,,
43.5458,target,1791287095350117120,-0.19725,0.39619,0.014295,565.8212,,,,,
43.5635,cmd,,,,,,0.29587,-0.31695,,,
43.5637,status,,,,,,,,TRACKING,,
43.5787,target,1791287095383474944,-0.22861,0.35916,0.014618,565.8207,,,,,
43.6135,cmd,,,,,,0.34292,-0.28733,,,
43.6136,status,,,,,,,,TRACKING,,
43.6164,target,1791287095416832512,-0.25967,0.31916,0.014572,565.8251,,,,,
43.6457,target,1791287095450190080,-0.29258,0.27832,0.015056,565.8210,,,,,
43.6636,cmd,,,,,,0.43886,-0.22266,,,
43.6637,status,,,,,,,,TRACKING,,
43.6784,target,1791287095483547904,-0.32130,0.23543,0.015234,565.8204,,,,,
43.7135,target,1791287095516905728,-0.35244,0.19378,0.015675,565.8221,,,,,
43.7136,cmd,,,,,,0.48195,-0.18835,,,
43.7138,status,,,,,,,,TRACKING,,
43.7141,joint,,,,,,,,,0.01227,0.14573
43.7460,target,1791287095550263552,-0.38525,0.15523,0.016521,565.8212,,,,,
43.7642,cmd,,,,,,0.57788,-0.12419,,,
43.7645,status,,,,,,,,TRACKING,,
43.7801,target,1791287095583621120,-0.41517,0.10938,0.017272,565.8220,,,,,
43.8135,cmd,,,,,,0.60000,-0.08750,,,
43.8136,status,,,,,,,,TRACKING,,
43.8159,target,1791287095616978944,-0.43757,0.06668,0.018006,565.8244,,,,,
43.8459,target,1791287095650336768,-0.45153,0.02745,0.018249,565.8210,,,,,
43.8638,cmd,,,,,,0.60000,0.00000,,,
43.8638,status,,,,,,,,TRACKING,,
43.8789,target,1791287095683694336,-0.45737,-0.00714,0.018377,565.8207,,,,,
43.9128,cmd,,,,,,0.60000,0.00000,,,
43.9139,status,,,,,,,,TRACKING,,
43.9170,target,1791287095717051904,-0.45630,-0.04202,0.018398,565.8254,,,,,
43.9456,target,1791287095750409984,-0.44471,-0.06939,0.018207,565.8207,,,,,
43.9632,cmd,,,,,,0.60000,0.05551,,,
43.9635,status,,,,,,,,TRACKING,,
43.9784,target,1791287095783767552,-0.42632,-0.09113,0.017595,565.8201,,,,,
44.0126,target,1791287095817125120,-0.40442,-0.10515,0.017233,565.8210,,,,,
44.0128,cmd,,,,,,0.60000,0.07291,,,
44.0131,status,,,,,,,,TRACKING,,
44.0479,target,1791287095850483200,-0.37751,-0.11312,0.016547,565.8229,,,,,
44.0637,cmd,,,,,,0.56626,0.09050,,,
44.0638,status,,,,,,,,TRACKING,,
44.0792,target,1791287095883840768,-0.34454,-0.11342,0.015495,565.8209,,,,,
44.1129,cmd,,,,,,0.51680,0.09073,,,
44.1133,status,,,,,,,,TRACKING,,
44.1170,target,1791287095917198592,-0.30915,-0.10990,0.014605,565.8253,,,,,
44.1459,target,1791287095950556416,-0.27071,-0.09853,0.013609,565.8208,,,,,
44.1630,cmd,,,,,,0.40607,0.07882,,,
44.1634,status,,,,,,,,TRACKING,,
44.1778,target,1791287095983913984,-0.22889,-0.08204,0.012474,565.8194,,,,,
44.2134,cmd,,,,,,0.34334,0.06563,,,
44.2136,status,,,,,,,,TRACKING,,
44.2177,target,1791287096017272064,-0.18890,-0.06665,0.011482,565.8260,,,,,
44.2337,joint,,,,,,,,,0.19788,0.04909
44.2460,target,1791287096050629632,-0.15376,-0.05257,0.010974,565.8208,,,,,
44.2647,cmd,,,,,,0.23064,0.04205,,,
44.2648,status,,,,,,,,TRACKING,,
44.2812,target,1791287096083987200,-0.12138,-0.04294,0.010534,565.8227,,,,,
44.3132,cmd,,,,,,0.18207,0.00000,,,
44.3139,status,,,,,,,,TRACKING,,
44.3171,target,1791287096117345280,-0.08974,-0.03262,0.009787,565.8252,,,,,
44.3462,target,1791287096150702848,-0.06286,-0.02185,0.009217,565.8210,,,,,
44.3640,cmd,,,,,,0.09429,0.00000,,,
44.3642,status,,,,,,,,TRACKING,,
44.3799,target,1791287096184060672,-0.03898,-0.01832,0.008691,565.8213,,,,,
44.4134,cmd,,,,,,0.00000,0.00000,,,
44.4136,status,,,,,,,,CENTERED,,
44.4153,target,1791287096217418240,-0.01824,-0.01859,0.008299,565.8234,,,,,
44.4483,target,1791287096250775808,0.00146,-0.02107,0.007886,565.8230,,,,,
44.4638,cmd,,,,,,0.00000,0.00000,,,
44.4660,status,,,,,,,,CENTERED,,
44.4795,target,1791287096284133632,0.01966,-0.02635,0.007493,565.8208,,,,,
44.5130,cmd,,,,,,0.00000,0.00000,,,
44.5133,status,,,,,,,,CENTERED,,
44.5159,target,1791287096317491200,0.03319,-0.03539,0.007140,565.8239,,,,,
44.5482,target,1791287096350848768,0.04101,-0.03905,0.006868,565.8229,,,,,
44.5643,cmd,,,,,,0.00000,0.00000,,,
44.5644,status,,,,,,,,CENTERED,,
44.5801,target,1791287096384206592,0.04210,-0.04038,0.006658,565.8214,,,,,
44.6129,cmd,,,,,,0.00000,0.00000,,,
44.6135,status,,,,,,,,CENTERED,,
44.6170,target,1791287096417564160,0.03438,-0.03783,0.006673,565.8249,,,,,
44.6462,target,1791287096450921984,0.02254,-0.03216,0.006484,565.8207,,,,,
44.6644,cmd,,,,,,0.00000,0.00000,,,
44.6647,status,,,,,,,,CENTERED,,
44.6803,target,1791287096484279552,0.00218,-0.02666,0.006478,565.8215,,,,,
44.7138,cmd,,,,,,0.00000,0.00000,,,
44.7140,status,,,,,,,,CENTERED,,
44.7145,target,1791287096517637120,-0.02347,-0.02218,0.006337,565.8224,,,,,
44.7338,joint,,,,,,,,,0.35435,0.05829
44.7477,target,1791287096550994944,-0.04955,-0.01618,0.006385,565.8222,,,,,
44.7646,cmd,,,,,,0.00000,0.00000,,,
44.7649,status,,,,,,,,CENTERED,,
44.7798,target,1791287096584352256,-0.07902,-0.01320,0.006293,565.8209,,,,,
44.8130,cmd,,,,,,0.11854,0.00000,,,
44.8131,status,,,,,,,,TRACKING,,
44.8167,target,1791287096617710080,-0.11036,-0.01028,0.006096,565.8245,,,,,
44.8460,target,1791287096651067648,-0.13864,-0.00722,0.005959,565.8204,,,,,
44.8643,cmd,,,,,,0.20796,0.00000,,,
44.8647,status,,,,,,,,TRACKING,,
44.8821,target,1791287096684425216,-0.16940,-0.01017,0.005430,565.8232,,,,,
44.9145,cmd,,,,,,0.25410,0.00000,,,
44.9146,status,,,,,,,,TRACKING,,
44.9153,target,1791287096717783040,-0.20142,-0.01360,0.005352,565.8230,,,,,
44.9486,target,1791287096751140608,-0.23023,-0.01496,0.005056,565.8229,,,,,
44.9642,cmd,,,,,,0.34534,0.00000,,,
44.9645,status,,,,,,,,TRACKING,,
44.9799,target,1791287096784498176,-0.25845,-0.01908,0.004829,565.8209,,,,,
45.0144,cmd,,,,,,0.38768,0.00000,,,
45.0146,status,,,,,,,,TRACKING,,
45.0151,target,1791287096817856000,-0.28072,-0.02351,0.004889,565.8228,,,,,
45.0496,target,1791287096851213568,-0.29780,-0.02454,0.005050,565.8239,,,,,
45.0639,cmd,,,,,,0.44670,0.00000,,,
45.0641,status,,,,,,,,TRACKING,,
45.0799,target,1791287096884571392,-0.30819,-0.02895,0.005095,565.8209,,,,,
45.1130,cmd,,,,,,0.46229,0.00000,,,
45.1132,status,,,,,,,,TRACKING,,
45.1138,target,1791287096917928960,-0.31545,-0.03240,0.005059,565.8213,,,,,
45.1473,target,1791287096951286528,-0.31972,-0.03827,0.004963,565.8215,,,,,
45.1644,cmd,,,,,,0.47958,0.00000,,,
45.1645,status,,,,,,,,TRACKING,,
45.1798,target,1791287096984644352,-0.31742,-0.04414,0.004894,565.8207,,,,,
45.2138,cmd,,,,,,0.47613,0.00000,,,
45.2139,status,,,,,,,,TRACKING,,
45.2182,target,1791287097018001920,-0.30693,-0.04855,0.004681,565.8257,,,,,
45.2455,target,1791287097051359744,-0.29247,-0.05357,0.004538,565.8197,,,,,
45.2536,joint,,,,,,,,,0.35588,0.05676
45.2638,cmd,,,,,,0.43871,0.04285,,,
45.2641,status,,,,,,,,TRACKING,,
45.2791,target,1791287097084717312,-0.27218,-0.05728,0.004299,565.8199,,,,,
45.3135,cmd,,,,,,0.40827,0.04583,,,
45.3137,status,,,,,,,,TRACKING,,
45.3168,target,1791287097118074880,-0.24833,-0.05968,0.004249,565.8242,,,,,
45.3473,target,1791287097151432704,-0.22248,-0.06422,0.004149,565.8214,,,,,
45.3641,cmd,,,,,,0.33372,0.05137,,,
45.3661,status,,,,,,,,TRACKING,,
45.3795,target,1791287097184790016,-0.19226,-0.06569,0.004108,565.8202,,,,,
45.4145,cmd,,,,,,0.28838,0.05255,,,
45.4146,status,,,,,,,,TRACKING,,
45.4161,target,1791287097218147840,-0.15956,-0.06672,0.004019,565.8235,,,,,
45.4479,target,1791287097251505664,-0.12497,-0.06839,0.004056,565.8219,,,,,
45.4641,cmd,,,,,,0.18745,0.05471,,,
45.4642,status,,,,,,,,TRACKING,,
45.4798,target,1791287097284863232,-0.09072,-0.07150,0.003991,565.8204,,,,,
45.5132,cmd,,,,,,0.13608,0.05720,,,
45.5133,status,,,,,,,,TRACKING,,
45.5176,target,1791287097318221312,-0.05431,-0.07454,0.003956,565.8249,,,,,
45.5458,target,1791287097351578880,-0.01592,-0.07092,0.003989,565.8197,,,,,
45.5648,cmd,,,,,,0.00000,0.05674,,,
45.5649,status,,,,,,,,TRACKING,,
45.5806,target,1791287097384936448,0.02419,-0.07137,0.004151,565.8212,,,,,
45.6144,cmd,,,,,,0.00000,0.05710,,,
45.6145,status,,,,,,,,TRACKING,,
45.6174,target,1791287097418294528,0.06633,-0.06556,0.004390,565.8246,,,,,
45.6491,target,1791287097451652096,0.10885,-0.06070,0.004653,565.8229,,,,,
45.6641,cmd,,,,,,-0.16328,0.04856,,,
45.6642,status,,,,,,,,TRACKING,,
45.6793,target,1791287097485009664,0.14952,-0.05557,0.004878,565.8198,,,,,
45.7130,cmd,,,,,,-0.22428,0.04446,,,
45.7140,status,,,,,,,,TRACKING,,
45.7177,target,1791287097518367744,0.18927,-0.04757,0.005087,565.8248,,,,,
45.7476,target,1791287097551725312,0.22369,-0.04361,0.005319,565.8213,,,,,
45.7535,joint,,,,,,,,,0.50008,0.06903
45.7643,cmd,,,,,,-0.33553,0.00000,,,
45.7646,status,,,,,,,,TRACKING,,
45.7798,target,1791287097585082880,0.25563,-0.04251,0.005449,565.8202,,,,,
45.8129,cmd,,,,,,-0.38345,0.00000,,,
45.8130,status,,,,,,,,TRACKING,,
45.8166,target,1791287097618440960,0.28276,-0.03828,0.005614,565.8237,,,,,
45.8479,target,1791287097651798528,0.30868,-0.03212,0.005614,565.8216,,,,,
45.8642,cmd,,,,,,-0.46303,0.00000,,,
45.8646,status,,,,,,,,TRACKING,,
45.8800,target,1791287097685156352,0.33324,-0.02841,0.005649,565.8203,,,,,
45.9129,cmd,,,,,,-0.49986,0.00000,,,
45.9140,status,,,,,,,,TRACKING,,
45.9163,target,1791287097718514176,0.35911,-0.02855,0.005471,565.8233,,,,,
45.9470,target,1791287097751871744,0.38078,-0.02653,0.005447,565.8207,,,,,
45.9644,cmd,,,,,,-0.57118,0.00000,,,
45.9649,status,,,,,,,,TRACKING,,
45.9803,target,1791287097785229568,0.40194,-0.02927,0.005410,565.8206,,,,,
46.0130,cmd,,,,,,-0.60000,0.00000,,,
46.0131,status,,,,,,,,TRACKING,,
46.0176,target,1791287097818587392,0.41965,-0.03314,0.005404,565.8245,,,,,
46.0477,target,1791287097851944960,0.43593,-0.03599,0.005432,565.8212,,,,,
46.0648,cmd,,,,,,-0.60000,0.00000,,,
46.0649,status,,,,,,,,TRACKING,,
46.0809,target,1791287097885302784,0.44874,-0.04043,0.005523,565.8211,,,,,
46.1145,cmd,,,,,,-0.60000,0.00000,,,
46.1146,status,,,,,,,,TRACKING,,
46.1156,target,1791287097918660608,0.45737,-0.04168,0.005508,565.8224,,,,,
46.1505,target,1791287097952018432,0.46457,-0.04437,0.005579,565.8240,,,,,
46.1646,cmd,,,,,,-0.60000,0.00000,,,
46.1662,status,,,,,,,,TRACKING,,
46.1804,target,1791287097985376256,0.47150,-0.04610,0.005790,565.8205,,,,,
46.2131,cmd,,,,,,-0.60000,0.00000,,,
46.2132,status,,,,,,,,TRACKING,,
46.2168,target,1791287098018733824,0.47682,-0.04652,0.005753,565.8236,,,,,
46.2475,target,1791287098052091648,0.48013,-0.04893,0.005757,565.8209,,,,,
46.2642,cmd,,,,,,-0.60000,0.00000,,,
46.2645,status,,,,,,,,TRACKING,,
46.2749,joint,,,,,,,,,0.40344,0.07516
46.2798,target,1791287098085449472,0.48243,-0.04804,0.005812,565.8198,,,,,
46.3131,cmd,,,,,,-0.60000,0.00000,,,
46.3132,status,,,,,,,,TRACKING,,
46.3174,target,1791287098118807040,0.48279,-0.05139,0.006009,565.8241,,,,,
46.3487,target,1791287098152164864,0.48010,-0.05360,0.006068,565.8221,,,,,
46.3637,cmd,,,,,,-0.60000,0.04288,,,
46.3646,status,,,,,,,,TRACKING,,
46.3805,target,1791287098185522688,0.47566,-0.05427,0.006076,565.8204,,,,,
46.4133,cmd,,,,,,-0.60000,0.04342,,,
46.4136,status,,,,,,,,TRACKING,,
46.4175,target,1791287098218880256,0.47181,-0.05381,0.006200,565.8242,,,,,
46.4498,target,1791287098252238336,0.46837,-0.05770,0.006094,565.8231,,,,,
46.4661,cmd,,,,,,-0.60000,0.04616,,,
46.4663,status,,,,,,,,TRACKING,,
46.4825,target,1791287098285595904,0.46555,-0.05936,0.006092,565.8224,,,,,
46.5145,cmd,,,,,,-0.60000,0.04749,,,
46.5146,status,,,,,,,,TRACKING,,
46.5163,target,1791287098318953984,0.46004,-0.06402,0.006053,565.8228,,,,,
46.5494,target,1791287098352311552,0.45406,-0.07067,0.005946,565.8226,,,,,
46.5644,cmd,,,,,,-0.60000,0.05654,,,
46.5653,status,,,,,,,,TRACKING,,
46.5807,target,1791287098385669376,0.44848,-0.08013,0.005655,565.8206,,,,,
46.6133,cmd,,,,,,-0.60000,0.06410,,,
46.6134,status,,,,,,,,TRACKING,,
46.6189,target,1791287098419027200,0.44204,-0.09382,0.005191,565.8253,,,,,
46.6474,target,1791287098452385024,0.43464,-0.10765,0.004937,565.8205,,,,,
46.6640,cmd,,,,,,-0.60000,0.08612,,,
46.6649,status,,,,,,,,TRACKING,,
46.6806,target,1791287098485742592,0.42527,-0.12083,0.004729,565.8204,,,,,
46.7135,cmd,,,,,,-0.60000,0.09667,,,
46.7136,status,,,,,,,,TRACKING,,
46.7167,target,1791287098519100672,0.41210,-0.13294,0.004414,565.8231,,,,,
46.7490,target,1791287098552458240,0.39720,-0.14257,0.004191,565.8220,,,,,
46.7646,cmd,,,,,,-0.59580,0.11406,,,
46.7649,status,,,,,,,,TRACKING,,
46.7755,joint,,,,,,,,,0.12118,0.07670
46.7809,target,1791287098585816064,0.38131,-0.15035,0.004078,565.8206,,,,,
46.8138,cmd,,,,,,-0.57196,0.12028,,,
46.8139,status,,,,,,,,TRACKING,,
46.8188,target,1791287098619174144,0.36514,-0.15337,0.003837,565.8251,,,,,
46.8488,target,1791287098652531712,0.34898,-0.16178,0.003770,565.8218,,,,,
46.8649,cmd,,,,,,-0.52347,0.12942,,,
46.8672,status,,,,,,,,TRACKING,,
46.8809,target,1791287098685889536,0.33293,-0.16870,0.003635,565.8205,,,,,
46.9136,cmd,,,,,,-0.49939,0.13496,,,
46.9138,status,,,,,,,,TRACKING,,
46.9188,target,1791287098719247360,0.31757,-0.17944,0.003589,565.8250,,,,,
46.9490,target,1791287098752605184,0.30284,-0.18303,0.003327,565.8219,,,,,
46.9641,cmd,,,,,,-0.45426,0.14642,,,
46.9643,status,,,,,,,,TRACKING,,
46.9805,target,1791287098785963008,0.29008,-0.19397,0.003016,565.8201,,,,,
47.0144,cmd,,,,,,-0.43512,0.15518,,,
47.0146,status,,,,,,,,TRACKING,,
47.0176,target,1791287098819320832,0.27967,-0.21232,0.003086,565.8238,,,,,
47.0502,target,1791287098852678656,0.27070,-0.22154,0.002782,565.8230,,,,,
47.0645,cmd,,,,,,-0.40605,0.17723,,,
47.0647,status,,,,,,,,TRACKING,,
47.0819,target,1791287098886036736,0.26123,-0.23448,0.002539,565.8213,,,,,
47.1130,cmd,,,,,,-0.39184,0.18758,,,
47.1133,status,,,,,,,,TRACKING,,
47.1165,target,1791287098919394304,0.24945,-0.24077,0.002079,565.8226,,,,,
47.1492,target,1791287098952752128,0.24104,-0.25422,0.001892,565.8219,,,,,
47.1646,cmd,,,,,,-0.36156,0.20337,,,
47.1670,status,,,,,,,,TRACKING,,
47.1808,target,1791287098986110208,0.23396,-0.26274,0.001795,565.8202,,,,,
47.2135,cmd,,,,,,-0.35095,0.21019,,,
47.2143,status,,,,,,,,TRACKING,,
47.2193,target,1791287099019467776,0.22909,-0.27627,0.001914,565.8253,,,,,
47.2487,target,1791287099052825600,0.22366,-0.28482,0.001749,565.8214,,,,,
47.2656,cmd,,,,,,-0.33549,0.22786,,,
47.2657,status,,,,,,,,TRACKING,,
47.2815,target,1791287099086183680,0.21996,-0.30041,0.001688,565.8208,,,,,
47.2955,joint,,,,,,,,,-0.17487,0.12732
47.3133,cmd,,,,,,-0.32994,0.24033,,,
47.3138,status,,,,,,,,TRACKING,,
47.3194,target,1791287099119541504,0.21714,-0.31799,0.001834,565.8254,,,,,
47.3474,target,1791287099152899072,0.21278,-0.33534,0.001654,565.8200,,,,,
47.3648,cmd,,,,,,-0.31916,0.26827,,,
47.3672,status,,,,,,,,TRACKING,,
47.3817,target,1791287099186257152,0.21090,-0.36572,0.001740,565.8209,,,,,
47.4137,cmd,,,,,,-0.31635,0.29258,,,
47.4138,status,,,,,,,,TRACKING,,
47.4182,target,1791287099219614464,0.20704,-0.39315,0.001532,565.8241,,,,,
47.4508,target,1791287099252972032,0.20749,-0.43976,0.001595,565.8233,,,,,
47.4643,cmd,,,,,,-0.31123,0.35181,,,
47.4653,status,,,,,,,,TRACKING,,
47.4823,target,1791287099286329600,0.20230,-0.46576,0.001647,565.8215,,,,,
47.5133,cmd,,,,,,-0.30345,0.37261,,,
47.5136,status,,,,,,,,TRACKING,,
47.5185,target,1791287099319686912,0.00000,0.00000,0.000000,565.8244,,,,,
47.5490,target,1791287099353044480,0.19608,-0.55121,0.001378,565.8214,,,,,
47.5641,cmd,,,,,,-0.29412,0.40000,,,
47.5660,status,,,,,,,,TRACKING,,
47.5818,target,1791287099386401792,0.18810,-0.58355,0.001406,565.8209,,,,,
47.6135,cmd,,,,,,-0.28214,0.40000,,,
47.6137,status,,,,,,,,TRACKING,,
47.6185,target,1791287099419759360,0.17959,-0.61890,0.001369,565.8242,,,,,
47.6488,target,1791287099453116928,0.17173,-0.65495,0.001278,565.8212,,,,,
47.6664,cmd,,,,,,-0.25760,0.40000,,,
47.6666,status,,,,,,,,TRACKING,,
47.6820,target,1791287099486474240,0.15909,-0.69372,0.001411,565.8210,,,,,
47.7145,cmd,,,,,,-0.23864,0.40000,,,
47.7146,status,,,,,,,,TRACKING,,
47.7150,target,1791287099519831808,0.00000,0.00000,0.000000,565.8207,,,,,
47.7498,target,1791287099553189120,0.00000,0.00000,0.000000,565.8221,,,,,
47.7662,cmd,,,,,,0.00000,0.00000,,,
47.7664,status,,,,,,,,LOST,,
47.7808,target,1791287099586546688,0.00000,0.00000,0.000000,565.8197,,,,,
47.7945,joint,,,,,,,,,-0.35588,0.22703
47.8145,cmd,,,,,,0.00000,0.00000,,,
47.8146,status,,,,,,,,LOST,,
47.8179,target,1791287099619904256,0.00000,0.00000,0.000000,565.8235,,,,,
47.8496,target,1791287099653261824,0.00000,0.00000,0.000000,565.8218,,,,,
47.8636,cmd,,,,,,0.00000,0.00000,,,
47.8645,status,,,,,,,,LOST,,
47.8819,target,1791287099686619136,0.00000,0.00000,0.000000,565.8207,,,,,
47.9133,cmd,,,,,,0.00000,0.00000,,,
47.9134,status,,,,,,,,LOST,,
47.9166,target,1791287099719976448,0.00000,0.00000,0.000000,565.8221,,,,,
47.9482,target,1791287099753334016,0.00000,0.00000,0.000000,565.8204,,,,,
47.9634,cmd,,,,,,0.00000,0.00000,,,
47.9642,status,,,,,,,,LOST,,
47.9815,target,1791287099786691328,0.00000,0.00000,0.000000,565.8203,,,,,
48.0143,cmd,,,,,,0.00000,0.00000,,,
48.0144,status,,,,,,,,LOST,,
48.0179,target,1791287099820048896,0.00000,0.00000,0.000000,565.8233,,,,,
48.0491,target,1791287099853406464,0.00000,0.00000,0.000000,565.8212,,,,,
48.0639,cmd,,,,,,0.00000,0.00000,,,
48.0653,status,,,,,,,,LOST,,
48.0822,target,1791287099886764032,0.00000,0.00000,0.000000,565.8209,,,,,
48.1145,cmd,,,,,,0.00000,0.00000,,,
48.1146,status,,,,,,,,LOST,,
48.1162,target,1791287099920121344,0.00000,0.00000,0.000000,565.8215,,,,,
48.1492,target,1791287099953478656,0.00000,0.00000,0.000000,565.8212,,,,,
48.1641,cmd,,,,,,0.00000,0.00000,,,
48.1653,status,,,,,,,,LOST,,
48.1814,target,1791287099986836224,0.00000,0.00000,0.000000,565.8201,,,,,
48.2144,cmd,,,,,,0.00000,0.00000,,,
48.2146,status,,,,,,,,LOST,,
48.2211,target,1791287100020193536,0.00000,0.00000,0.000000,565.8264,,,,,
48.2482,target,1791287100053551104,0.00000,0.00000,0.000000,565.8202,,,,,
48.2635,cmd,,,,,,0.00000,0.00000,,,
48.2651,status,,,,,,,,LOST,,
48.2820,target,1791287100086908416,0.00000,0.00000,0.000000,565.8206,,,,,
48.3142,joint,,,,,,,,,-0.36969,0.24237
48.3153,cmd,,,,,,0.00000,0.00000,,,
48.3154,status,,,,,,,,LOST,,
48.3182,target,1791287100120265984,0.00000,0.00000,0.000000,565.8235,,,,,
48.3486,target,1791287100153623296,0.00000,0.00000,0.000000,565.8205,,,,,
48.3647,cmd,,,,,,0.00000,0.00000,,,
48.3648,status,,,,,,,,LOST,,
48.3805,target,1791287100186980864,0.00000,0.00000,0.000000,565.8191,,,,,
48.4154,cmd,,,,,,0.00000,0.00000,,,
48.4155,status,,,,,,,,LOST,,
48.4172,target,1791287100220338432,0.00000,0.00000,0.000000,565.8224,,,,,
48.4497,target,1791287100253696000,0.00000,0.00000,0.000000,565.8215,,,,,
48.4639,cmd,,,,,,0.00000,0.00000,,,
48.4668,status,,,,,,,,LOST,,
48.4814,target,1791287100287053824,0.00000,0.00000,0.000000,565.8199,,,,,
48.5131,cmd,,,,,,0.00000,0.00000,,,
48.5132,status,,,,,,,,LOST,,
48.5171,target,1791287100320411392,0.00000,0.00000,0.000000,565.8222,,,,,
48.5499,target,1791287100353768960,0.00000,0.00000,0.000000,565.8217,,,,,
48.5642,cmd,,,,,,0.00000,0.00000,,,
48.5674,status,,,,,,,,LOST,,
48.5814,target,1791287100387126784,0.00000,0.00000,0.000000,565.8198,,,,,
48.6140,cmd,,,,,,0.00000,0.00000,,,
48.6141,status,,,,,,,,LOST,,
48.6166,target,1791287100420484352,0.00000,0.00000,0.000000,565.8216,,,,,
48.6507,target,1791287100453841920,-0.71400,-0.09434,0.002118,565.8224,,,,,
48.6637,cmd,,,,,,0.00000,0.00000,,,
48.6646,status,,,,,,,,LOST,,
48.6837,target,1791287100487199744,-0.78817,0.11334,0.001354,565.8220,,,,,
48.7144,cmd,,,,,,0.00000,0.00000,,,
48.7145,status,,,,,,,,LOST,,
48.7202,target,1791287100520557312,-0.86923,0.26920,0.004753,565.8251,,,,,
48.7509,target,1791287100553915136,-0.94675,0.39372,0.005169,565.8225,,,,,
48.7646,cmd,,,,,,0.60000,-0.31498,,,
48.7647,status,,,,,,,,TRACKING,,
48.7833,target,1791287100587272704,0.00000,0.00000,0.000000,565.8215,,,,,
48.8134,cmd,,,,,,0.00000,0.00000,,,
48.8135,status,,,,,,,,LOST,,
48.8153,joint,,,,,,,,,-0.36816,0.24237
48.8177,target,1791287100620630272,0.00000,0.00000,0.000000,565.8226,,,,,
48.8498,target,1791287100653988096,0.00000,0.00000,0.000000,565.8214,,,,,
48.8636,cmd,,,,,,0.00000,0.00000,,,
48.8640,status,,,,,,,,LOST,,
48.8837,target,1791287100687345664,0.00000,0.00000,0.000000,565.8219,,,,,
48.9145,cmd,,,,,,0.00000,0.00000,,,
48.9147,status,,,,,,,,LOST,,
48.9181,target,1791287100720703488,0.00000,0.00000,0.000000,565.8229,,,,,
48.9494,target,1791287100754061056,0.00000,0.00000,0.000000,565.8208,,,,,
48.9643,cmd,,,,,,0.00000,0.00000,,,
48.9659,status,,,,,,,,LOST,,
48.9818,target,1791287100787418624,0.00000,0.00000,0.000000,565.8199,,,,,
49.0143,cmd,,,,,,0.00000,0.00000,,,
49.0153,status,,,,,,,,LOST,,
49.0192,target,1791287100820776448,0.00000,0.00000,0.000000,565.8240,,,,,
49.0485,target,1791287100854134016,0.00000,0.00000,0.000000,565.8199,,,,,
49.0641,cmd,,,,,,0.00000,0.00000,,,
49.0674,status,,,,,,,,LOST,,
49.0823,target,1791287100887491584,0.00000,0.00000,0.000000,565.8203,,,,,
49.1133,cmd,,,,,,0.00000,0.00000,,,
49.1138,status,,,,,,,,LOST,,
49.1175,target,1791287100920849408,0.00000,0.00000,0.000000,565.8221,,,,,
49.1506,target,1791287100954206976,0.00000,0.00000,0.000000,565.8219,,,,,
49.1637,cmd,,,,,,0.00000,0.00000,,,
49.1641,status,,,,,,,,LOST,,
49.1840,target,1791287100987564800,0.00000,0.00000,0.000000,565.8219,,,,,
49.2131,cmd,,,,,,0.00000,0.00000,,,
49.2132,status,,,,,,,,LOST,,
49.2188,target,1791287101020922368,0.00000,0.00000,0.000000,565.8234,,,,,
49.2474,target,1791287101054279936,0.00000,0.00000,0.000000,565.8187,,,,,
49.2646,cmd,,,,,,0.00000,0.00000,,,
49.2654,status,,,,,,,,LOST,,
49.2831,target,1791287101087637760,0.00000,0.00000,0.000000,565.8210,,,,,
49.3133,cmd,,,,,,0.00000,0.00000,,,
49.3136,status,,,,,,,,LOST,,
49.3151,joint,,,,,,,,,-0.36816,0.24237
49.3173,target,1791287101120995328,0.00000,0.00000,0.000000,565.8218,,,,,
49.3500,target,1791287101154353152,0.00000,0.00000,0.000000,565.8211,,,,,
49.3661,cmd,,,,,,0.00000,0.00000,,,
49.3673,status,,,,,,,,LOST,,
49.3822,target,1791287101187710720,0.00000,0.00000,0.000000,565.8200,,,,,
49.4135,cmd,,,,,,0.00000,0.00000,,,
49.4136,status,,,,,,,,LOST,,
49.4160,target,1791287101221068032,0.00000,0.00000,0.000000,565.8204,,,,,
49.4492,target,1791287101254425856,0.00000,0.00000,0.000000,565.8203,,,,,
49.4656,cmd,,,,,,0.00000,0.00000,,,
49.4662,status,,,,,,,,LOST,,
49.4819,target,1791287101287783168,0.00000,0.00000,0.000000,565.8197,,,,,
49.5133,cmd,,,,,,0.00000,0.00000,,,
49.5135,status,,,,,,,,LOST,,
49.5176,target,1791287101321140736,0.00000,0.00000,0.000000,565.8219,,,,,
49.5484,target,1791287101354498048,0.00000,0.00000,0.000000,565.8194,,,,,
49.5643,cmd,,,,,,0.00000,0.00000,,,
49.5651,status,,,,,,,,LOST,,
49.5817,target,1791287101387855616,0.00000,0.00000,0.000000,565.8193,,,,,
49.6134,cmd,,,,,,0.00000,0.00000,,,
49.6135,status,,,,,,,,LOST,,
49.6174,target,1791287101421213184,0.00000,0.00000,0.000000,565.8217,,,,,
49.6501,target,1791287101454570496,0.00000,0.00000,0.000000,565.8210,,,,,
49.6646,cmd,,,,,,0.00000,0.00000,,,
49.6684,status,,,,,,,,LOST,,
49.6820,target,1791287101487928064,0.00000,0.00000,0.000000,565.8195,,,,,
49.7156,cmd,,,,,,0.00000,0.00000,,,
49.7157,status,,,,,,,,LOST,,
49.7192,target,1791287101521285632,0.00000,0.00000,0.000000,565.8234,,,,,
49.7492,target,1791287101554642944,0.00000,0.00000,0.000000,565.8200,,,,,
49.7667,cmd,,,,,,0.00000,0.00000,,,
49.7674,status,,,,,,,,LOST,,
49.7832,target,1791287101588000512,0.00000,0.00000,0.000000,565.8207,,,,,
49.8147,cmd,,,,,,0.00000,0.00000,,,
49.8149,joint,,,,,,,,,-0.36816,0.24237
49.8152,status,,,,,,,,LOST,,
49.8187,target,1791287101621357824,0.00000,0.00000,0.000000,565.8229,,,,,
49.8502,target,1791287101654715392,0.00000,0.00000,0.000000,565.8210,,,,,
49.8659,cmd,,,,,,0.00000,0.00000,,,
49.8660,status,,,,,,,,LOST,,
49.8827,target,1791287101688072960,0.00000,0.00000,0.000000,565.8201,,,,,
49.9155,cmd,,,,,,0.00000,0.00000,,,
49.9156,status,,,,,,,,LOST,,
49.9183,target,1791287101721430528,0.00000,0.00000,0.000000,565.8224,,,,,
49.9498,target,1791287101754787840,0.00000,0.00000,0.000000,565.8205,,,,,
49.9639,cmd,,,,,,0.00000,0.00000,,,
49.9681,status,,,,,,,,LOST,,
49.9822,target,1791287101788145152,0.00000,0.00000,0.000000,565.8196,,,,,
50.0136,cmd,,,,,,0.00000,0.00000,,,
50.0139,status,,,,,,,,LOST,,
50.0177,target,1791287101821502720,0.00000,0.00000,0.000000,565.8217,,,,,
50.0510,target,1791287101854860288,0.00000,0.00000,0.000000,565.8216,,,,,
50.0667,cmd,,,,,,0.00000,0.00000,,,
50.0671,status,,,,,,,,LOST,,
50.0831,target,1791287101888217856,0.00000,0.00000,0.000000,565.8204,,,,,
50.1154,cmd,,,,,,0.00000,0.00000,,,
50.1155,status,,,,,,,,LOST,,
50.1179,target,1791287101921575168,0.00000,0.00000,0.000000,565.8218,,,,,
50.1495,target,1791287101954932736,0.00000,0.00000,0.000000,565.8201,,,,,
50.1643,cmd,,,,,,0.00000,0.00000,,,
50.1669,status,,,,,,,,LOST,,
50.1826,target,1791287101988290048,0.00000,0.00000,0.000000,565.8198,,,,,
50.2153,cmd,,,,,,0.00000,0.00000,,,
50.2162,status,,,,,,,,LOST,,
50.2190,target,1791287102021647360,0.00000,0.00000,0.000000,565.8229,,,,,
50.2508,target,1791287102055005184,0.00000,0.00000,0.000000,565.8213,,,,,
50.2641,cmd,,,,,,0.00000,0.00000,,,
50.2643,status,,,,,,,,LOST,,
50.2816,target,1791287102088362496,0.00000,0.00000,0.000000,565.8188,,,,,
50.3135,cmd,,,,,,0.00000,0.00000,,,
50.3137,status,,,,,,,,LOST,,
50.3152,joint,,,,,,,,,-0.36816,0.24237
50.3180,target,1791287102121720064,0.00000,0.00000,0.000000,565.8218,,,,,
50.3519,target,1791287102155077376,0.00000,0.00000,0.000000,565.8223,,,,,
50.3640,cmd,,,,,,0.00000,0.00000,,,
50.3643,status,,,,,,,,LOST,,
50.3815,target,1791287102188434688,0.00000,0.00000,0.000000,565.8186,,,,,
50.4132,cmd,,,,,,0.00000,0.00000,,,
50.4134,status,,,,,,,,LOST,,
50.4171,target,1791287102221792768,0.00000,0.00000,0.000000,565.8208,,,,,
50.4514,target,1791287102255150592,0.00000,0.00000,0.000000,565.8217,,,,,
50.4648,cmd,,,,,,0.00000,0.00000,,,
50.4652,status,,,,,,,,LOST,,
50.4813,target,1791287102288508416,0.00000,0.00000,0.000000,565.8183,,,,,
50.5134,cmd,,,,,,0.00000,0.00000,,,
50.5138,status,,,,,,,,LOST,,
50.5179,target,1791287102321866240,0.00000,0.00000,0.000000,565.8215,,,,,
50.5507,target,1791287102355224064,0.00000,0.00000,0.000000,565.8210,,,,,
50.5638,cmd,,,,,,0.00000,0.00000,,,
50.5666,status,,,,,,,,LOST,,
50.5851,target,1791287102388581888,0.00000,0.00000,0.000000,565.8220,,,,,
50.6150,cmd,,,,,,0.00000,0.00000,,,
50.6151,status,,,,,,,,LOST,,
50.6183,target,1791287102421939712,0.00000,0.00000,0.000000,565.8219,,,,,
50.6491,target,1791287102455297536,0.00000,0.00000,0.000000,565.8193,,,,,
50.6645,cmd,,,,,,0.00000,0.00000,,,
50.6654,status,,,,,,,,LOST,,
50.6833,target,1791287102488655616,0.00000,0.00000,0.000000,565.8202,,,,,
50.7144,cmd,,,,,,0.00000,0.00000,,,
50.7146,status,,,,,,,,LOST,,
50.7206,target,1791287102522013184,0.00000,0.00000,0.000000,565.8241,,,,,
50.7508,target,1791287102555371008,0.00000,0.00000,0.000000,565.8209,,,,,
50.7646,cmd,,,,,,0.00000,0.00000,,,
50.7656,status,,,,,,,,LOST,,
50.7832,target,1791287102588729088,0.00000,0.00000,0.000000,565.8200,,,,,
50.8149,cmd,,,,,,0.00000,0.00000,,,
50.8151,joint,,,,,,,,,-0.36816,0.24237
50.8159,status,,,,,,,,LOST,,
50.8196,target,1791287102622086912,0.00000,0.00000,0.000000,565.8230,,,,,
50.8510,target,1791287102655444480,0.00000,0.00000,0.000000,565.8211,,,,,
50.8638,cmd,,,,,,0.00000,0.00000,,,
50.8679,status,,,,,,,,LOST,,
50.8822,target,1791287102688802560,0.00000,0.00000,0.000000,565.8189,,,,,
50.9138,cmd,,,,,,0.00000,0.00000,,,
50.9148,status,,,,,,,,LOST,,
50.9183,target,1791287102722160384,0.00000,0.00000,0.000000,565.8217,,,,,
50.9505,target,1791287102755518208,0.00000,0.00000,0.000000,565.8204,,,,,
50.9638,cmd,,,,,,0.00000,0.00000,,,
50.9641,status,,,,,,,,LOST,,
50.9827,target,1791287102788876288,0.00000,0.00000,0.000000,565.8193,,,,,
51.0131,cmd,,,,,,0.00000,0.00000,,,
51.0135,status,,,,,,,,LOST,,
51.0179,target,1791287102822234112,0.00000,0.00000,0.000000,565.8211,,,,,
51.0514,target,1791287102855591680,0.00000,0.00000,0.000000,565.8213,,,,,
51.0645,cmd,,,,,,0.00000,0.00000,,,
51.0649,status,,,,,,,,LOST,,
51.0833,target,1791287102888949760,0.00000,0.00000,0.000000,565.8199,,,,,
51.1163,cmd,,,,,,0.00000,0.00000,,,
51.1166,status,,,,,,,,LOST,,
51.1184,target,1791287102922307584,0.00000,0.00000,0.000000,565.8216,,,,,
51.1527,target,1791287102955665408,0.00000,0.00000,0.000000,565.8225,,,,,
51.1638,cmd,,,,,,0.00000,0.00000,,,
51.1657,status,,,,,,,,LOST,,
51.1837,target,1791287102989023488,0.00000,0.00000,0.000000,565.8202,,,,,
51.2161,cmd,,,,,,0.00000,0.00000,,,
51.2162,status,,,,,,,,LOST,,
51.2183,target,1791287103022381312,0.00000,0.00000,0.000000,565.8215,,,,,
51.2521,target,1791287103055739136,0.00000,0.00000,0.000000,565.8219,,,,,
51.2637,cmd,,,,,,0.00000,0.00000,,,
51.2655,status,,,,,,,,LOST,,
51.2839,target,1791287103089096960,0.00000,0.00000,0.000000,565.8203,,,,,
51.3134,cmd,,,,,,0.00000,0.00000,,,
51.3136,status,,,,,,,,LOST,,
51.3191,target,1791287103122454784,0.00000,0.00000,0.000000,565.8221,,,,,
