t,src,ex,ey,area,age,pan_cmd,tilt_cmd,status,pan_pos,tilt_pos
1.9161,target,0.00000,0.00000,0.000000,774.0396,,,,,
1.9465,target,0.00000,0.00000,0.000000,774.0367,,,,,
1.9809,target,0.00000,0.00000,0.000000,774.0378,,,,,
2.0144,target,0.00000,0.00000,0.000000,774.0378,,,,,
2.0464,target,0.00000,0.00000,0.000000,774.0365,,,,,
2.0840,target,0.00000,0.00000,0.000000,774.0408,,,,,
2.1153,target,0.00000,0.00000,0.000000,774.0387,,,,,
2.1488,target,0.00000,0.00000,0.000000,774.0388,,,,,
2.1839,target,0.00000,0.00000,0.000000,774.0406,,,,,
2.2143,target,0.00000,0.00000,0.000000,774.0376,,,,,
2.2472,target,0.00000,0.00000,0.000000,774.0372,,,,,
2.2848,target,0.00000,0.00000,0.000000,774.0413,,,,,
2.3140,target,0.00000,0.00000,0.000000,774.0372,,,,,
2.3471,target,0.00000,0.00000,0.000000,774.0370,,,,,
2.3851,target,0.00000,0.00000,0.000000,774.0416,,,,,
2.4174,target,0.00000,0.00000,0.000000,774.0405,,,,,
2.4476,target,0.00000,0.00000,0.000000,774.0374,,,,,
2.4824,target,0.00000,0.00000,0.000000,774.0388,,,,,
2.5139,target,0.00000,0.00000,0.000000,774.0370,,,,,
2.5475,target,0.00000,0.00000,0.000000,774.0372,,,,,
2.5852,target,0.00000,0.00000,0.000000,774.0415,,,,,
2.6139,target,0.00000,0.00000,0.000000,774.0369,,,,,
2.6494,target,0.00000,0.00000,0.000000,774.0390,,,,,
2.6847,target,0.00000,0.00000,0.000000,774.0410,,,,,
2.7146,target,0.00000,0.00000,0.000000,774.0375,,,,,
2.7490,target,0.00000,0.00000,0.000000,774.0386,,,,,
2.7829,target,0.00000,0.00000,0.000000,774.0391,,,,,
2.8157,target,0.00000,0.00000,0.000000,774.0385,,,,,
2.8500,target,0.00000,0.00000,0.000000,774.0394,,,,,
2.8824,target,0.00000,0.00000,0.000000,774.0385,,,,,
2.9266,target,0.00000,0.00000,0.000000,774.0494,,,,,
2.9556,target,0.00000,0.00000,0.000000,774.0449,,,,,
2.9828,target,0.00000,0.00000,0.000000,774.0388,,,,,
3.0194,target,0.00000,0.00000,0.000000,774.0421,,,,,
3.0443,cmd,,,,,0.00000,0.00000,,,
3.0551,target,0.00000,0.00000,0.000000,774.0444,,,,,
3.0826,cmd,,,,,0.00000,0.00000,,,
3.0827,status,,,,,,,LOST,,
3.0839,target,0.00000,0.00000,0.000000,774.0398,,,,,
3.1166,target,0.00000,0.00000,0.000000,774.0392,,,,,
3.1335,cmd,,,,,0.00000,0.00000,,,
3.1358,status,,,,,,,LOST,,
3.1494,target,0.11176,-0.11423,0.002044,774.0386,,,,,
3.1838,cmd,,,,,-0.16764,0.09139,,,
3.1839,status,,,,,,,TRACKING,,
3.1849,target,0.10978,-0.09670,0.002016,774.0408,,,,,
3.2156,target,0.10946,-0.08493,0.002218,774.0381,,,,,
3.2339,cmd,,,,,-0.16419,0.06794,,,
3.2340,status,,,,,,,TRACKING,,
3.2514,target,0.10650,-0.07274,0.002370,774.0406,,,,,
3.2821,cmd,,,,,-0.15975,0.05819,,,
3.2822,status,,,,,,,TRACKING,,
3.2873,target,0.10628,-0.06293,0.002454,774.0431,,,,,
3.3030,joint,,,,,,,,0.00153,0.00153
3.3167,target,0.10379,-0.06007,0.002591,774.0391,,,,,
3.3334,cmd,,,,,-0.15568,0.04806,,,
3.3350,status,,,,,,,TRACKING,,
3.3502,target,0.09963,-0.05740,0.002841,774.0393,,,,,
3.3822,cmd,,,,,-0.14944,0.04592,,,
3.3824,status,,,,,,,TRACKING,,
3.3876,target,0.09531,-0.04818,0.002834,774.0434,,,,,
3.4162,target,0.09297,-0.04345,0.002810,774.0385,,,,,
3.4327,cmd,,,,,-0.13945,0.00000,,,
3.4328,status,,,,,,,TRACKING,,
3.4492,target,0.08773,-0.04402,0.002971,774.0382,,,,,
3.4820,cmd,,,,,-0.13159,0.00000,,,
3.4822,status,,,,,,,TRACKING,,
3.4878,target,0.08322,-0.04536,0.002925,774.0435,,,,,
3.5161,target,0.08243,-0.03132,0.002826,774.0384,,,,,
3.5333,cmd,,,,,-0.12365,0.00000,,,
3.5353,status,,,,,,,TRACKING,,
3.5498,target,0.07921,-0.02409,0.002704,774.0387,,,,,
3.5820,cmd,,,,,-0.11882,0.00000,,,
3.5830,status,,,,,,,TRACKING,,
3.5874,target,0.07705,-0.01618,0.002789,774.0430,,,,,
3.6158,target,0.07540,-0.00983,0.002602,774.0380,,,,,
3.6337,cmd,,,,,-0.11311,0.00000,,,
3.6340,status,,,,,,,TRACKING,,
3.6500,target,0.06966,-0.00634,0.002754,774.0389,,,,,
3.6829,cmd,,,,,-0.10449,0.00000,,,
3.6830,status,,,,,,,TRACKING,,
3.6852,target,0.06831,0.00010,0.002609,774.0407,,,,,
3.7176,target,0.06574,0.00394,0.002565,774.0398,,,,,
3.7329,cmd,,,,,-0.09861,0.00000,,,
3.7348,status,,,,,,,TRACKING,,
3.7510,target,0.06233,0.00249,0.002487,774.0398,,,,,
3.7820,cmd,,,,,-0.09349,0.00000,,,
3.7829,status,,,,,,,TRACKING,,
3.7845,joint,,,,,,,,-0.04448,0.00307
3.7869,target,0.00000,0.00000,0.000000,774.0423,,,,,
3.8166,target,0.05600,-0.00203,0.002409,774.0387,,,,,
3.8336,cmd,,,,,-0.08400,0.00000,,,
3.8343,status,,,,,,,TRACKING,,
3.8513,target,0.00000,0.00000,0.000000,774.0401,,,,,
3.8839,cmd,,,,,0.00000,0.00000,,,
3.8840,status,,,,,,,LOST,,
3.8893,target,0.00000,0.00000,0.000000,774.0447,,,,,
3.9160,target,0.04637,-0.01537,0.002472,774.0380,,,,,
3.9335,cmd,,,,,0.00000,0.00000,,,
3.9360,status,,,,,,,CENTERED,,
3.9507,target,0.04436,-0.01940,0.002554,774.0394,,,,,
3.9823,cmd,,,,,0.00000,0.00000,,,
3.9834,status,,,,,,,CENTERED,,
3.9862,target,0.04101,-0.02116,0.002585,774.0415,,,,,
4.0169,target,0.03729,-0.02330,0.002678,774.0388,,,,,
4.0332,cmd,,,,,0.00000,0.00000,,,
4.0343,status,,,,,,,CENTERED,,
4.0514,target,0.03517,-0.01867,0.002517,774.0400,,,,,
4.0823,cmd,,,,,0.00000,0.00000,,,
4.0823,status,,,,,,,CENTERED,,
4.0878,target,0.03469,-0.02033,0.002526,774.0430,,,,,
4.1183,target,0.00000,0.00000,0.000000,774.0402,,,,,
4.1337,cmd,,,,,0.00000,0.00000,,,
4.1339,status,,,,,,,LOST,,
4.1518,target,0.00000,0.00000,0.000000,774.0403,,,,,
4.1830,cmd,,,,,0.00000,0.00000,,,
4.1831,status,,,,,,,LOST,,
4.1876,target,0.03694,-0.02614,0.002652,774.0428,,,,,
4.2184,target,0.97137,-0.22590,0.000269,774.0403,,,,,
4.2349,cmd,,,,,-0.60000,0.18072,,,
4.2350,status,,,,,,,TRACKING,,
4.2524,target,0.04102,-0.03706,0.002771,774.0409,,,,,
4.2820,cmd,,,,,0.00000,0.00000,,,
4.2821,status,,,,,,,CENTERED,,
4.2881,target,0.04315,-0.04422,0.002771,774.0432,,,,,
4.3029,joint,,,,,,,,-0.06443,0.00307
4.3166,target,0.04357,-0.05173,0.002815,774.0384,,,,,
4.3343,cmd,,,,,0.00000,0.04139,,,
4.3344,status,,,,,,,TRACKING,,
4.3512,target,0.04618,-0.06024,0.002743,774.0396,,,,,
4.3821,cmd,,,,,0.00000,0.04819,,,
4.3822,status,,,,,,,TRACKING,,
4.3905,target,0.96644,-0.22725,0.000295,774.0456,,,,,
4.4166,target,0.05063,-0.07257,0.002678,774.0383,,,,,
4.4338,cmd,,,,,-0.07595,0.05805,,,
4.4339,status,,,,,,,TRACKING,,
4.4506,target,0.05342,-0.08375,0.002810,774.0390,,,,,
4.4829,cmd,,,,,-0.08014,0.06700,,,
4.4830,status,,,,,,,TRACKING,,
4.4890,target,0.05515,-0.08534,0.002754,774.0441,,,,,
4.5167,target,0.05893,-0.08954,0.002741,774.0384,,,,,
4.5329,cmd,,,,,-0.08839,0.07163,,,
4.5350,status,,,,,,,TRACKING,,
4.5521,target,0.00000,0.00000,0.000000,774.0405,,,,,
4.5828,cmd,,,,,0.00000,0.00000,,,
4.5829,status,,,,,,,LOST,,
4.5872,target,0.06558,-0.10115,0.002867,774.0422,,,,,
4.6224,target,0.97425,-0.22569,0.000260,774.0441,,,,,
4.6335,cmd,,,,,-0.60000,0.18056,,,
4.6348,status,,,,,,,TRACKING,,
4.6536,target,0.00000,0.00000,0.000000,774.0419,,,,,
4.6821,cmd,,,,,0.00000,0.00000,,,
4.6823,status,,,,,,,LOST,,
4.6898,target,0.00000,0.00000,0.000000,774.0448,,,,,
4.7197,target,0.00000,0.00000,0.000000,774.0413,,,,,
4.7335,cmd,,,,,0.00000,0.00000,,,
4.7363,status,,,,,,,LOST,,
4.7538,target,0.00000,0.00000,0.000000,774.0421,,,,,
4.7823,cmd,,,,,0.00000,0.00000,,,
4.7824,status,,,,,,,LOST,,
4.7886,target,0.00000,0.00000,0.000000,774.0435,,,,,
4.8193,target,0.00000,0.00000,0.000000,774.0409,,,,,
4.8228,joint,,,,,,,,-0.07670,0.01534
4.8330,cmd,,,,,0.00000,0.00000,,,
4.8332,status,,,,,,,LOST,,
4.8492,target,0.03525,-0.06859,0.002914,774.0375,,,,,
4.8829,cmd,,,,,0.00000,0.05487,,,
4.8830,status,,,,,,,TRACKING,,
4.8902,target,0.03474,-0.06342,0.003021,774.0452,,,,,
4.9159,target,0.03476,-0.06079,0.003019,774.0375,,,,,
4.9341,cmd,,,,,0.00000,0.04863,,,
4.9350,status,,,,,,,TRACKING,,
4.9533,target,0.03330,-0.06266,0.002969,774.0415,,,,,
4.9829,cmd,,,,,0.00000,0.05013,,,
4.9830,status,,,,,,,TRACKING,,
4.9888,target,0.03096,-0.06156,0.003069,774.0437,,,,,
5.0171,target,0.03104,-0.06163,0.002969,774.0386,,,,,
5.0351,cmd,,,,,0.00000,0.04931,,,
5.0352,status,,,,,,,TRACKING,,
5.0519,target,0.02787,-0.06217,0.003142,774.0401,,,,,
5.0820,cmd,,,,,0.00000,0.04974,,,
5.0821,status,,,,,,,TRACKING,,
5.0879,target,0.02686,-0.06218,0.003151,774.0427,,,,,
5.1172,target,0.02563,-0.06059,0.003125,774.0387,,,,,
5.1335,cmd,,,,,0.00000,0.04847,,,
5.1353,status,,,,,,,TRACKING,,
5.1514,target,0.02334,-0.06349,0.003203,774.0395,,,,,
5.1821,cmd,,,,,0.00000,0.05079,,,
5.1825,status,,,,,,,TRACKING,,
5.1853,target,0.02191,-0.06119,0.003229,774.0401,,,,,
5.2197,target,0.02128,-0.06158,0.003244,774.0412,,,,,
5.2349,cmd,,,,,0.00000,0.04926,,,
5.2352,status,,,,,,,TRACKING,,
5.2515,target,0.02001,-0.06351,0.003366,774.0397,,,,,
5.2823,cmd,,,,,0.00000,0.05081,,,
5.2830,status,,,,,,,TRACKING,,
5.2905,target,0.01944,-0.06017,0.003273,774.0453,,,,,
5.3148,target,0.00000,0.00000,0.000000,774.0362,,,,,
5.3242,joint,,,,,,,,-0.07363,0.01841
5.3338,cmd,,,,,0.00000,0.00000,,,
5.3350,status,,,,,,,LOST,,
5.3507,target,0.01449,-0.05977,0.003559,774.0388,,,,,
5.3822,cmd,,,,,0.00000,0.04781,,,
5.3831,status,,,,,,,TRACKING,,
5.3893,target,0.01349,-0.05182,0.003559,774.0440,,,,,
5.4170,target,0.01060,-0.04669,0.003674,774.0383,,,,,
5.4335,cmd,,,,,0.00000,0.00000,,,
5.4350,status,,,,,,,CENTERED,,
5.4532,target,0.00685,-0.03985,0.003804,774.0411,,,,,
5.4820,cmd,,,,,0.00000,0.00000,,,
5.4821,status,,,,,,,CENTERED,,
5.4877,target,0.00353,-0.03171,0.003887,774.0423,,,,,
5.5184,target,0.00456,-0.02718,0.003835,774.0397,,,,,
5.5330,cmd,,,,,0.00000,0.00000,,,
5.5339,status,,,,,,,CENTERED,,
5.5528,target,0.00257,-0.03047,0.004002,774.0407,,,,,
5.5829,cmd,,,,,0.00000,0.00000,,,
5.5830,status,,,,,,,CENTERED,,
5.5863,target,0.00000,0.00000,0.000000,774.0408,,,,,
5.6190,target,0.00022,-0.03108,0.003989,774.0402,,,,,
5.6335,cmd,,,,,0.00000,0.00000,,,
5.6336,status,,,,,,,CENTERED,,
5.6522,target,-0.00738,-0.03605,0.004119,774.0400,,,,,
5.6835,cmd,,,,,0.00000,0.00000,,,
5.6849,status,,,,,,,CENTERED,,
5.6909,target,-0.01592,-0.03928,0.004080,774.0454,,,,,
5.7161,target,0.00000,0.00000,0.000000,774.0372,,,,,
5.7327,cmd,,,,,0.00000,0.00000,,,
5.7331,status,,,,,,,LOST,,
5.7533,target,-0.04520,-0.05145,0.004434,774.0410,,,,,
5.7828,cmd,,,,,0.00000,0.04116,,,
5.7829,status,,,,,,,TRACKING,,
5.7911,target,-0.06148,-0.05653,0.004625,774.0455,,,,,
5.8185,target,-0.07961,-0.05501,0.004768,774.0396,,,,,
5.8327,cmd,,,,,0.11941,0.04401,,,
5.8341,status,,,,,,,TRACKING,,
5.8429,joint,,,,,,,,-0.07363,0.02454
5.8541,target,-0.09996,-0.05396,0.005004,774.0418,,,,,
5.8830,cmd,,,,,0.14995,0.04317,,,
5.8831,status,,,,,,,TRACKING,,
5.8913,target,-0.12128,-0.05107,0.005245,774.0456,,,,,
5.9177,target,-0.14221,-0.04926,0.005310,774.0386,,,,,
5.9328,cmd,,,,,0.21332,0.00000,,,
5.9361,status,,,,,,,TRACKING,,
5.9526,target,-0.16619,-0.04976,0.005534,774.0402,,,,,
5.9840,cmd,,,,,0.24928,0.00000,,,
5.9841,status,,,,,,,TRACKING,,
5.9880,target,-0.19074,-0.05000,0.005727,774.0423,,,,,
6.0180,target,-0.21585,-0.04750,0.005885,774.0389,,,,,
6.0332,cmd,,,,,0.32377,0.00000,,,
6.0360,status,,,,,,,TRACKING,,
6.0532,target,-0.24290,-0.04406,0.006181,774.0407,,,,,
6.0830,cmd,,,,,0.36435,0.00000,,,
6.0831,status,,,,,,,TRACKING,,
6.0888,target,-0.26788,-0.03715,0.006443,774.0429,,,,,
6.1166,target,0.00000,0.00000,0.000000,774.0374,,,,,
6.1331,cmd,,,,,0.00000,0.00000,,,
6.1340,status,,,,,,,LOST,,
6.1499,target,0.00000,0.00000,0.000000,774.0374,,,,,
6.1816,cmd,,,,,0.00000,0.00000,,,
6.1818,status,,,,,,,LOST,,
6.1873,target,0.00000,0.00000,0.000000,774.0414,,,,,
6.2190,target,-0.35302,-0.10439,0.009805,774.0397,,,,,
6.2330,cmd,,,,,0.52952,0.08351,,,
6.2346,status,,,,,,,TRACKING,,
6.2494,target,0.00000,0.00000,0.000000,774.0368,,,,,
6.2827,cmd,,,,,0.00000,0.00000,,,
6.2828,status,,,,,,,LOST,,
6.2884,target,-0.38953,-0.10839,0.011189,774.0424,,,,,
6.3165,target,-0.41226,-0.10881,0.011988,774.0371,,,,,
6.3332,cmd,,,,,0.60000,0.08704,,,
6.3340,status,,,,,,,TRACKING,,
6.3514,target,-0.43710,-0.11604,0.013060,774.0387,,,,,
6.3640,joint,,,,,,,,-0.05983,0.02454
6.3827,cmd,,,,,0.60000,0.09284,,,
6.3828,status,,,,,,,TRACKING,,
6.3886,target,-0.46374,-0.12156,0.014414,774.0425,,,,,
6.4182,target,-0.48772,-0.13690,0.016374,774.0388,,,,,
6.4327,cmd,,,,,0.60000,0.10952,,,
6.4353,status,,,,,,,TRACKING,,
6.4517,target,-0.50911,-0.13949,0.017500,774.0389,,,,,
6.4828,cmd,,,,,0.60000,0.11159,,,
6.4830,status,,,,,,,TRACKING,,
6.4860,target,-0.52869,-0.15177,0.019436,774.0399,,,,,
6.5179,target,-0.54533,-0.15722,0.020050,774.0384,,,,,
6.5350,cmd,,,,,0.60000,0.12578,,,
6.5364,status,,,,,,,TRACKING,,
6.5525,target,-0.56145,-0.16623,0.021126,774.0397,,,,,
6.5820,cmd,,,,,0.60000,0.13298,,,
6.5821,status,,,,,,,TRACKING,,
6.5873,target,-0.57184,-0.17272,0.022042,774.0411,,,,,
6.6179,target,-0.57307,-0.18035,0.022600,774.0383,,,,,
6.6334,cmd,,,,,0.60000,0.14428,,,
6.6368,status,,,,,,,TRACKING,,
6.6518,target,-0.56391,-0.18673,0.022220,774.0388,,,,,
6.6839,cmd,,,,,0.60000,0.14938,,,
6.6840,status,,,,,,,TRACKING,,
6.6892,target,-0.54431,-0.19283,0.021328,774.0429,,,,,
6.7169,target,-0.50843,-0.18937,0.018533,774.0372,,,,,
6.7330,cmd,,,,,0.60000,0.15150,,,
6.7349,status,,,,,,,TRACKING,,
6.7516,target,-0.46079,-0.18811,0.016404,774.0385,,,,,
6.7826,cmd,,,,,0.60000,0.15048,,,
6.7827,status,,,,,,,TRACKING,,
6.7885,target,-0.40489,-0.17522,0.013622,774.0421,,,,,
6.8161,target,0.00000,0.00000,0.000000,774.0364,,,,,
6.8333,cmd,,,,,0.00000,0.00000,,,
6.8348,status,,,,,,,LOST,,
6.8429,joint,,,,,,,,0.04755,0.04142
6.8538,target,-0.26595,-0.07116,0.008275,774.0407,,,,,
6.8860,cmd,,,,,0.39892,0.05693,,,
6.8861,status,,,,,,,TRACKING,,
6.8915,target,0.00000,0.00000,0.000000,774.0450,,,,,
6.9187,target,0.00000,0.00000,0.000000,774.0389,,,,,
6.9328,cmd,,,,,0.00000,0.00000,,,
6.9331,status,,,,,,,LOST,,
6.9537,target,0.00000,0.00000,0.000000,774.0405,,,,,
6.9824,cmd,,,,,0.00000,0.00000,,,
6.9825,status,,,,,,,LOST,,
6.9907,target,0.00000,0.00000,0.000000,774.0441,,,,,
7.0184,target,0.00000,0.00000,0.000000,774.0385,,,,,
7.0333,cmd,,,,,0.00000,0.00000,,,
7.0340,status,,,,,,,LOST,,
7.0552,target,0.00000,0.00000,0.000000,774.0419,,,,,
7.0829,cmd,,,,,0.00000,0.00000,,,
7.0830,status,,,,,,,LOST,,
7.0885,target,0.12191,-0.05547,0.006766,774.0419,,,,,
7.1198,target,0.14201,-0.06609,0.006977,774.0398,,,,,
7.1343,cmd,,,,,-0.21301,0.05287,,,
7.1363,status,,,,,,,TRACKING,,
7.1532,target,0.15018,-0.08283,0.007378,774.0398,,,,,
7.1839,cmd,,,,,-0.22527,0.06627,,,
7.1842,status,,,,,,,TRACKING,,
7.1895,target,0.14737,-0.09126,0.007209,774.0428,,,,,
7.2191,target,0.13552,-0.09333,0.007033,774.0390,,,,,
7.2327,cmd,,,,,-0.20328,0.07466,,,
7.2342,status,,,,,,,TRACKING,,
7.2527,target,0.11989,-0.09682,0.006851,774.0392,,,,,
7.2829,cmd,,,,,-0.17983,0.07746,,,
7.2830,status,,,,,,,TRACKING,,
7.2877,target,0.10355,-0.10398,0.006986,774.0409,,,,,
7.3219,target,0.08983,-0.11054,0.006955,774.0418,,,,,
7.3328,cmd,,,,,-0.13474,0.08843,,,
7.3347,status,,,,,,,TRACKING,,
7.3425,joint,,,,,,,,0.13959,0.05829
7.3506,target,0.00000,0.00000,0.000000,774.0371,,,,,
7.3830,cmd,,,,,0.00000,0.00000,,,
7.3832,status,,,,,,,LOST,,
7.3883,target,0.00000,0.00000,0.000000,774.0415,,,,,
7.4182,target,0.00000,0.00000,0.000000,774.0380,,,,,
7.4324,cmd,,,,,0.00000,0.00000,,,
7.4338,status,,,,,,,LOST,,
7.4535,target,0.00000,0.00000,0.000000,774.0400,,,,,
7.4820,cmd,,,,,0.00000,0.00000,,,
7.4821,status,,,,,,,LOST,,
7.4894,target,0.00000,0.00000,0.000000,774.0425,,,,,
7.5181,target,0.00000,0.00000,0.000000,774.0378,,,,,
7.5326,cmd,,,,,0.00000,0.00000,,,
7.5328,status,,,,,,,LOST,,
7.5523,target,0.00000,0.00000,0.000000,774.0386,,,,,
7.5826,cmd,,,,,0.00000,0.00000,,,
7.5827,status,,,,,,,LOST,,
7.5891,target,0.00000,0.00000,0.000000,774.0421,,,,,
7.6178,target,0.00000,0.00000,0.000000,774.0374,,,,,
7.6328,cmd,,,,,0.00000,0.00000,,,
7.6336,status,,,,,,,LOST,,
7.6508,target,0.00000,0.00000,0.000000,774.0371,,,,,
7.6825,cmd,,,,,0.00000,0.00000,,,
7.6827,status,,,,,,,LOST,,
7.6897,target,0.00000,0.00000,0.000000,774.0426,,,,,
7.7163,target,0.00000,0.00000,0.000000,774.0359,,,,,
7.7329,cmd,,,,,0.00000,0.00000,,,
7.7341,status,,,,,,,LOST,,
7.7521,target,0.00000,0.00000,0.000000,774.0383,,,,,
7.7825,cmd,,,,,0.00000,0.00000,,,
7.7827,status,,,,,,,LOST,,
7.7892,target,0.00000,0.00000,0.000000,774.0421,,,,,
7.8185,target,0.00000,0.00000,0.000000,774.0380,,,,,
7.8332,cmd,,,,,0.00000,0.00000,,,
7.8334,status,,,,,,,LOST,,
7.8427,joint,,,,,,,,0.12885,0.06289
7.8514,target,0.00000,0.00000,0.000000,774.0376,,,,,
7.8828,cmd,,,,,0.00000,0.00000,,,
7.8829,status,,,,,,,LOST,,
7.8899,target,0.00000,0.00000,0.000000,774.0427,,,,,
7.9185,target,0.00000,0.00000,0.000000,774.0380,,,,,
7.9335,cmd,,,,,0.00000,0.00000,,,
7.9338,status,,,,,,,LOST,,
7.9514,target,0.00000,0.00000,0.000000,774.0375,,,,,
7.9821,cmd,,,,,0.00000,0.00000,,,
7.9822,status,,,,,,,LOST,,
7.9877,target,-0.11005,-0.22660,0.010970,774.0405,,,,,
8.0187,target,-0.11717,-0.22238,0.011788,774.0382,,,,,
8.0331,cmd,,,,,0.17576,0.17790,,,
8.0346,status,,,,,,,TRACKING,,
8.0536,target,-0.12499,-0.22034,0.012201,774.0396,,,,,
8.0836,cmd,,,,,0.18749,0.17627,,,
8.0844,status,,,,,,,TRACKING,,
8.0907,target,-0.13431,-0.22085,0.012550,774.0434,,,,,
8.1180,target,-0.14362,-0.22164,0.013079,774.0373,,,,,
8.1329,cmd,,,,,0.21542,0.17732,,,
8.1336,status,,,,,,,TRACKING,,
8.1527,target,-0.15071,-0.22909,0.013976,774.0387,,,,,
8.1839,cmd,,,,,0.22607,0.18327,,,
8.1840,status,,,,,,,TRACKING,,
8.1884,target,-0.15896,-0.23438,0.014768,774.0411,,,,,
8.2200,target,-0.16723,-0.24304,0.015764,774.0393,,,,,
8.2338,cmd,,,,,0.25084,0.19443,,,
8.2340,status,,,,,,,TRACKING,,
8.2538,target,-0.17649,-0.24307,0.015994,774.0397,,,,,
8.2823,cmd,,,,,0.26473,0.19446,,,
8.2824,status,,,,,,,TRACKING,,
8.2912,target,-0.18403,-0.24669,0.016636,774.0438,,,,,
8.3185,target,-0.19022,-0.24529,0.016836,774.0377,,,,,
8.3336,cmd,,,,,0.28533,0.19623,,,
8.3355,status,,,,,,,TRACKING,,
8.3530,target,-0.19576,-0.24064,0.017329,774.0389,,,,,
8.3641,joint,,,,,,,,0.13806,0.06903
8.3826,cmd,,,,,0.29364,0.19251,,,
8.3829,status,,,,,,,TRACKING,,
8.3903,target,-0.19752,-0.23422,0.017305,774.0428,,,,,
8.4191,target,-0.20042,-0.22564,0.017780,774.0383,,,,,
8.4332,cmd,,,,,0.30062,0.18051,,,
8.4342,status,,,,,,,TRACKING,,
8.4523,target,-0.20070,-0.21177,0.017836,774.0381,,,,,
8.4817,cmd,,,,,0.30105,0.16942,,,
8.4818,status,,,,,,,TRACKING,,
8.4892,target,-0.19921,-0.20541,0.017956,774.0416,,,,,
8.5188,target,-0.19541,-0.19230,0.018049,774.0379,,,,,
8.5329,cmd,,,,,0.29311,0.15384,,,
8.5343,status,,,,,,,TRACKING,,
8.5548,target,-0.18691,-0.18400,0.017847,774.0406,,,,,
8.5823,cmd,,,,,0.28036,0.14720,,,
8.5824,status,,,,,,,TRACKING,,
8.5880,target,-0.17528,-0.17035,0.017511,774.0404,,,,,
8.6180,target,-0.15720,-0.15184,0.016832,774.0370,,,,,
8.6331,cmd,,,,,0.23580,0.12147,,,
8.6351,status,,,,,,,TRACKING,,
8.6539,target,-0.13543,-0.13266,0.016128,774.0396,,,,,
8.6860,cmd,,,,,0.20314,0.10613,,,
8.6861,status,,,,,,,TRACKING,,
8.6896,target,-0.11122,-0.11173,0.015488,774.0420,,,,,
8.7195,target,-0.08303,-0.09045,0.014594,774.0385,,,,,
8.7333,cmd,,,,,0.12454,0.07236,,,
8.7344,status,,,,,,,TRACKING,,
8.7538,target,-0.05216,-0.07177,0.013605,774.0394,,,,,
8.7829,cmd,,,,,0.07824,0.05742,,,
8.7830,status,,,,,,,TRACKING,,
8.7874,target,-0.02123,-0.04668,0.012543,774.0397,,,,,
8.8187,target,0.00465,-0.02935,0.011489,774.0376,,,,,
8.8329,cmd,,,,,0.00000,0.00000,,,
8.8337,status,,,,,,,CENTERED,,
8.8537,target,0.02727,-0.01317,0.010872,774.0392,,,,,
8.8633,joint,,,,,,,,0.24083,0.14726
8.8837,cmd,,,,,0.00000,0.00000,,,
8.8838,status,,,,,,,CENTERED,,
8.8898,target,0.04742,-0.00187,0.010727,774.0421,,,,,
8.9179,target,0.00000,0.00000,0.000000,774.0368,,,,,
8.9330,cmd,,,,,0.00000,0.00000,,,
8.9367,status,,,,,,,LOST,,
8.9541,target,0.07077,0.02035,0.010428,774.0396,,,,,
8.9826,cmd,,,,,-0.10616,0.00000,,,
8.9839,status,,,,,,,TRACKING,,
8.9981,target,0.07289,0.02667,0.010486,774.0503,,,,,
9.0236,target,0.06934,0.02938,0.010760,774.0424,,,,,
9.0338,cmd,,,,,-0.10401,0.00000,,,
9.0360,status,,,,,,,TRACKING,,
9.0520,target,0.06261,0.02798,0.011973,774.0375,,,,,
9.0831,cmd,,,,,-0.09392,0.00000,,,
9.0832,status,,,,,,,TRACKING,,
9.0903,target,0.04903,0.02547,0.013207,774.0424,,,,,
9.1197,target,0.02699,0.02595,0.014041,774.0385,,,,,
9.1324,cmd,,,,,0.00000,0.00000,,,
9.1325,status,,,,,,,CENTERED,,
9.1542,target,0.00295,0.01973,0.014581,774.0396,,,,,
9.1852,cmd,,,,,0.00000,0.00000,,,
9.1859,status,,,,,,,CENTERED,,
9.1903,target,-0.01979,0.00974,0.015354,774.0424,,,,,
9.2195,target,-0.04350,0.00528,0.015959,774.0382,,,,,
9.2325,cmd,,,,,0.00000,0.00000,,,
9.2327,status,,,,,,,CENTERED,,
9.2544,target,-0.06549,-0.00180,0.016725,774.0398,,,,,
9.2825,cmd,,,,,0.09824,0.00000,,,
9.2828,status,,,,,,,TRACKING,,
9.2885,target,-0.08554,-0.00972,0.017270,774.0405,,,,,
9.3219,target,-0.10422,-0.01859,0.018138,774.0406,,,,,
9.3325,cmd,,,,,0.15632,0.00000,,,
9.3328,status,,,,,,,TRACKING,,
9.3543,target,-0.12013,-0.02615,0.018490,774.0395,,,,,
9.3824,cmd,,,,,0.18019,0.00000,,,
9.3834,status,,,,,,,TRACKING,,
9.3912,target,-0.13623,-0.02955,0.019047,774.0431,,,,,
9.4197,target,-0.15091,-0.03573,0.019661,774.0382,,,,,
9.4226,joint,,,,,,,,0.24544,0.16260
9.4328,cmd,,,,,0.22636,0.00000,,,
9.4341,status,,,,,,,TRACKING,,
9.4553,target,-0.16345,-0.04323,0.020197,774.0405,,,,,
9.4831,cmd,,,,,0.24518,0.00000,,,
9.4832,status,,,,,,,TRACKING,,
9.4915,target,-0.17614,-0.05120,0.020699,774.0434,,,,,
9.5192,target,-0.18712,-0.06385,0.021037,774.0377,,,,,
9.5328,cmd,,,,,0.28068,0.05108,,,
9.5331,status,,,,,,,TRACKING,,
9.5562,target,-0.19710,-0.07876,0.021845,774.0414,,,,,
9.5826,cmd,,,,,0.29565,0.06301,,,
9.5834,status,,,,,,,TRACKING,,
9.5934,target,-0.20445,-0.09319,0.022613,774.0452,,,,,
9.6190,target,-0.20980,-0.10362,0.023158,774.0375,,,,,
9.6326,cmd,,,,,0.31470,0.08290,,,
9.6327,status,,,,,,,TRACKING,,
9.6555,target,-0.21518,-0.11319,0.023802,774.0406,,,,,
9.6819,cmd,,,,,0.32277,0.09055,,,
9.6820,status,,,,,,,TRACKING,,
9.6908,target,-0.21846,-0.11986,0.024349,774.0425,,,,,
9.7221,target,-0.21980,-0.12202,0.024800,774.0405,,,,,
9.7325,cmd,,,,,0.32969,0.09761,,,
9.7328,status,,,,,,,TRACKING,,
9.7554,target,-0.21970,-0.12286,0.025193,774.0404,,,,,
9.7844,cmd,,,,,0.32954,0.09829,,,
9.7845,status,,,,,,,TRACKING,,
9.7911,target,-0.21874,-0.12103,0.025321,774.0428,,,,,
9.8220,target,-0.21756,-0.11702,0.025636,774.0404,,,,,
9.8330,cmd,,,,,0.32634,0.09361,,,
9.8331,status,,,,,,,TRACKING,,
9.8553,target,-0.21511,-0.11323,0.026011,774.0402,,,,,
9.8635,joint,,,,,,,,0.30066,0.16720
9.8831,cmd,,,,,0.32266,0.09059,,,
9.8833,status,,,,,,,TRACKING,,
9.8910,target,-0.21100,-0.10786,0.026111,774.0426,,,,,
9.9236,target,-0.20608,-0.10242,0.026434,774.0418,,,,,
9.9329,cmd,,,,,0.30912,0.08194,,,
9.9334,status,,,,,,,TRACKING,,
9.9533,target,-0.20267,-0.09397,0.026610,774.0382,,,,,
9.9820,cmd,,,,,0.30401,0.07518,,,
9.9839,status,,,,,,,TRACKING,,
9.9911,target,-0.20097,-0.08867,0.027155,774.0426,,,,,
10.0222,target,-0.19771,-0.08060,0.027470,774.0404,,,,,
10.0333,cmd,,,,,0.29657,0.06448,,,
10.0344,status,,,,,,,TRACKING,,
10.0528,target,-0.19431,-0.07497,0.027745,774.0376,,,,,
10.0822,cmd,,,,,0.29147,0.05998,,,
10.0823,status,,,,,,,TRACKING,,
10.0923,target,-0.19069,-0.06620,0.027893,774.0438,,,,,
10.1199,target,-0.18850,-0.06252,0.028103,774.0380,,,,,
10.1325,cmd,,,,,0.28275,0.05001,,,
10.1335,status,,,,,,,TRACKING,,
10.1543,target,-0.18544,-0.05567,0.028149,774.0391,,,,,
10.1815,cmd,,,,,0.27815,0.04454,,,
10.1816,status,,,,,,,TRACKING,,
10.1919,target,-0.18302,-0.05347,0.028485,774.0433,,,,,
10.2223,target,-0.18044,-0.05070,0.028683,774.0404,,,,,
10.2325,cmd,,,,,0.27065,0.04056,,,
10.2327,status,,,,,,,TRACKING,,
10.2554,target,-0.17877,-0.04978,0.029201,774.0401,,,,,
10.2815,cmd,,,,,0.26815,0.00000,,,
10.2816,status,,,,,,,TRACKING,,
10.2923,target,-0.17546,-0.04345,0.029284,774.0437,,,,,
10.3227,target,-0.17401,-0.04126,0.029952,774.0407,,,,,
10.3328,cmd,,,,,0.26101,0.00000,,,
10.3331,status,,,,,,,TRACKING,,
10.3557,target,-0.17164,-0.03781,0.030234,774.0404,,,,,
10.3634,joint,,,,,,,,0.44025,0.19635
10.3820,cmd,,,,,0.25747,0.00000,,,
10.3833,status,,,,,,,TRACKING,,
10.3917,target,-0.16932,-0.03760,0.030532,774.0430,,,,,
10.4232,target,-0.16624,-0.02375,0.030668,774.0411,,,,,
10.4325,cmd,,,,,0.24936,0.00000,,,
10.4333,status,,,,,,,TRACKING,,
10.4553,target,-0.16535,-0.02339,0.031328,774.0399,,,,,
10.4843,cmd,,,,,0.24803,0.00000,,,
10.4844,status,,,,,,,TRACKING,,
10.4890,target,-0.16354,-0.01392,0.031447,774.0403,,,,,
10.5233,target,-0.16294,-0.01205,0.032016,774.0412,,,,,
10.5326,cmd,,,,,0.24442,0.00000,,,
10.5389,status,,,,,,,TRACKING,,
10.5535,target,-0.16052,-0.01145,0.032207,774.0380,,,,,
10.5821,cmd,,,,,0.24078,0.00000,,,
10.5833,status,,,,,,,TRACKING,,
10.5911,target,-0.15744,-0.00966,0.032593,774.0422,,,,,
10.6234,target,-0.15461,-0.00973,0.032645,774.0412,,,,,
10.6325,cmd,,,,,0.23192,0.00000,,,
10.6335,status,,,,,,,TRACKING,,
10.6541,target,-0.15174,-0.00972,0.033025,774.0386,,,,,
10.6862,cmd,,,,,0.22760,0.00000,,,
10.6863,status,,,,,,,TRACKING,,
10.6893,target,-0.14983,-0.01264,0.033596,774.0404,,,,,
10.7234,target,-0.14710,-0.01254,0.033885,774.0411,,,,,
10.7321,cmd,,,,,0.22066,0.00000,,,
10.7335,status,,,,,,,TRACKING,,
10.7543,target,-0.14512,-0.01613,0.034462,774.0387,,,,,
10.7818,cmd,,,,,0.21768,0.00000,,,
10.7819,status,,,,,,,TRACKING,,
10.7923,target,-0.14248,-0.01881,0.034887,774.0434,,,,,
10.8219,target,-0.13957,-0.01989,0.035339,774.0396,,,,,
10.8321,cmd,,,,,0.20935,0.00000,,,
10.8363,status,,,,,,,TRACKING,,
10.8543,target,-0.13461,-0.02186,0.035566,774.0386,,,,,
10.8635,joint,,,,,,,,0.56757,0.19788
10.8831,cmd,,,,,0.20191,0.00000,,,
10.8832,status,,,,,,,TRACKING,,
10.8915,target,-0.13089,-0.02244,0.035831,774.0425,,,,,
10.9228,target,-0.12787,-0.02575,0.036374,774.0404,,,,,
10.9326,cmd,,,,,0.19181,0.00000,,,
10.9327,status,,,,,,,TRACKING,,
10.9564,target,-0.12278,-0.02680,0.036649,774.0406,,,,,
10.9816,cmd,,,,,0.18417,0.00000,,,
10.9817,status,,,,,,,TRACKING,,
10.9923,target,-0.11844,-0.02796,0.037031,774.0432,,,,,
11.0221,target,-0.11353,-0.02957,0.037240,774.0397,,,,,
11.0320,cmd,,,,,0.17030,0.00000,,,
11.0341,status,,,,,,,TRACKING,,
11.0543,target,-0.11022,-0.02849,0.037745,774.0385,,,,,
11.0847,cmd,,,,,0.16533,0.00000,,,
11.0848,status,,,,,,,TRACKING,,
11.0906,target,-0.10694,-0.02809,0.037860,774.0415,,,,,
11.1242,target,-0.10296,-0.02870,0.038092,774.0417,,,,,
11.1319,cmd,,,,,0.15444,0.00000,,,
11.1328,status,,,,,,,TRACKING,,
11.1590,target,-0.09999,-0.02980,0.038190,774.0432,,,,,
11.1820,cmd,,,,,0.14999,0.00000,,,
11.1821,status,,,,,,,TRACKING,,
11.2160,target,-0.09772,-0.03367,0.038342,774.0668,,,,,
11.2342,cmd,,,,,0.14658,0.00000,,,
11.2345,status,,,,,,,TRACKING,,
11.2599,target,-0.09463,-0.03410,0.038442,774.0773,,,,,
11.2824,cmd,,,,,0.14195,0.00000,,,
11.2825,status,,,,,,,TRACKING,,
11.2989,target,-0.09302,-0.03394,0.038863,774.0830,,,,,
11.3330,cmd,,,,,0.13953,0.00000,,,
11.3331,status,,,,,,,TRACKING,,
11.3419,target,-0.09355,-0.03440,0.039138,774.0926,,,,,
11.3649,joint,,,,,,,,0.66268,0.19635
11.3699,target,-0.09769,-0.03981,0.039622,774.0539,,,,,
11.3829,cmd,,,,,0.14654,0.00000,,,
11.3852,status,,,,,,,TRACKING,,
11.4070,target,-0.09862,-0.04343,0.039870,774.0577,,,,,
11.4330,cmd,,,,,0.14792,0.00000,,,
11.4335,status,,,,,,,TRACKING,,
11.4490,target,-0.09891,-0.04635,0.040352,774.0663,,,,,
11.4810,target,-0.09877,-0.04964,0.040842,774.0649,,,,,
11.4842,cmd,,,,,0.14837,0.00000,,,
11.4845,status,,,,,,,TRACKING,,
11.5141,target,-0.09892,-0.05232,0.041280,774.0647,,,,,
11.5339,cmd,,,,,0.14838,0.04186,,,
11.5340,status,,,,,,,TRACKING,,
11.5459,target,-0.09941,-0.05698,0.041992,774.0631,,,,,
11.5745,target,-0.09964,-0.06506,0.042654,774.0584,,,,,
11.5887,cmd,,,,,0.14945,0.05205,,,
11.5889,status,,,,,,,TRACKING,,
11.6079,target,-0.09893,-0.07232,0.043301,774.0584,,,,,
11.6360,target,-0.09839,-0.08098,0.044128,774.0531,,,,,
11.6389,cmd,,,,,0.14840,0.05785,,,
11.6431,status,,,,,,,TRACKING,,
11.6619,target,-0.09929,-0.08959,0.045011,774.0457,,,,,
11.6831,cmd,,,,,0.14893,0.07167,,,
11.6832,status,,,,,,,TRACKING,,
11.6954,target,-0.10099,-0.09652,0.045812,774.0458,,,,,
11.7360,cmd,,,,,0.15149,0.07722,,,
11.7363,status,,,,,,,TRACKING,,
11.7470,target,-0.10459,-0.10303,0.046691,774.0641,,,,,
11.7838,cmd,,,,,0.15689,0.08242,,,
11.7860,status,,,,,,,TRACKING,,
11.7929,target,-0.10881,-0.10946,0.047589,774.0766,,,,,
11.8349,cmd,,,,,0.16321,0.08757,,,
11.8350,status,,,,,,,TRACKING,,
11.8360,target,-0.11381,-0.11459,0.048637,774.0864,,,,,
11.8469,joint,,,,,,,,0.73324,0.20095
11.8809,target,-0.12849,-0.11539,0.050352,774.0646,,,,,
11.8829,cmd,,,,,0.17071,0.09167,,,
11.8830,status,,,,,,,TRACKING,,
11.9312,target,-0.13867,-0.11137,0.051278,774.0814,,,,,
11.9419,cmd,,,,,0.19273,0.09231,,,
11.9421,status,,,,,,,TRACKING,,
11.9660,target,-0.15025,-0.11038,0.052107,774.0829,,,,,
11.9817,cmd,,,,,0.22538,0.08830,,,
11.9821,status,,,,,,,TRACKING,,
11.9917,target,-0.17694,-0.10434,0.053804,774.0419,,,,,
12.0234,target,-0.19152,-0.09966,0.054026,774.0403,,,,,
12.0331,cmd,,,,,0.28728,0.07973,,,
12.0333,status,,,,,,,TRACKING,,
12.0552,target,-0.20599,-0.09653,0.055135,774.0387,,,,,
12.0817,cmd,,,,,0.30899,0.07722,,,
12.0818,status,,,,,,,TRACKING,,
12.0938,target,-0.21930,-0.09257,0.055171,774.0439,,,,,
12.1231,target,-0.23260,-0.08494,0.055777,774.0398,,,,,
12.1327,cmd,,,,,0.34890,0.06795,,,
12.1328,status,,,,,,,TRACKING,,
12.1554,target,-0.24689,-0.08386,0.055853,774.0388,,,,,
12.1853,cmd,,,,,0.37034,0.06709,,,
12.1869,status,,,,,,,TRACKING,,
12.1908,target,-0.26035,-0.07647,0.056068,774.0409,,,,,
12.2249,target,-0.27383,-0.07090,0.056628,774.0416,,,,,
12.2321,cmd,,,,,0.41074,0.05672,,,
12.2368,status,,,,,,,TRACKING,,
12.2561,target,-0.28577,-0.06318,0.056673,774.0395,,,,,
12.2850,cmd,,,,,0.42866,0.05055,,,
12.2851,status,,,,,,,TRACKING,,
12.2901,target,-0.29656,-0.05690,0.056380,774.0400,,,,,
12.3221,target,-0.30886,-0.04942,0.056636,774.0387,,,,,
12.3320,cmd,,,,,0.46329,0.00000,,,
12.3321,status,,,,,,,TRACKING,,
12.3543,target,-0.31823,-0.04173,0.056947,774.0376,,,,,
12.3849,cmd,,,,,0.47734,0.00000,,,
12.3851,status,,,,,,,TRACKING,,
12.3858,joint,,,,,,,,0.82221,0.23317
12.3916,target,-0.32670,-0.03379,0.057324,774.0415,,,,,
12.4242,target,-0.33473,-0.02737,0.057928,774.0407,,,,,
12.4322,cmd,,,,,0.50210,0.00000,,,
12.4332,status,,,,,,,TRACKING,,
12.4564,target,-0.33999,-0.01929,0.058414,774.0395,,,,,
12.4821,cmd,,,,,0.50999,0.00000,,,
12.4823,status,,,,,,,TRACKING,,
12.4919,target,-0.34148,-0.01411,0.058105,774.0417,,,,,
12.5244,target,-0.34224,-0.00838,0.058622,774.0409,,,,,
12.5320,cmd,,,,,0.51335,0.00000,,,
12.5348,status,,,,,,,TRACKING,,
12.5575,target,-0.34336,-0.00970,0.058861,774.0406,,,,,
12.5831,cmd,,,,,0.51503,0.00000,,,
12.5832,status,,,,,,,TRACKING,,
12.5920,target,-0.34471,-0.00621,0.059316,774.0418,,,,,
12.6242,target,-0.34543,-0.00799,0.059820,774.0406,,,,,
12.6322,cmd,,,,,0.51814,0.00000,,,
12.6323,status,,,,,,,TRACKING,,
12.6559,target,-0.34431,-0.00787,0.060345,774.0389,,,,,
12.6830,cmd,,,,,0.51646,0.00000,,,
12.6831,status,,,,,,,TRACKING,,
12.6935,target,-0.34293,-0.00913,0.060365,774.0432,,,,,
12.7237,target,-0.34124,-0.00903,0.060812,774.0400,,,,,
12.7326,cmd,,,,,0.51186,0.00000,,,
12.7327,status,,,,,,,TRACKING,,
12.7558,target,-0.33822,-0.00891,0.061107,774.0387,,,,,
12.7824,cmd,,,,,0.50733,0.00000,,,
12.7827,status,,,,,,,TRACKING,,
12.7912,target,-0.33154,-0.00621,0.060948,774.0409,,,,,
12.8237,target,-0.32217,-0.00274,0.060731,774.0399,,,,,
12.8323,cmd,,,,,0.48326,0.00000,,,
12.8324,status,,,,,,,TRACKING,,
12.8557,target,-0.31009,0.00366,0.060161,774.0386,,,,,
12.8819,cmd,,,,,0.46514,0.00000,,,
12.8820,status,,,,,,,TRACKING,,
12.8926,target,-0.29336,0.01390,0.059588,774.0422,,,,,
12.9052,joint,,,,,,,,1.03083,0.23777
12.9241,target,-0.27571,0.02630,0.059084,774.0403,,,,,
12.9321,cmd,,,,,0.41357,0.00000,,,
12.9324,status,,,,,,,TRACKING,,
12.9544,target,-0.25963,0.04064,0.058963,774.0372,,,,,
12.9859,cmd,,,,,0.38944,0.00000,,,
12.9860,status,,,,,,,TRACKING,,
12.9961,target,-0.24135,0.05904,0.058184,774.0455,,,,,
13.0220,target,-0.21957,0.07884,0.057932,774.0381,,,,,
13.0320,cmd,,,,,0.32936,-0.06307,,,
13.0321,status,,,,,,,TRACKING,,
13.0564,target,-0.20154,0.09671,0.057845,774.0391,,,,,
13.0833,cmd,,,,,0.30231,-0.07737,,,
13.0836,status,,,,,,,TRACKING,,
13.0907,target,-0.18817,0.10926,0.057682,774.0400,,,,,
13.1236,target,-0.17536,0.11970,0.057537,774.0396,,,,,
13.1330,cmd,,,,,0.26303,-0.09576,,,
13.1331,status,,,,,,,TRACKING,,
13.1571,target,-0.16248,0.12285,0.057513,774.0398,,,,,
13.1839,cmd,,,,,0.24372,-0.09828,,,
13.1840,status,,,,,,,TRACKING,,
13.1916,target,-0.15384,0.12415,0.057973,774.0409,,,,,
13.2229,target,-0.14652,0.11829,0.057743,774.0389,,,,,
13.2321,cmd,,,,,0.21978,-0.09463,,,
13.2324,status,,,,,,,TRACKING,,
13.2559,target,-0.14002,0.10408,0.058368,774.0385,,,,,
13.2824,cmd,,,,,0.21002,-0.08327,,,
13.2825,status,,,,,,,TRACKING,,
13.2913,target,-0.13557,0.09067,0.058049,774.0406,,,,,
13.3242,target,-0.13535,0.06734,0.058789,774.0401,,,,,
13.3321,cmd,,,,,0.20302,-0.05387,,,
13.3360,status,,,,,,,TRACKING,,
13.3559,target,-0.13689,0.05064,0.058544,774.0384,,,,,
13.3821,cmd,,,,,0.20533,-0.04051,,,
13.3825,status,,,,,,,TRACKING,,
13.3929,target,-0.13945,0.02909,0.058876,774.0420,,,,,
13.4233,joint,,,,,,,,1.24866,0.22550
13.4243,target,-0.14466,0.01192,0.058372,774.0401,,,,,
13.4321,cmd,,,,,0.21699,0.00000,,,
13.4323,status,,,,,,,TRACKING,,
13.4555,target,-0.15085,-0.01370,0.057687,774.0380,,,,,
13.4832,cmd,,,,,0.22627,0.00000,,,
13.4833,status,,,,,,,TRACKING,,
13.4919,target,-0.15847,-0.03134,0.057198,774.0410,,,,,
13.5243,target,-0.16565,-0.05258,0.056905,774.0401,,,,,
13.5319,cmd,,,,,0.24847,0.04206,,,
13.5350,status,,,,,,,TRACKING,,
13.5573,target,-0.17221,-0.05946,0.056771,774.0397,,,,,
13.5829,cmd,,,,,0.25832,0.04757,,,
13.5831,status,,,,,,,TRACKING,,
13.5921,target,-0.17785,-0.07776,0.056079,774.0412,,,,,
13.6239,target,-0.18080,-0.08489,0.056220,774.0396,,,,,
13.6322,cmd,,,,,0.27120,0.06791,,,
13.6323,status,,,,,,,TRACKING,,
13.6572,target,-0.18097,-0.09908,0.055612,774.0395,,,,,
13.6816,cmd,,,,,0.27145,0.07926,,,
13.6818,status,,,,,,,TRACKING,,
13.6930,target,-0.17921,-0.10378,0.055447,774.0420,,,,,
13.7237,target,-0.17485,-0.11126,0.055360,774.0393,,,,,
13.7319,cmd,,,,,0.26227,0.08901,,,
13.7327,status,,,,,,,TRACKING,,
13.7570,target,-0.16930,-0.11065,0.055124,774.0393,,,,,
13.7830,cmd,,,,,0.25395,0.08852,,,
13.7831,status,,,,,,,TRACKING,,
13.7922,target,-0.16423,-0.11354,0.054562,774.0411,,,,,
13.8234,target,-0.15853,-0.11337,0.054594,774.0389,,,,,
13.8324,cmd,,,,,0.23780,0.09070,,,
13.8331,status,,,,,,,TRACKING,,
13.8574,target,-0.15132,-0.10992,0.054382,774.0396,,,,,
13.8822,cmd,,,,,0.22697,0.08794,,,
13.8823,status,,,,,,,TRACKING,,
13.8923,target,-0.14620,-0.10334,0.054822,774.0411,,,,,
13.9259,target,-0.14353,-0.09666,0.054883,774.0414,,,,,
13.9317,cmd,,,,,0.21529,0.07733,,,
13.9318,status,,,,,,,TRACKING,,
13.9429,joint,,,,,,,,1.37905,0.22856
13.9554,target,-0.14066,-0.08425,0.054954,774.0375,,,,,
13.9817,cmd,,,,,0.21099,0.06740,,,
13.9818,status,,,,,,,TRACKING,,
13.9922,target,-0.13924,-0.07165,0.054503,774.0409,,,,,
14.0236,target,-0.14120,-0.06324,0.054041,774.0390,,,,,
14.0315,cmd,,,,,0.21180,0.05059,,,
14.0329,status,,,,,,,TRACKING,,
14.0565,target,-0.14200,-0.05593,0.053941,774.0386,,,,,
14.0820,cmd,,,,,0.21300,0.04474,,,
14.0845,status,,,,,,,TRACKING,,
14.0921,target,-0.14075,-0.04331,0.054147,774.0408,,,,,
14.1243,target,-0.13879,-0.02573,0.054039,774.0397,,,,,
14.1318,cmd,,,,,0.20818,0.00000,,,
14.1321,status,,,,,,,TRACKING,,
14.1571,target,-0.13713,-0.00530,0.054125,774.0390,,,,,
14.1824,cmd,,,,,0.20570,0.00000,,,
14.1825,status,,,,,,,TRACKING,,
14.1928,target,-0.13549,0.00643,0.054353,774.0414,,,,,
14.2262,target,-0.13513,0.01812,0.054225,774.0415,,,,,
14.2311,cmd,,,,,0.20270,0.00000,,,
14.2312,status,,,,,,,TRACKING,,
14.2565,target,-0.13426,0.02470,0.054199,774.0384,,,,,
14.2820,cmd,,,,,0.20139,0.00000,,,
14.2821,status,,,,,,,TRACKING,,
14.2921,target,-0.13338,0.02441,0.053459,774.0407,,,,,
14.3237,target,-0.13091,0.01452,0.053648,774.0389,,,,,
14.3313,cmd,,,,,0.19636,0.00000,,,
14.3314,status,,,,,,,TRACKING,,
14.3555,target,-0.12687,0.00709,0.053292,774.0373,,,,,
14.3815,cmd,,,,,0.19030,0.00000,,,
14.3817,status,,,,,,,TRACKING,,
14.3917,target,-0.12252,-0.00593,0.053715,774.0402,,,,,
14.4237,target,-0.11785,-0.01560,0.053105,774.0388,,,,,
14.4316,cmd,,,,,0.17677,0.00000,,,
14.4317,status,,,,,,,TRACKING,,
14.4432,joint,,,,,,,,1.48796,0.25004
14.4566,target,-0.11466,-0.02859,0.053086,774.0384,,,,,
14.4819,cmd,,,,,0.17199,0.00000,,,
14.4820,status,,,,,,,TRACKING,,
14.4924,target,-0.10997,-0.03499,0.052858,774.0408,,,,,
14.5241,target,-0.10440,-0.04028,0.052398,774.0391,,,,,
14.5314,cmd,,,,,0.15660,0.00000,,,
14.5315,status,,,,,,,TRACKING,,
14.5568,target,-0.09566,-0.04194,0.052235,774.0385,,,,,
14.5820,cmd,,,,,0.14349,0.00000,,,
14.5821,status,,,,,,,TRACKING,,
14.5923,target,-0.08573,-0.04164,0.052029,774.0407,,,,,
14.6241,target,-0.07587,-0.04282,0.051769,774.0391,,,,,
14.6314,cmd,,,,,0.11380,0.00000,,,
14.6319,status,,,,,,,TRACKING,,
14.6603,target,-0.06478,-0.04439,0.051632,774.0420,,,,,
14.6822,cmd,,,,,0.09717,0.00000,,,
14.6823,status,,,,,,,TRACKING,,
14.6930,target,-0.05309,-0.04136,0.051556,774.0413,,,,,
14.7260,target,-0.04131,-0.03605,0.051491,774.0409,,,,,
14.7316,cmd,,,,,0.00000,0.00000,,,
14.7317,status,,,,,,,CENTERED,,
14.7582,target,-0.03074,-0.02947,0.051202,774.0398,,,,,
14.7819,cmd,,,,,0.00000,0.00000,,,
14.7820,status,,,,,,,CENTERED,,
14.7932,target,-0.01940,-0.02333,0.050924,774.0414,,,,,
14.8262,target,-0.00971,-0.01653,0.050799,774.0410,,,,,
14.8314,cmd,,,,,0.00000,0.00000,,,
14.8315,status,,,,,,,CENTERED,,
14.8569,target,-0.00167,-0.01118,0.050638,774.0384,,,,,
14.8816,cmd,,,,,0.00000,0.00000,,,
14.8823,status,,,,,,,CENTERED,,
14.8930,target,0.00420,-0.00475,0.050471,774.0411,,,,,
14.9262,target,0.00921,0.00170,0.050100,774.0410,,,,,
14.9313,cmd,,,,,0.00000,0.00000,,,
14.9314,status,,,,,,,CENTERED,,
14.9556,target,0.01188,0.00614,0.049733,774.0370,,,,,
14.9627,joint,,,,,,,,1.56619,0.24851
14.9819,cmd,,,,,0.00000,0.00000,,,
14.9820,status,,,,,,,CENTERED,,
14.9934,target,0.01099,0.01016,0.049505,774.0414,,,,,
15.0261,target,0.00943,0.01409,0.049145,774.0408,,,,,
15.0314,cmd,,,,,0.00000,0.00000,,,
15.0315,status,,,,,,,CENTERED,,
15.0569,target,0.00800,0.01748,0.049010,774.0383,,,,,
15.0819,cmd,,,,,0.00000,0.00000,,,
15.0820,status,,,,,,,CENTERED,,
15.0923,target,0.00537,0.02020,0.048798,774.0403,,,,,
15.1239,target,0.00065,0.02195,0.048609,774.0386,,,,,
15.1313,cmd,,,,,0.00000,0.00000,,,
15.1315,status,,,,,,,CENTERED,,
15.1570,target,-0.00484,0.02123,0.048648,774.0383,,,,,
15.1821,cmd,,,,,0.00000,0.00000,,,
15.1822,status,,,,,,,CENTERED,,
15.1921,target,-0.00914,0.02218,0.048574,774.0401,,,,,
15.2245,target,-0.01466,0.02111,0.048657,774.0391,,,,,
15.2316,cmd,,,,,0.00000,0.00000,,,
15.2317,status,,,,,,,CENTERED,,
15.2569,target,-0.01852,0.02167,0.048624,774.0382,,,,,
15.2819,cmd,,,,,0.00000,0.00000,,,
15.2820,status,,,,,,,CENTERED,,
15.2922,target,-0.02134,0.02312,0.048461,774.0400,,,,,
15.3241,target,-0.02464,0.02734,0.048336,774.0386,,,,,
15.3315,cmd,,,,,0.00000,0.00000,,,
15.3316,status,,,,,,,CENTERED,,
15.3577,target,-0.02707,0.03081,0.047754,774.0389,,,,,
15.3830,cmd,,,,,0.00000,0.00000,,,
15.3831,status,,,,,,,CENTERED,,
15.3934,target,-0.03057,0.03241,0.047418,774.0412,,,,,
15.4243,target,-0.03317,0.03440,0.047296,774.0388,,,,,
15.4314,cmd,,,,,0.00000,0.00000,,,
15.4315,status,,,,,,,CENTERED,,
15.4566,target,-0.03593,0.03667,0.047268,774.0377,,,,,
15.4626,joint,,,,,,,,1.55239,0.25004
15.4829,cmd,,,,,0.00000,0.00000,,,
15.4830,status,,,,,,,CENTERED,,
15.4929,target,-0.03765,0.03930,0.047005,774.0407,,,,,
15.5255,target,-0.03906,0.04012,0.047135,774.0399,,,,,
15.5315,cmd,,,,,0.00000,0.00000,,,
15.5316,status,,,,,,,CENTERED,,
15.5573,target,-0.03956,0.04213,0.047155,774.0384,,,,,
15.5832,cmd,,,,,0.00000,0.00000,,,
15.5833,status,,,,,,,CENTERED,,
15.5928,target,-0.04016,0.04332,0.047335,774.0405,,,,,
15.6264,target,-0.03924,0.04519,0.047522,774.0407,,,,,
15.6312,cmd,,,,,0.00000,0.00000,,,
15.6313,status,,,,,,,CENTERED,,
15.6559,target,-0.03861,0.04756,0.047815,774.0368,,,,,
15.6830,cmd,,,,,0.00000,0.00000,,,
15.6831,status,,,,,,,CENTERED,,
15.6944,target,-0.03826,0.04984,0.047925,774.0420,,,,,
15.7240,target,-0.03813,0.05231,0.047947,774.0383,,,,,
15.7314,cmd,,,,,0.00000,-0.04184,,,
15.7315,status,,,,,,,TRACKING,,
15.7575,target,-0.03696,0.05330,0.048016,774.0384,,,,,
15.7817,cmd,,,,,0.00000,-0.04264,,,
15.7820,status,,,,,,,TRACKING,,
15.7953,target,-0.03593,0.05522,0.047739,774.0428,,,,,
15.8254,target,-0.03564,0.05769,0.047708,774.0396,,,,,
15.8313,cmd,,,,,0.00000,-0.04615,,,
15.8314,status,,,,,,,TRACKING,,
15.8575,target,-0.03470,0.05913,0.047561,774.0383,,,,,
15.8829,cmd,,,,,0.00000,-0.04730,,,
15.8830,status,,,,,,,TRACKING,,
15.8934,target,-0.03269,0.06516,0.047203,774.0408,,,,,
15.9243,target,-0.02983,0.06623,0.046825,774.0384,,,,,
15.9318,cmd,,,,,0.00000,-0.05298,,,
15.9319,status,,,,,,,TRACKING,,
15.9573,target,-0.02590,0.06838,0.046604,774.0380,,,,,
15.9627,joint,,,,,,,,1.55239,0.24851
15.9817,cmd,,,,,0.00000,-0.05470,,,
15.9818,status,,,,,,,TRACKING,,
15.9937,target,-0.02057,0.06882,0.046024,774.0411,,,,,
16.0259,target,-0.01363,0.06424,0.045933,774.0399,,,,,
16.0313,cmd,,,,,0.00000,-0.05140,,,
16.0314,status,,,,,,,TRACKING,,
16.0572,target,-0.00496,0.06551,0.045428,774.0379,,,,,
16.0841,cmd,,,,,0.00000,-0.05241,,,
16.0842,status,,,,,,,TRACKING,,
16.0930,target,0.00533,0.05680,0.045662,774.0403,,,,,
16.1271,target,0.01506,0.06317,0.045213,774.0410,,,,,
16.1308,cmd,,,,,0.00000,-0.05054,,,
16.1309,status,,,,,,,TRACKING,,
16.1560,target,0.02428,0.05811,0.045434,774.0365,,,,,
16.1816,cmd,,,,,0.00000,-0.04649,,,
16.1817,status,,,,,,,TRACKING,,
16.1933,target,0.03375,0.06344,0.045115,774.0406,,,,,
16.2273,target,0.04191,0.05743,0.045295,774.0412,,,,,
16.2311,cmd,,,,,0.00000,-0.04594,,,
16.2312,status,,,,,,,TRACKING,,
16.2575,target,0.04911,0.05588,0.045033,774.0380,,,,,
16.2819,cmd,,,,,0.00000,-0.04471,,,
16.2820,status,,,,,,,TRACKING,,
16.2932,target,0.05705,0.04647,0.044976,774.0403,,,,,
16.3266,target,0.06901,0.04291,0.045004,774.0404,,,,,
16.3311,cmd,,,,,-0.10351,0.00000,,,
16.3311,status,,,,,,,TRACKING,,
16.3570,target,0.08288,0.03889,0.044928,774.0374,,,,,
16.3830,cmd,,,,,-0.12433,0.00000,,,
16.3831,status,,,,,,,TRACKING,,
16.3939,target,0.10019,0.04380,0.044564,774.0409,,,,,
16.4259,target,0.12198,0.05992,0.044612,774.0396,,,,,
16.4314,cmd,,,,,-0.18297,-0.04794,,,
16.4315,status,,,,,,,TRACKING,,
16.4577,target,0.14429,0.06956,0.044690,774.0381,,,,,
16.4817,cmd,,,,,-0.21643,-0.05565,,,
16.4820,status,,,,,,,TRACKING,,
16.4832,joint,,,,,,,,1.55239,0.23163
16.4945,target,0.16598,0.09398,0.044497,774.0415,,,,,
16.5273,target,0.18628,0.11152,0.044787,774.0409,,,,,
16.5313,cmd,,,,,-0.27942,-0.08922,,,
16.5314,status,,,,,,,TRACKING,,
16.5568,target,0.20464,0.13113,0.044750,774.0371,,,,,
16.5817,cmd,,,,,-0.30695,-0.10490,,,
16.5820,status,,,,,,,TRACKING,,
16.5944,target,0.22017,0.14055,0.044677,774.0413,,,,,
16.6266,target,0.23456,0.15567,0.044789,774.0401,,,,,
16.6313,cmd,,,,,-0.35184,-0.12453,,,
16.6314,status,,,,,,,TRACKING,,
16.6577,target,0.24639,0.16390,0.044918,774.0379,,,,,
16.6830,cmd,,,,,-0.36958,-0.13112,,,
16.6831,status,,,,,,,TRACKING,,
16.6962,target,0.25421,0.17202,0.044846,774.0431,,,,,
16.7283,target,0.26231,0.17580,0.044596,774.0417,,,,,
16.7313,cmd,,,,,-0.39347,-0.14064,,,
16.7313,status,,,,,,,TRACKING,,
16.7573,target,0.27235,0.18228,0.044844,774.0374,,,,,
16.7829,cmd,,,,,-0.40853,-0.14582,,,
16.7830,status,,,,,,,TRACKING,,
16.7933,target,0.28212,0.18894,0.044818,774.0400,,,,,
16.8273,target,0.29140,0.19121,0.045145,774.0407,,,,,
16.8312,cmd,,,,,-0.43711,-0.15297,,,
16.8313,status,,,,,,,TRACKING,,
16.8584,target,0.29896,0.19498,0.045245,774.0385,,,,,
16.8829,cmd,,,,,-0.44844,-0.15599,,,
16.8829,status,,,,,,,TRACKING,,
16.8949,target,0.30517,0.19641,0.045584,774.0416,,,,,
16.9273,target,0.30963,0.19920,0.045681,774.0407,,,,,
16.9313,cmd,,,,,-0.46445,-0.15936,,,
16.9314,status,,,,,,,TRACKING,,
16.9575,target,0.31188,0.19925,0.045762,774.0374,,,,,
16.9830,cmd,,,,,-0.46782,-0.15940,,,
16.9831,status,,,,,,,TRACKING,,
16.9942,target,0.31304,0.19846,0.045803,774.0409,,,,,
17.0036,joint,,,,,,,,1.47109,0.20248
17.0243,target,0.31247,0.19821,0.045981,774.0376,,,,,
17.0313,cmd,,,,,-0.46871,-0.15857,,,
17.0314,status,,,,,,,TRACKING,,
17.0577,target,0.31086,0.19352,0.046161,774.0376,,,,,
17.0830,cmd,,,,,-0.46629,-0.15481,,,
17.0832,status,,,,,,,TRACKING,,
17.0932,target,0.30850,0.19066,0.046369,774.0397,,,,,
17.1290,target,0.30670,0.18581,0.046421,774.0422,,,,,
17.1311,cmd,,,,,-0.46006,-0.14865,,,
17.1313,status,,,,,,,TRACKING,,
17.1586,target,0.30280,0.18236,0.046997,774.0384,,,,,
17.1818,cmd,,,,,-0.45420,-0.14589,,,
17.1819,status,,,,,,,TRACKING,,
17.1942,target,0.29885,0.18046,0.047305,774.0406,,,,,
17.2278,target,0.29431,0.17935,0.047496,774.0409,,,,,
17.2312,cmd,,,,,-0.44146,-0.14348,,,
17.2314,status,,,,,,,TRACKING,,
17.2579,target,0.28850,0.17934,0.047667,774.0376,,,,,
17.2830,cmd,,,,,-0.43275,-0.14348,,,
17.2832,status,,,,,,,TRACKING,,
17.2947,target,0.28293,0.17815,0.048086,774.0411,,,,,
17.3269,target,0.27698,0.18033,0.048596,774.0399,,,,,
17.3314,cmd,,,,,-0.41547,-0.14426,,,
17.3315,status,,,,,,,TRACKING,,
17.3577,target,0.27210,0.18044,0.048841,774.0374,,,,,
17.3839,cmd,,,,,-0.40815,-0.14435,,,
17.3840,status,,,,,,,TRACKING,,
17.3945,target,0.26593,0.18348,0.049392,774.0408,,,,,
17.4281,target,0.26057,0.18958,0.049533,774.0411,,,,,
17.4313,cmd,,,,,-0.39085,-0.15166,,,
17.4314,status,,,,,,,TRACKING,,
17.4575,target,0.25655,0.19527,0.049970,774.0371,,,,,
17.4830,cmd,,,,,-0.38483,-0.15622,,,
17.4831,status,,,,,,,TRACKING,,
17.4950,target,0.25204,0.19999,0.049928,774.0413,,,,,
17.5229,joint,,,,,,,,1.25326,0.12732
17.5263,target,0.25006,0.20576,0.050501,774.0392,,,,,
17.5313,cmd,,,,,-0.37509,-0.16461,,,
17.5314,status,,,,,,,TRACKING,,
17.5594,target,0.25186,0.21624,0.050838,774.0390,,,,,
17.5815,cmd,,,,,-0.37779,-0.17299,,,
17.5816,status,,,,,,,TRACKING,,
17.5940,target,0.25556,0.22581,0.051400,774.0401,,,,,
17.6256,target,0.26310,0.24181,0.051927,774.0384,,,,,
17.6314,cmd,,,,,-0.39465,-0.19345,,,
17.6315,status,,,,,,,TRACKING,,
17.6589,target,0.27211,0.25485,0.052357,774.0384,,,,,
17.6819,cmd,,,,,-0.40816,-0.20388,,,
17.6820,status,,,,,,,TRACKING,,
17.6958,target,0.28190,0.26402,0.052938,774.0419,,,,,
17.7278,target,0.29057,0.27177,0.053711,774.0406,,,,,
17.7312,cmd,,,,,-0.43585,-0.21742,,,
17.7313,status,,,,,,,TRACKING,,
17.7574,target,0.29806,0.27038,0.053626,774.0368,,,,,
17.7820,cmd,,,,,-0.44709,-0.21630,,,
17.7821,status,,,,,,,TRACKING,,
17.7951,target,0.30492,0.26730,0.054021,774.0412,,,,,
17.8283,target,0.31032,0.25988,0.054236,774.0410,,,,,
17.8313,cmd,,,,,-0.46548,-0.20790,,,
17.8314,status,,,,,,,TRACKING,,
17.8583,target,0.31579,0.25232,0.054460,774.0376,,,,,
17.8820,cmd,,,,,-0.47368,-0.20186,,,
17.8821,status,,,,,,,TRACKING,,
17.8959,target,0.31859,0.24162,0.054477,774.0419,,,,,
17.9282,target,0.32312,0.23111,0.053322,774.0408,,,,,
17.9312,cmd,,,,,-0.48468,-0.18489,,,
17.9313,status,,,,,,,TRACKING,,
17.9582,target,0.32263,0.21845,0.053129,774.0374,,,,,
17.9819,cmd,,,,,-0.48395,-0.17476,,,
17.9820,status,,,,,,,TRACKING,,
17.9943,target,0.32005,0.20489,0.054577,774.0401,,,,,
18.0233,joint,,,,,,,,1.05538,0.05215
18.0284,target,0.32084,0.19026,0.054555,774.0409,,,,,
18.0313,cmd,,,,,-0.48126,-0.15221,,,
18.0314,status,,,,,,,TRACKING,,
18.0586,target,0.32017,0.17492,0.054789,774.0377,,,,,
18.0817,cmd,,,,,-0.48026,-0.13993,,,
18.0818,status,,,,,,,TRACKING,,
18.0960,target,0.32096,0.16003,0.054685,774.0418,,,,,
18.1288,target,0.32186,0.14399,0.054451,774.0412,,,,,
18.1314,cmd,,,,,-0.48279,-0.11519,,,
18.1314,status,,,,,,,TRACKING,,
18.1591,target,0.32177,0.12531,0.054577,774.0382,,,,,
18.1820,cmd,,,,,-0.48265,-0.10025,,,
18.1822,status,,,,,,,TRACKING,,
18.1961,target,0.32229,0.11049,0.054549,774.0419,,,,,
18.2270,target,0.32340,0.09422,0.054431,774.0394,,,,,
18.2311,cmd,,,,,-0.48509,-0.07538,,,
18.2312,status,,,,,,,TRACKING,,
18.2583,target,0.32459,0.08165,0.054457,774.0373,,,,,
18.2820,cmd,,,,,-0.48688,-0.06532,,,
18.2821,status,,,,,,,TRACKING,,
18.2955,target,0.32597,0.06923,0.054596,774.0412,,,,,
18.3282,target,0.32743,0.05927,0.054234,774.0405,,,,,
18.3313,cmd,,,,,-0.49114,-0.04742,,,
18.3314,status,,,,,,,TRACKING,,
18.3575,target,0.32891,0.04835,0.054588,774.0364,,,,,
18.3829,cmd,,,,,-0.49336,0.00000,,,
18.3830,status,,,,,,,TRACKING,,
18.3962,target,0.33067,0.03805,0.054208,774.0417,,,,,
18.4285,target,0.33270,0.02487,0.054629,774.0407,,,,,
18.4314,cmd,,,,,-0.49904,0.00000,,,
18.4315,status,,,,,,,TRACKING,,
18.4581,target,0.33536,0.01306,0.054965,774.0369,,,,,
18.4829,cmd,,,,,-0.50304,0.00000,,,
18.4830,status,,,,,,,TRACKING,,
18.4943,target,0.33753,-0.00022,0.055219,774.0398,,,,,
18.5258,target,0.34005,-0.01027,0.055851,774.0380,,,,,
18.5315,cmd,,,,,-0.51007,0.00000,,,
18.5316,status,,,,,,,TRACKING,,
18.5445,joint,,,,,,,,0.82068,-0.01841
18.5583,target,0.34366,-0.01827,0.056404,774.0371,,,,,
18.5830,cmd,,,,,-0.51549,0.00000,,,
18.5831,status,,,,,,,TRACKING,,
18.5961,target,0.34872,-0.02220,0.056506,774.0416,,,,,
18.6274,target,0.35408,-0.02188,0.056439,774.0395,,,,,
18.6313,cmd,,,,,-0.53112,0.00000,,,
18.6314,status,,,,,,,TRACKING,,
18.6591,target,0.36194,-0.01858,0.055981,774.0378,,,,,
18.6816,cmd,,,,,-0.54291,0.00000,,,
18.6817,status,,,,,,,TRACKING,,
18.6955,target,0.36785,-0.00861,0.055421,774.0408,,,,,
18.7318,target,0.37195,-0.00076,0.054913,774.0438,,,,,
18.7320,cmd,,,,,-0.55178,0.00000,,,
18.7320,status,,,,,,,TRACKING,,
18.7585,target,0.37551,0.00788,0.054325,774.0371,,,,,
18.7820,cmd,,,,,-0.56327,0.00000,,,
18.7822,status,,,,,,,TRACKING,,
18.7963,target,0.37960,0.01389,0.053709,774.0416,,,,,
18.8261,target,0.38349,0.01906,0.053062,774.0381,,,,,
18.8313,cmd,,,,,-0.57523,0.00000,,,
18.8314,status,,,,,,,TRACKING,,
18.8598,target,0.38600,0.02026,0.052999,774.0383,,,,,
18.8818,cmd,,,,,-0.57901,0.00000,,,
18.8819,status,,,,,,,TRACKING,,
18.8950,target,0.38697,0.01934,0.052507,774.0402,,,,,
18.9284,target,0.38570,0.01743,0.051612,774.0403,,,,,
18.9313,cmd,,,,,-0.57855,0.00000,,,
18.9314,status,,,,,,,TRACKING,,
18.9592,target,0.38402,0.01192,0.050901,774.0377,,,,,
18.9817,cmd,,,,,-0.57603,0.00000,,,
18.9818,status,,,,,,,TRACKING,,
18.9971,target,0.38321,0.01056,0.049805,774.0422,,,,,
19.0284,target,0.37771,0.00182,0.049256,774.0402,,,,,
19.0312,cmd,,,,,-0.56656,0.00000,,,
19.0313,status,,,,,,,TRACKING,,
19.0600,target,0.37266,-0.00331,0.048496,774.0385,,,,,
19.0625,joint,,,,,,,,0.56604,-0.01841
19.0820,cmd,,,,,-0.55900,0.00000,,,
19.0821,status,,,,,,,TRACKING,,
19.0956,target,0.36723,-0.01009,0.047793,774.0407,,,,,
19.1294,target,0.36030,-0.01675,0.046651,774.0411,,,,,
19.1315,cmd,,,,,-0.54045,0.00000,,,
19.1330,status,,,,,,,TRACKING,,
19.1611,target,0.35377,-0.02207,0.046128,774.0395,,,,,
19.1817,cmd,,,,,-0.53066,0.00000,,,
19.1819,status,,,,,,,TRACKING,,
19.1960,target,0.34572,-0.02731,0.045217,774.0410,,,,,
19.2279,target,0.33917,-0.02767,0.042161,774.0395,,,,,
19.2313,cmd,,,,,-0.50875,0.00000,,,
19.2313,status,,,,,,,TRACKING,,
19.2607,target,0.32531,-0.03093,0.042500,774.0389,,,,,
19.2830,cmd,,,,,-0.48797,0.00000,,,
19.2830,status,,,,,,,TRACKING,,
19.2957,target,0.31254,-0.03167,0.041367,774.0406,,,,,
19.3275,target,0.30041,-0.03058,0.039987,774.0391,,,,,
19.3312,cmd,,,,,-0.45061,0.00000,,,
19.3313,status,,,,,,,TRACKING,,
19.3600,target,0.28757,-0.02664,0.038728,774.0382,,,,,
19.3827,cmd,,,,,-0.43136,0.00000,,,
19.3828,status,,,,,,,TRACKING,,
19.3961,target,0.27493,-0.02274,0.037461,774.0410,,,,,
19.4280,target,0.26238,-0.01663,0.035749,774.0395,,,,,
19.4313,cmd,,,,,-0.39357,0.00000,,,
19.4314,status,,,,,,,TRACKING,,
19.4609,target,0.24532,-0.00776,0.033624,774.0391,,,,,
19.4830,cmd,,,,,-0.36797,0.00000,,,
19.4831,status,,,,,,,TRACKING,,
19.4956,target,0.22748,0.00513,0.030972,774.0404,,,,,
19.5288,target,0.20972,0.01928,0.027888,774.0402,,,,,
19.5312,cmd,,,,,-0.31458,0.00000,,,
19.5313,status,,,,,,,TRACKING,,
19.5596,target,0.19351,0.02018,0.025015,774.0376,,,,,
19.5625,joint,,,,,,,,0.29452,-0.01841
19.5825,cmd,,,,,-0.29026,0.00000,,,
19.5826,status,,,,,,,TRACKING,,
19.5961,target,0.18083,0.01728,0.022465,774.0408,,,,,
19.6277,target,0.17328,0.01316,0.021840,774.0390,,,,,
19.6314,cmd,,,,,-0.25991,0.00000,,,
19.6315,status,,,,,,,TRACKING,,
19.6607,target,0.16793,0.01032,0.020914,774.0387,,,,,
19.6820,cmd,,,,,-0.25189,0.00000,,,
19.6821,status,,,,,,,TRACKING,,
19.6960,target,0.16412,0.00681,0.020514,774.0407,,,,,
19.7289,target,0.16228,0.00123,0.020319,774.0402,,,,,
19.7312,cmd,,,,,-0.24341,0.00000,,,
19.7313,status,,,,,,,TRACKING,,
19.7602,target,0.16227,-0.00407,0.020098,774.0381,,,,,
19.7820,cmd,,,,,-0.24341,0.00000,,,
19.7821,status,,,,,,,TRACKING,,
19.7966,target,0.16332,-0.00952,0.019998,774.0412,,,,,
19.8276,target,0.16439,-0.01827,0.020015,774.0388,,,,,
19.8312,cmd,,,,,-0.24658,0.00000,,,
19.8313,status,,,,,,,TRACKING,,
19.8614,target,0.16651,-0.02637,0.019868,774.0393,,,,,
19.8829,cmd,,,,,-0.24976,0.00000,,,
19.8830,status,,,,,,,TRACKING,,
19.8952,target,0.17095,-0.03435,0.019646,774.0396,,,,,
19.9303,target,0.17579,-0.03884,0.019499,774.0415,,,,,
19.9323,cmd,,,,,-0.26368,0.00000,,,
19.9323,status,,,,,,,TRACKING,,
19.9597,target,0.18014,-0.04399,0.019353,774.0374,,,,,
19.9820,cmd,,,,,-0.27020,0.00000,,,
19.9821,status,,,,,,,TRACKING,,
19.9964,target,0.18266,-0.04659,0.019334,774.0408,,,,,
20.0293,target,0.18359,-0.04790,0.019306,774.0403,,,,,
20.0313,cmd,,,,,-0.27539,0.00000,,,
20.0314,status,,,,,,,TRACKING,,
20.0599,target,0.00000,0.00000,0.000000,774.0376,,,,,
20.0831,cmd,,,,,0.00000,0.00000,,,
20.0832,status,,,,,,,LOST,,
20.0832,joint,,,,,,,,0.11965,-0.01841
20.0954,target,0.00000,0.00000,0.000000,774.0397,,,,,
20.1283,target,0.00000,0.00000,0.000000,774.0392,,,,,
20.1312,cmd,,,,,0.00000,0.00000,,,
20.1313,status,,,,,,,LOST,,
20.1599,target,0.00000,0.00000,0.000000,774.0375,,,,,
20.1820,cmd,,,,,0.00000,0.00000,,,
20.1821,status,,,,,,,LOST,,
20.1945,target,0.00000,0.00000,0.000000,774.0388,,,,,
20.2301,target,0.00000,0.00000,0.000000,774.0410,,,,,
20.2322,cmd,,,,,0.00000,0.00000,,,
20.2322,status,,,,,,,LOST,,
20.2594,target,0.00000,0.00000,0.000000,774.0370,,,,,
20.2830,cmd,,,,,0.00000,0.00000,,,
20.2832,status,,,,,,,LOST,,
20.2966,target,0.00000,0.00000,0.000000,774.0408,,,,,
20.3313,target,0.22184,0.01124,0.013158,774.0422,,,,,
20.3314,cmd,,,,,0.00000,0.00000,,,
20.3320,status,,,,,,,LOST,,
20.3592,target,0.00000,0.00000,0.000000,774.0366,,,,,
20.3819,cmd,,,,,0.00000,0.00000,,,
20.3822,status,,,,,,,LOST,,
20.3957,target,0.00000,0.00000,0.000000,774.0398,,,,,
20.4315,target,0.26247,-0.00292,0.012891,774.0423,,,,,
20.4318,cmd,,,,,0.00000,0.00000,,,
20.4319,status,,,,,,,LOST,,
20.4619,target,0.27229,-0.00253,0.012845,774.0393,,,,,
20.4821,cmd,,,,,-0.40844,0.00000,,,
20.4825,status,,,,,,,TRACKING,,
20.4994,target,0.27941,-0.00466,0.012936,774.0434,,,,,
20.5314,target,0.28134,-0.00880,0.012832,774.0421,,,,,
20.5318,cmd,,,,,-0.41912,0.00000,,,
20.5318,status,,,,,,,TRACKING,,
20.5615,target,0.28325,-0.00920,0.012895,774.0389,,,,,
20.5830,cmd,,,,,-0.42487,0.00000,,,
20.5831,status,,,,,,,TRACKING,,
20.5965,target,0.28278,-0.00698,0.012693,774.0405,,,,,
20.6332,target,0.28175,-0.00986,0.012713,774.0438,,,,,
20.6333,cmd,,,,,-0.42417,0.00000,,,
20.6334,status,,,,,,,TRACKING,,
20.6463,joint,,,,,,,,0.10124,-0.01841
20.6634,target,0.27928,-0.00873,0.012576,774.0407,,,,,
20.6820,cmd,,,,,-0.41891,0.00000,,,
20.6821,status,,,,,,,TRACKING,,
20.6982,target,0.27746,-0.00754,0.012617,774.0421,,,,,
20.7316,cmd,,,,,-0.41618,0.00000,,,
20.7319,target,0.27412,-0.00539,0.012593,774.0424,,,,,
20.7319,status,,,,,,,TRACKING,,
20.7632,target,0.26678,-0.00435,0.012415,774.0404,,,,,
20.7816,cmd,,,,,-0.40017,0.00000,,,
20.7818,status,,,,,,,TRACKING,,
20.7994,target,0.25784,-0.00290,0.012355,774.0432,,,,,
20.8309,target,0.24596,0.00211,0.012276,774.0413,,,,,
20.8312,cmd,,,,,-0.38676,0.00000,,,
20.8313,status,,,,,,,TRACKING,,
20.8629,target,0.22992,0.00133,0.012229,774.0400,,,,,
20.8818,cmd,,,,,-0.34488,0.00000,,,
20.8819,status,,,,,,,TRACKING,,
20.8978,target,0.21138,0.00216,0.012083,774.0415,,,,,
20.9305,target,0.19144,0.00202,0.011990,774.0409,,,,,
20.9315,cmd,,,,,-0.31707,0.00000,,,
20.9316,status,,,,,,,TRACKING,,
20.9616,target,0.16837,-0.00258,0.012027,774.0386,,,,,
20.9818,cmd,,,,,-0.25255,0.00000,,,
20.9820,status,,,,,,,TRACKING,,
20.9977,target,0.14633,-0.00736,0.011740,774.0413,,,,,
21.0297,target,0.12437,-0.01318,0.011766,774.0400,,,,,
21.0316,cmd,,,,,-0.18655,0.00000,,,
21.0318,status,,,,,,,TRACKING,,
21.0641,target,0.10122,-0.01966,0.011847,774.0411,,,,,
21.0816,cmd,,,,,-0.15184,0.00000,,,
21.0817,status,,,,,,,TRACKING,,
21.0984,target,0.08051,-0.03031,0.012020,774.0420,,,,,
21.1025,joint,,,,,,,,-0.00767,-0.01841
21.1292,target,0.05942,-0.03456,0.012166,774.0395,,,,,
21.1313,cmd,,,,,-0.08912,0.00000,,,
21.1315,status,,,,,,,TRACKING,,
21.1635,target,0.03688,-0.03943,0.012268,774.0404,,,,,
21.1815,cmd,,,,,0.00000,0.00000,,,
21.1817,status,,,,,,,CENTERED,,
21.1965,target,0.01515,-0.04093,0.012431,774.0400,,,,,
21.2316,target,-0.00604,-0.04332,0.012578,774.0418,,,,,
21.2317,cmd,,,,,0.00000,0.00000,,,
21.2318,status,,,,,,,CENTERED,,
21.2602,target,0.00000,0.00000,0.000000,774.0370,,,,,
21.2817,cmd,,,,,0.00000,0.00000,,,
21.2818,status,,,,,,,LOST,,
21.2982,target,-0.03785,-0.05808,0.012904,774.0416,,,,,
21.3283,target,0.00000,0.00000,0.000000,774.0384,,,,,
21.3314,cmd,,,,,0.00000,0.00000,,,
21.3315,status,,,,,,,LOST,,
21.3602,target,0.00000,0.00000,0.000000,774.0369,,,,,
21.3819,cmd,,,,,0.00000,0.00000,,,
21.3820,status,,,,,,,LOST,,
21.3933,target,0.00000,0.00000,0.000000,774.0367,,,,,
21.4284,target,0.00000,0.00000,0.000000,774.0384,,,,,
21.4312,cmd,,,,,0.00000,0.00000,,,
21.4313,status,,,,,,,LOST,,
21.4607,target,0.00000,0.00000,0.000000,774.0374,,,,,
21.4818,cmd,,,,,0.00000,0.00000,,,
21.4819,status,,,,,,,LOST,,
21.4932,target,0.00000,0.00000,0.000000,774.0365,,,,,
21.5295,target,0.00000,0.00000,0.000000,774.0395,,,,,
21.5318,cmd,,,,,0.00000,0.00000,,,
21.5319,status,,,,,,,LOST,,
21.5609,target,0.00000,0.00000,0.000000,774.0375,,,,,
21.5825,cmd,,,,,0.00000,0.00000,,,
21.5835,status,,,,,,,LOST,,
21.6029,target,0.00000,0.00000,0.000000,774.0461,,,,,
21.6234,joint,,,,,,,,-0.06443,-0.01841
21.6262,target,0.00000,0.00000,0.000000,774.0361,,,,,
21.6312,cmd,,,,,0.00000,0.00000,,,
21.6321,status,,,,,,,LOST,,
21.6612,target,0.00000,0.00000,0.000000,774.0377,,,,,
21.6824,cmd,,,,,0.00000,0.00000,,,
21.6825,status,,,,,,,LOST,,
21.6966,target,0.00000,0.00000,0.000000,774.0397,,,,,
21.7286,target,0.00000,0.00000,0.000000,774.0384,,,,,
21.7312,cmd,,,,,0.00000,0.00000,,,
21.7313,status,,,,,,,LOST,,
21.7619,target,0.00000,0.00000,0.000000,774.0384,,,,,
21.7818,cmd,,,,,0.00000,0.00000,,,
21.7819,status,,,,,,,LOST,,
21.7956,target,0.00000,0.00000,0.000000,774.0387,,,,,
21.8291,target,0.00000,0.00000,0.000000,774.0388,,,,,
21.8312,cmd,,,,,0.00000,0.00000,,,
21.8313,status,,,,,,,LOST,,
21.8618,target,0.00000,0.00000,0.000000,774.0382,,,,,
21.8833,cmd,,,,,0.00000,0.00000,,,
21.8834,status,,,,,,,LOST,,
21.8945,target,0.00000,0.00000,0.000000,774.0376,,,,,
21.9290,target,0.00000,0.00000,0.000000,774.0387,,,,,
21.9315,cmd,,,,,0.00000,0.00000,,,
21.9316,status,,,,,,,LOST,,
21.9611,target,0.00000,0.00000,0.000000,774.0374,,,,,
21.9822,cmd,,,,,0.00000,0.00000,,,
21.9823,status,,,,,,,LOST,,
21.9957,target,0.00000,0.00000,0.000000,774.0386,,,,,
22.0318,cmd,,,,,0.00000,0.00000,,,
22.0329,status,,,,,,,LOST,,
22.0332,target,0.02780,-0.14127,0.012257,774.0428,,,,,
22.0677,target,0.03308,-0.14615,0.012148,774.0439,,,,,
22.0821,cmd,,,,,0.00000,0.11692,,,
22.0822,status,,,,,,,TRACKING,,
22.0933,target,0.00000,0.00000,0.000000,774.0362,,,,,
22.1284,target,0.00000,0.00000,0.000000,774.0379,,,,,
22.1312,cmd,,,,,0.00000,0.00000,,,
22.1313,status,,,,,,,LOST,,
22.1649,target,0.04574,-0.17327,0.012062,774.0411,,,,,
22.1818,cmd,,,,,0.00000,0.13862,,,
22.1820,status,,,,,,,TRACKING,,
22.1943,target,0.00000,0.00000,0.000000,774.0371,,,,,
22.2033,joint,,,,,,,,-0.04909,-0.01841
22.2341,target,0.04919,-0.19081,0.011929,774.0435,,,,,
22.2342,cmd,,,,,0.00000,0.00000,,,
22.2343,status,,,,,,,LOST,,
22.2593,target,0.00000,0.00000,0.000000,774.0354,,,,,
22.2824,cmd,,,,,0.00000,0.00000,,,
22.2825,status,,,,,,,LOST,,
22.2944,target,0.00000,0.00000,0.000000,774.0372,,,,,
22.3284,target,0.00000,0.00000,0.000000,774.0378,,,,,
22.3313,cmd,,,,,0.00000,0.00000,,,
22.3314,status,,,,,,,LOST,,
22.3625,target,0.00000,0.00000,0.000000,774.0385,,,,,
22.3819,cmd,,,,,0.00000,0.00000,,,
22.3820,status,,,,,,,LOST,,
22.3943,target,0.00000,0.00000,0.000000,774.0370,,,,,
22.4291,target,0.00000,0.00000,0.000000,774.0384,,,,,
22.4314,cmd,,,,,0.00000,0.00000,,,
22.4315,status,,,,,,,LOST,,
22.4620,target,0.00000,0.00000,0.000000,774.0380,,,,,
22.4825,cmd,,,,,0.00000,0.00000,,,
22.4826,status,,,,,,,LOST,,
22.4977,target,0.08699,-0.48793,0.013346,774.0402,,,,,
22.5308,target,0.09442,-0.49601,0.014184,774.0401,,,,,
22.5315,cmd,,,,,-0.13049,0.39035,,,
22.5316,status,,,,,,,TRACKING,,
22.5635,target,0.10192,-0.50207,0.015219,774.0394,,,,,
22.5844,cmd,,,,,-0.15288,0.40000,,,
22.5846,status,,,,,,,TRACKING,,
22.5973,target,0.11357,-0.50455,0.016871,774.0399,,,,,
22.6313,target,0.12272,-0.48812,0.018446,774.0404,,,,,
22.6315,cmd,,,,,-0.17036,0.40000,,,
22.6316,status,,,,,,,TRACKING,,
22.6629,target,0.12231,-0.47005,0.018672,774.0387,,,,,
22.6829,cmd,,,,,-0.18346,0.37604,,,
22.6830,status,,,,,,,TRACKING,,
22.6843,joint,,,,,,,,-0.04909,-0.01841
22.6981,target,0.12029,-0.46237,0.019410,774.0406,,,,,
22.7308,target,0.12505,-0.44609,0.020985,774.0399,,,,,
22.7314,cmd,,,,,-0.18044,0.36990,,,
22.7315,status,,,,,,,TRACKING,,
22.7620,target,0.12577,-0.43318,0.022272,774.0378,,,,,
22.7820,cmd,,,,,-0.18865,0.34654,,,
22.7821,status,,,,,,,TRACKING,,
22.7968,target,0.12525,-0.43752,0.023600,774.0392,,,,,
22.8319,cmd,,,,,-0.18787,0.35002,,,
22.8320,status,,,,,,,TRACKING,,
22.8323,target,0.12463,-0.43760,0.025675,774.0413,,,,,
22.8645,target,0.12629,-0.41530,0.029833,774.0402,,,,,
22.8829,cmd,,,,,-0.18943,0.33224,,,
22.8830,status,,,,,,,TRACKING,,
22.8975,target,0.11849,-0.39673,0.032867,774.0398,,,,,
22.9314,target,0.10157,-0.36776,0.033338,774.0403,,,,,
22.9314,cmd,,,,,-0.17773,0.31738,,,
22.9316,status,,,,,,,TRACKING,,
22.9663,target,0.08615,-0.32819,0.032663,774.0419,,,,,
22.9825,cmd,,,,,-0.12922,0.26255,,,
22.9826,status,,,,,,,TRACKING,,
22.9963,target,0.06942,-0.29772,0.032533,774.0386,,,,,
23.0312,target,0.05681,-0.25730,0.031675,774.0401,,,,,
23.0313,cmd,,,,,-0.10413,0.23818,,,
23.0318,status,,,,,,,TRACKING,,
23.0662,target,0.05797,-0.20791,0.030822,774.0417,,,,,
23.0829,cmd,,,,,-0.08695,0.16633,,,
23.0829,status,,,,,,,TRACKING,,
23.0958,target,0.06969,-0.15977,0.030239,774.0380,,,,,
23.1311,target,0.07634,-0.11815,0.029907,774.0399,,,,,
23.1313,cmd,,,,,-0.10454,0.12782,,,
23.1315,status,,,,,,,TRACKING,,
23.1650,target,0.07548,-0.07090,0.030007,774.0404,,,,,
23.1819,cmd,,,,,-0.11322,0.05672,,,
23.1819,status,,,,,,,TRACKING,,
23.1828,joint,,,,,,,,-0.10278,0.07056
23.1962,target,0.07420,-0.03091,0.029089,774.0383,,,,,
23.2314,target,0.06994,0.01265,0.027576,774.0402,,,,,
23.2317,cmd,,,,,-0.11130,0.00000,,,
23.2318,status,,,,,,,TRACKING,,
23.2643,target,0.06366,0.04857,0.027242,774.0396,,,,,
23.2827,cmd,,,,,-0.09549,0.00000,,,
23.2830,status,,,,,,,TRACKING,,
23.2975,target,0.05985,0.07357,0.026923,774.0395,,,,,
23.3314,target,0.05536,0.08548,0.026376,774.0400,,,,,
23.3316,cmd,,,,,-0.08977,-0.05886,,,
23.3317,status,,,,,,,TRACKING,,
23.3645,target,0.05149,0.09032,0.026222,774.0398,,,,,
23.3826,cmd,,,,,-0.07724,-0.07226,,,
23.3827,status,,,,,,,TRACKING,,
23.3971,target,0.05189,0.09292,0.026066,774.0391,,,,,
23.4307,target,0.05591,0.08250,0.025490,774.0393,,,,,
23.4313,cmd,,,,,-0.07783,-0.07434,,,
23.4315,status,,,,,,,TRACKING,,
23.4637,target,0.06389,0.05365,0.024931,774.0389,,,,,
23.4829,cmd,,,,,-0.09584,-0.04292,,,
23.4831,status,,,,,,,TRACKING,,
23.4961,target,0.06886,0.01976,0.025475,774.0380,,,,,
23.5308,target,0.07230,-0.01054,0.025610,774.0393,,,,,
23.5314,cmd,,,,,-0.10329,0.00000,,,
23.5316,status,,,,,,,TRACKING,,
23.5646,target,0.07407,-0.03830,0.025979,774.0397,,,,,
23.5841,cmd,,,,,-0.11110,0.00000,,,
23.5842,status,,,,,,,TRACKING,,
23.5973,target,0.07720,-0.05899,0.026565,774.0390,,,,,
23.6312,target,0.08335,-0.06882,0.026641,774.0396,,,,,
23.6316,cmd,,,,,-0.11580,0.04719,,,
23.6319,status,,,,,,,TRACKING,,
23.6651,target,0.08947,-0.07158,0.027214,774.0401,,,,,
23.6839,cmd,,,,,-0.13420,0.05726,,,
23.6840,status,,,,,,,TRACKING,,
23.6842,joint,,,,,,,,-0.15340,0.10738
23.6982,target,0.09522,-0.07158,0.026829,774.0399,,,,,
23.7313,target,0.09940,-0.06719,0.027307,774.0396,,,,,
23.7318,cmd,,,,,-0.14283,0.05726,,,
23.7328,status,,,,,,,TRACKING,,
23.7639,target,0.10540,-0.06562,0.028216,774.0389,,,,,
23.7831,cmd,,,,,-0.15810,0.05250,,,
23.7832,status,,,,,,,TRACKING,,
23.7983,target,0.11342,-0.05641,0.029112,774.0399,,,,,
23.8317,target,0.12234,-0.04322,0.029622,774.0400,,,,,
23.8318,cmd,,,,,-0.17013,0.04513,,,
23.8319,status,,,,,,,TRACKING,,
23.8651,target,0.13197,-0.03012,0.030592,774.0400,,,,,
23.8828,cmd,,,,,-0.19795,0.00000,,,
23.8832,status,,,,,,,TRACKING,,
23.8975,target,0.14543,-0.00652,0.030892,774.0391,,,,,
23.9321,target,0.16023,0.02150,0.030922,774.0403,,,,,
23.9322,cmd,,,,,-0.21814,0.00000,,,
23.9323,status,,,,,,,TRACKING,,
23.9649,target,0.17561,0.04059,0.031623,774.0398,,,,,
23.9823,cmd,,,,,-0.26342,0.00000,,,
23.9827,status,,,,,,,TRACKING,,
23.9970,target,0.19009,0.06111,0.032361,774.0385,,,,,
24.0317,target,0.20521,0.07567,0.032737,774.0398,,,,,
24.0319,cmd,,,,,-0.28513,-0.04889,,,
24.0320,status,,,,,,,TRACKING,,
24.0663,target,0.22329,0.09130,0.033086,774.0411,,,,,
24.0843,cmd,,,,,-0.33494,-0.07304,,,
24.0844,status,,,,,,,TRACKING,,
24.0985,target,0.24173,0.09999,0.033431,774.0399,,,,,
24.1318,target,0.26044,0.10558,0.033533,774.0398,,,,,
24.1319,cmd,,,,,-0.36260,-0.07999,,,
24.1323,status,,,,,,,TRACKING,,
24.1651,target,0.27829,0.10726,0.034000,774.0398,,,,,
24.1830,cmd,,,,,-0.41743,-0.08581,,,
24.1832,status,,,,,,,TRACKING,,
24.1966,target,0.29451,0.10721,0.033687,774.0379,,,,,
24.2029,joint,,,,,,,,-0.21322,0.11352
24.2320,target,0.30833,0.10306,0.032793,774.0400,,,,,
24.2322,cmd,,,,,-0.44177,-0.08577,,,
24.2323,status,,,,,,,TRACKING,,
24.2655,target,0.31339,0.09159,0.029418,774.0402,,,,,
24.2834,cmd,,,,,-0.47009,-0.07327,,,
24.2839,status,,,,,,,TRACKING,,
24.3000,target,0.32179,0.07274,0.028344,774.0412,,,,,
24.3319,cmd,,,,,-0.48269,-0.05819,,,
24.3320,status,,,,,,,TRACKING,,
24.3329,target,0.33287,0.05634,0.028251,774.0408,,,,,
24.3644,target,0.34113,0.03996,0.029023,774.0390,,,,,
24.3832,cmd,,,,,-0.51169,0.00000,,,
24.3833,status,,,,,,,TRACKING,,
24.3970,target,0.34600,0.02472,0.029464,774.0382,,,,,
24.4316,target,0.34995,0.01010,0.029922,774.0394,,,,,
24.4318,cmd,,,,,-0.51900,0.00000,,,
24.4319,status,,,,,,,TRACKING,,
24.4646,target,0.35006,-0.00506,0.030111,774.0391,,,,,
24.4827,cmd,,,,,-0.52509,0.00000,,,
24.4831,status,,,,,,,TRACKING,,
24.4969,target,0.34442,-0.01583,0.030703,774.0381,,,,,
24.5327,cmd,,,,,-0.51662,0.00000,,,
24.5328,status,,,,,,,TRACKING,,
24.5339,target,0.34003,-0.02563,0.031009,774.0417,,,,,
24.5639,target,0.33607,-0.02787,0.031430,774.0383,,,,,
24.5834,cmd,,,,,-0.50411,0.00000,,,
24.5844,status,,,,,,,TRACKING,,
24.5979,target,0.33159,-0.02529,0.031753,774.0389,,,,,
24.6328,cmd,,,,,-0.49738,0.00000,,,
24.6329,status,,,,,,,TRACKING,,
24.6340,target,0.32744,-0.02286,0.031819,774.0417,,,,,
24.6652,target,0.32160,-0.01934,0.031951,774.0395,,,,,
24.6824,cmd,,,,,-0.48240,0.00000,,,
24.6825,status,,,,,,,TRACKING,,
24.6976,target,0.31629,-0.01734,0.032031,774.0386,,,,,
24.7321,target,0.31272,-0.00940,0.032196,774.0397,,,,,
24.7330,cmd,,,,,-0.47444,0.00000,,,
24.7332,status,,,,,,,TRACKING,,
24.7440,joint,,,,,,,,-0.38656,0.09664
24.7647,target,0.31024,-0.00537,0.032279,774.0389,,,,,
24.7828,cmd,,,,,-0.46536,0.00000,,,
24.7829,status,,,,,,,TRACKING,,
24.7975,target,0.30414,-0.00467,0.032148,774.0384,,,,,
24.8310,target,0.29696,-0.00420,0.031931,774.0385,,,,,
24.8314,cmd,,,,,-0.45621,0.00000,,,
24.8315,status,,,,,,,TRACKING,,
24.8653,target,0.29171,0.00009,0.031873,774.0395,,,,,
24.8828,cmd,,,,,-0.43757,0.00000,,,
24.8829,status,,,,,,,TRACKING,,
24.8973,target,0.28659,0.00413,0.031526,774.0381,,,,,
24.9316,target,0.27884,0.00677,0.031126,774.0391,,,,,
24.9318,cmd,,,,,-0.42989,0.00000,,,
24.9319,status,,,,,,,TRACKING,,
24.9651,target,0.27115,0.00679,0.031183,774.0392,,,,,
24.9850,cmd,,,,,-0.40673,0.00000,,,
24.9852,status,,,,,,,TRACKING,,
24.9988,target,0.26586,0.00562,0.031285,774.0395,,,,,
25.0331,target,0.26496,0.00076,0.031198,774.0405,,,,,
25.0333,cmd,,,,,-0.39878,0.00000,,,
25.0334,status,,,,,,,TRACKING,,
25.0654,target,0.26470,-0.00811,0.031217,774.0394,,,,,
25.0834,cmd,,,,,-0.39705,0.00000,,,
25.0850,status,,,,,,,TRACKING,,
25.0978,target,0.26631,-0.02436,0.031035,774.0385,,,,,
25.1321,cmd,,,,,-0.39946,0.00000,,,
25.1322,status,,,,,,,TRACKING,,
25.1340,target,0.27060,-0.04117,0.031196,774.0413,,,,,
25.1648,target,0.27408,-0.05777,0.031159,774.0388,,,,,
25.1836,cmd,,,,,-0.41112,0.04622,,,
25.1840,status,,,,,,,TRACKING,,
25.1979,target,0.27750,-0.07236,0.031421,774.0385,,,,,
25.2229,joint,,,,,,,,-0.61666,0.09664
25.2320,cmd,,,,,-0.41624,0.05789,,,
25.2321,status,,,,,,,TRACKING,,
25.2332,target,0.27850,-0.08212,0.031465,774.0404,,,,,
25.2662,target,0.27814,-0.08828,0.031638,774.0401,,,,,
25.2850,cmd,,,,,-0.41722,0.07062,,,
25.2851,status,,,,,,,TRACKING,,
25.2984,target,0.27660,-0.08775,0.031727,774.0389,,,,,
25.3311,target,0.27423,-0.08534,0.031916,774.0383,,,,,
25.3315,cmd,,,,,-0.41490,0.07020,,,
25.3316,status,,,,,,,TRACKING,,
25.3668,target,0.27076,-0.08039,0.032053,774.0406,,,,,
25.3831,cmd,,,,,-0.40614,0.06431,,,
25.3835,status,,,,,,,TRACKING,,
25.3979,target,0.26667,-0.07414,0.032049,774.0383,,,,,
25.4315,target,0.26306,-0.06096,0.031918,774.0386,,,,,
25.4317,cmd,,,,,-0.40000,0.05931,,,
25.4318,status,,,,,,,TRACKING,,
25.4652,target,0.25902,-0.05358,0.031888,774.0389,,,,,
25.4839,cmd,,,,,-0.38854,0.04287,,,
25.4843,status,,,,,,,TRACKING,,
25.4990,target,0.25514,-0.04145,0.031697,774.0394,,,,,
25.5321,target,0.25169,-0.02648,0.031589,774.0391,,,,,
25.5331,cmd,,,,,-0.38270,0.00000,,,
25.5349,status,,,,,,,TRACKING,,
25.5653,target,0.24750,-0.00834,0.031634,774.0389,,,,,
25.5845,cmd,,,,,-0.37124,0.00000,,,
25.5849,status,,,,,,,TRACKING,,
25.5988,target,0.24387,0.00859,0.031721,774.0391,,,,,
25.6331,cmd,,,,,-0.36580,0.00000,,,
25.6332,status,,,,,,,TRACKING,,
25.6358,target,0.23894,0.02890,0.031851,774.0427,,,,,
25.6644,target,0.23408,0.03850,0.032094,774.0380,,,,,
25.6838,cmd,,,,,-0.35112,0.00000,,,
25.6842,status,,,,,,,TRACKING,,
25.6981,target,0.23164,0.05177,0.032218,774.0383,,,,,
25.7232,joint,,,,,,,,-0.81915,0.10891
25.7319,cmd,,,,,-0.34747,-0.04142,,,
25.7320,status,,,,,,,TRACKING,,
25.7333,target,0.22939,0.05679,0.032174,774.0401,,,,,
25.7651,target,0.22765,0.06216,0.032209,774.0386,,,,,
25.7833,cmd,,,,,-0.34148,-0.04973,,,
25.7837,status,,,,,,,TRACKING,,
25.7976,target,0.22738,0.06483,0.031829,774.0377,,,,,
25.8322,cmd,,,,,-0.34107,-0.05186,,,
25.8324,status,,,,,,,TRACKING,,
25.8333,target,0.22818,0.06623,0.031478,774.0401,,,,,
25.8652,target,0.23089,0.06703,0.031300,774.0387,,,,,
25.8845,cmd,,,,,-0.34633,-0.05362,,,
25.8847,status,,,,,,,TRACKING,,
25.8991,target,0.23470,0.06025,0.031569,774.0392,,,,,
25.9316,target,0.23737,0.05264,0.032461,774.0384,,,,,
25.9317,cmd,,,,,-0.35205,-0.04820,,,
25.9318,status,,,,,,,TRACKING,,
25.9654,target,0.23945,0.03363,0.033444,774.0388,,,,,
25.9854,cmd,,,,,-0.35917,0.00000,,,
25.9855,status,,,,,,,TRACKING,,
25.9983,target,0.24182,0.01678,0.034889,774.0383,,,,,
26.0316,cmd,,,,,-0.36273,0.00000,,,
26.0320,status,,,,,,,TRACKING,,
26.0350,target,0.24783,0.00523,0.034900,774.0417,,,,,
26.0655,target,0.25073,-0.00455,0.036376,774.0387,,,,,
26.0849,cmd,,,,,-0.37609,0.00000,,,
26.0851,status,,,,,,,TRACKING,,
26.0979,target,0.25618,-0.00384,0.036452,774.0378,,,,,
26.1330,target,0.26071,-0.00537,0.036523,774.0396,,,,,
26.1331,cmd,,,,,-0.38428,0.00000,,,
26.1331,status,,,,,,,TRACKING,,
26.1665,target,0.26201,0.00764,0.036669,774.0397,,,,,
26.1845,cmd,,,,,-0.39301,0.00000,,,
26.1847,status,,,,,,,TRACKING,,
26.1979,target,0.26285,0.01403,0.036571,774.0378,,,,,
26.2329,cmd,,,,,-0.39428,0.00000,,,
26.2330,status,,,,,,,TRACKING,,
26.2356,target,0.26597,0.01664,0.035493,774.0421,,,,,
26.2435,joint,,,,,,,,-1.00169,0.09971
26.2646,target,0.26811,0.03154,0.035666,774.0377,,,,,
26.2844,cmd,,,,,-0.40216,0.00000,,,
26.2848,status,,,,,,,TRACKING,,
26.2994,target,0.26986,0.04065,0.035354,774.0391,,,,,
26.3329,cmd,,,,,-0.40479,0.00000,,,
26.3331,status,,,,,,,TRACKING,,
26.3353,target,0.26938,0.03685,0.034080,774.0417,,,,,
26.3662,target,0.26760,0.04548,0.033210,774.0393,,,,,
26.3848,cmd,,,,,-0.40141,0.00000,,,
26.3850,status,,,,,,,TRACKING,,
26.3985,target,0.26493,0.05755,0.032372,774.0382,,,,,
26.4330,cmd,,,,,-0.39740,-0.04604,,,
26.4334,target,0.26158,0.07108,0.031584,774.0398,,,,,
26.4335,status,,,,,,,TRACKING,,
26.4666,target,0.25643,0.08435,0.030757,774.0396,,,,,
26.4846,cmd,,,,,-0.38464,-0.06748,,,
26.4848,status,,,,,,,TRACKING,,
26.4994,target,0.25007,0.09410,0.029887,774.0390,,,,,
26.5328,cmd,,,,,-0.37510,-0.07528,,,
26.5330,status,,,,,,,TRACKING,,
26.5368,target,0.24634,0.10321,0.028941,774.0431,,,,,
26.5641,target,0.24184,0.10904,0.027964,774.0370,,,,,
26.5859,cmd,,,,,-0.36276,-0.08723,,,
26.5860,status,,,,,,,TRACKING,,
26.5986,target,0.23610,0.11032,0.027283,774.0382,,,,,
26.6329,cmd,,,,,-0.35415,-0.08826,,,
26.6330,status,,,,,,,TRACKING,,
26.6339,target,0.23280,0.10529,0.026500,774.0401,,,,,
26.6668,target,0.24354,0.07687,0.023322,774.0396,,,,,
26.6840,cmd,,,,,-0.36531,-0.06149,,,
26.6842,status,,,,,,,TRACKING,,
26.6984,target,0.26119,0.06639,0.024214,774.0378,,,,,
26.7329,cmd,,,,,-0.39178,-0.05311,,,
26.7330,status,,,,,,,TRACKING,,
26.7342,target,0.25606,0.05213,0.023548,774.0404,,,,,
26.7434,joint,,,,,,,,-1.18577,0.09664
26.7640,target,0.25137,0.03576,0.023047,774.0368,,,,,
26.7827,cmd,,,,,-0.37705,0.00000,,,
26.7839,status,,,,,,,TRACKING,,
26.8008,target,0.24558,0.01793,0.021406,774.0402,,,,,
26.8321,cmd,,,,,-0.36836,0.00000,,,
26.8330,status,,,,,,,TRACKING,,
26.8340,target,0.24104,-0.00101,0.021100,774.0401,,,,,
26.8671,target,0.22956,-0.01711,0.019442,774.0398,,,,,
26.8829,cmd,,,,,-0.34434,0.00000,,,
26.8832,status,,,,,,,TRACKING,,
26.9007,target,0.22085,-0.03412,0.018787,774.0401,,,,,
26.9329,cmd,,,,,-0.33128,0.00000,,,
26.9330,status,,,,,,,TRACKING,,
26.9343,target,0.21399,-0.04862,0.018596,774.0403,,,,,
26.9663,target,0.20697,-0.06053,0.018880,774.0390,,,,,
26.9841,cmd,,,,,-0.31045,0.04843,,,
26.9859,status,,,,,,,TRACKING,,
26.9994,target,0.19853,-0.06529,0.018711,774.0387,,,,,
27.0317,cmd,,,,,-0.29779,0.05223,,,
27.0319,status,,,,,,,TRACKING,,
27.0362,target,0.19004,-0.06963,0.018724,774.0421,,,,,
27.0654,target,0.18041,-0.06912,0.018900,774.0379,,,,,
27.0832,cmd,,,,,-0.27062,0.05529,,,
27.0836,status,,,,,,,TRACKING,,
27.1013,target,0.17105,-0.06700,0.019210,774.0405,,,,,
27.1336,target,0.16214,-0.06193,0.019462,774.0395,,,,,
27.1338,cmd,,,,,-0.25658,0.05360,,,
27.1339,status,,,,,,,TRACKING,,
27.1642,target,0.15257,-0.05458,0.019609,774.0367,,,,,
27.1861,cmd,,,,,-0.22886,0.04366,,,
27.1862,status,,,,,,,TRACKING,,
27.1999,target,0.14205,-0.04457,0.019690,774.0390,,,,,
27.2321,cmd,,,,,-0.21307,0.00000,,,
27.2325,status,,,,,,,TRACKING,,
27.2346,target,0.13234,-0.03411,0.019833,774.0404,,,,,
27.2632,joint,,,,,,,,-1.37598,0.09051
27.2662,target,0.12374,-0.02158,0.019954,774.0386,,,,,
27.2855,cmd,,,,,-0.18561,0.00000,,,
27.2856,status,,,,,,,TRACKING,,
27.2985,target,0.11638,-0.01221,0.020009,774.0376,,,,,
27.3319,cmd,,,,,-0.17457,0.00000,,,
27.3320,status,,,,,,,TRACKING,,
27.3379,target,0.10879,-0.00444,0.020161,774.0436,,,,,
27.3641,target,0.10191,0.00247,0.020286,774.0365,,,,,
27.3868,cmd,,,,,-0.15287,0.00000,,,
27.3868,status,,,,,,,TRACKING,,
27.3999,target,0.09543,0.01114,0.020516,774.0389,,,,,
27.4318,cmd,,,,,-0.14314,0.00000,,,
27.4331,target,0.09072,0.01038,0.020725,774.0387,,,,,
27.4332,status,,,,,,,TRACKING,,
27.4649,target,0.08655,0.01228,0.021057,774.0372,,,,,
27.4852,cmd,,,,,-0.12982,0.00000,,,
27.4856,status,,,,,,,TRACKING,,
27.4997,target,0.08299,0.00856,0.021220,774.0386,,,,,
27.5321,cmd,,,,,-0.12448,0.00000,,,
27.5328,status,,,,,,,TRACKING,,
27.5340,target,0.07734,0.00752,0.021261,774.0396,,,,,
27.5669,target,0.07133,0.00240,0.021144,774.0391,,,,,
27.5855,cmd,,,,,-0.10700,0.00000,,,
27.5870,status,,,,,,,TRACKING,,
27.5992,target,0.06489,-0.00081,0.021048,774.0381,,,,,
27.6319,cmd,,,,,-0.09733,0.00000,,,
27.6320,status,,,,,,,TRACKING,,
27.6361,target,0.05839,-0.00565,0.020898,774.0416,,,,,
27.6640,target,0.05249,-0.00965,0.020914,774.0362,,,,,
27.6850,cmd,,,,,-0.07873,0.00000,,,
27.6852,status,,,,,,,TRACKING,,
27.6985,target,0.04683,-0.01237,0.020955,774.0372,,,,,
27.7319,cmd,,,,,0.00000,0.00000,,,
27.7323,status,,,,,,,CENTERED,,
27.7360,target,0.04203,-0.01482,0.021087,774.0414,,,,,
27.7632,joint,,,,,,,,-1.48950,0.09357
27.7651,target,0.03677,-0.01554,0.021053,774.0372,,,,,
27.7862,cmd,,,,,0.00000,0.00000,,,
27.7863,status,,,,,,,CENTERED,,
27.8005,target,0.03119,-0.01859,0.021055,774.0392,,,,,
27.8318,cmd,,,,,0.00000,0.00000,,,
27.8320,status,,,,,,,CENTERED,,
27.8347,target,0.02543,-0.02168,0.020990,774.0400,,,,,
27.8639,target,0.02022,-0.02399,0.020903,774.0359,,,,,
27.8849,cmd,,,,,0.00000,0.00000,,,
27.8853,status,,,,,,,CENTERED,,
27.8991,target,0.01771,-0.02573,0.020918,774.0377,,,,,
27.9318,cmd,,,,,0.00000,0.00000,,,
27.9322,status,,,,,,,CENTERED,,
27.9363,target,0.01668,-0.02560,0.020940,774.0415,,,,,
27.9671,target,0.01710,-0.02559,0.020783,774.0390,,,,,
27.9830,cmd,,,,,0.00000,0.00000,,,
27.9839,status,,,,,,,CENTERED,,
27.9992,target,0.01900,-0.02814,0.020616,774.0378,,,,,
28.0319,cmd,,,,,0.00000,0.00000,,,
28.0329,status,,,,,,,CENTERED,,
28.0365,target,0.02117,-0.02997,0.020428,774.0417,,,,,
28.0675,target,0.02378,-0.03323,0.020313,774.0394,,,,,
28.0853,cmd,,,,,0.00000,0.00000,,,
28.0855,status,,,,,,,CENTERED,,
28.0995,target,0.02766,-0.03560,0.020176,774.0380,,,,,
28.1318,cmd,,,,,0.00000,0.00000,,,
28.1319,status,,,,,,,CENTERED,,
28.1344,target,0.03065,-0.03806,0.019852,774.0395,,,,,
28.1659,target,0.03315,-0.04212,0.019640,774.0377,,,,,
28.1843,cmd,,,,,0.00000,0.00000,,,
28.1847,status,,,,,,,CENTERED,,
28.2004,target,0.03527,-0.04505,0.019603,774.0389,,,,,
28.2326,target,0.03565,-0.04544,0.019353,774.0377,,,,,
28.2327,cmd,,,,,0.00000,0.00000,,,
28.2330,status,,,,,,,CENTERED,,
28.2655,target,0.03578,-0.04322,0.019186,774.0372,,,,,
28.2842,cmd,,,,,0.00000,0.00000,,,
28.2859,status,,,,,,,CENTERED,,
28.2868,joint,,,,,,,,-1.49103,0.09357
28.3005,target,0.03523,-0.04163,0.019082,774.0388,,,,,
28.3319,cmd,,,,,0.00000,0.00000,,,
28.3322,status,,,,,,,CENTERED,,
28.3333,target,0.03527,-0.04191,0.018893,774.0383,,,,,
28.3662,target,0.03490,-0.04513,0.018852,774.0378,,,,,
28.3870,cmd,,,,,0.00000,0.00000,,,
28.3871,status,,,,,,,CENTERED,,
28.4002,target,0.03531,-0.04926,0.018763,774.0385,,,,,
28.4319,cmd,,,,,0.00000,0.00000,,,
28.4320,status,,,,,,,CENTERED,,
28.4345,target,0.03495,-0.05638,0.018641,774.0394,,,,,
28.4663,target,0.03545,-0.06355,0.018707,774.0379,,,,,
28.4860,cmd,,,,,0.00000,0.05084,,,
28.4861,status,,,,,,,TRACKING,,
28.4997,target,0.03566,-0.06858,0.018804,774.0379,,,,,
28.5318,cmd,,,,,0.00000,0.05486,,,
28.5322,status,,,,,,,TRACKING,,
28.5367,target,0.03504,-0.06936,0.018852,774.0416,,,,,
28.5662,target,0.03448,-0.06889,0.018898,774.0377,,,,,
28.5861,cmd,,,,,0.00000,0.05511,,,
28.5863,status,,,,,,,TRACKING,,
28.6010,target,0.03275,-0.06864,0.018958,774.0391,,,,,
28.6318,cmd,,,,,0.00000,0.05491,,,
28.6349,status,,,,,,,TRACKING,,
28.6364,target,0.03075,-0.06712,0.018987,774.0411,,,,,
28.6677,target,0.02788,-0.06560,0.018934,774.0391,,,,,
28.6839,cmd,,,,,0.00000,0.05248,,,
28.6840,status,,,,,,,TRACKING,,
28.7012,target,0.02594,-0.06508,0.018898,774.0393,,,,,
28.7330,cmd,,,,,0.00000,0.05207,,,
28.7331,status,,,,,,,TRACKING,,
28.7362,target,0.02413,-0.06486,0.018891,774.0409,,,,,
28.7672,target,0.02198,-0.06384,0.018852,774.0385,,,,,
28.7852,cmd,,,,,0.00000,0.05107,,,
28.7858,status,,,,,,,TRACKING,,
28.8016,target,0.02006,-0.06155,0.018741,774.0396,,,,,
28.8027,joint,,,,,,,,-1.48796,0.09511
28.8320,cmd,,,,,0.00000,0.04924,,,
28.8321,status,,,,,,,TRACKING,,
28.8373,target,0.01914,-0.05558,0.018559,774.0419,,,,,
28.8657,target,0.01859,-0.05274,0.018487,774.0370,,,,,
28.8850,cmd,,,,,0.00000,0.04220,,,
28.8852,status,,,,,,,TRACKING,,
28.9012,target,0.01837,-0.04579,0.018312,774.0391,,,,,
28.9323,cmd,,,,,0.00000,0.00000,,,
28.9324,status,,,,,,,CENTERED,,
28.9334,target,0.01792,-0.04450,0.018207,774.0380,,,,,
28.9676,target,0.01795,-0.03693,0.018049,774.0388,,,,,
28.9836,cmd,,,,,0.00000,0.00000,,,
28.9840,status,,,,,,,CENTERED,,
29.0026,target,0.01735,-0.03534,0.017993,774.0404,,,,,
29.0330,cmd,,,,,0.00000,0.00000,,,
29.0331,status,,,,,,,CENTERED,,
29.0350,target,0.01642,-0.02668,0.017865,774.0395,,,,,
29.0671,target,0.01661,-0.02104,0.017808,774.0382,,,,,
29.0849,cmd,,,,,0.00000,0.00000,,,
29.0851,status,,,,,,,CENTERED,,
29.1030,target,0.01727,-0.01684,0.017765,774.0408,,,,,
29.1318,cmd,,,,,0.00000,0.00000,,,
29.1320,status,,,,,,,CENTERED,,
29.1350,target,0.01809,-0.01847,0.017804,774.0394,,,,,
29.1678,target,0.01890,-0.01810,0.017595,774.0388,,,,,
29.1826,cmd,,,,,0.00000,0.00000,,,
29.1843,status,,,,,,,CENTERED,,
29.2014,target,0.02116,-0.01971,0.017509,774.0391,,,,,
29.2331,cmd,,,,,0.00000,0.00000,,,
29.2331,status,,,,,,,CENTERED,,
29.2341,target,0.02426,-0.02096,0.017465,774.0385,,,,,
29.2680,target,0.02675,-0.02421,0.017585,774.0390,,,,,
29.2843,cmd,,,,,0.00000,0.00000,,,
29.2850,status,,,,,,,CENTERED,,
29.3004,target,0.02772,-0.02194,0.017541,774.0381,,,,,
29.3025,joint,,,,,,,,-1.48643,0.10431
29.3321,cmd,,,,,0.00000,0.00000,,,
29.3322,status,,,,,,,CENTERED,,
29.3359,target,0.02906,-0.02427,0.017622,774.0402,,,,,
29.3667,target,0.03007,-0.02253,0.017693,774.0376,,,,,
29.3834,cmd,,,,,0.00000,0.00000,,,
29.3839,status,,,,,,,CENTERED,,
29.4025,target,0.03093,-0.02327,0.017815,774.0400,,,,,
29.4332,cmd,,,,,0.00000,0.00000,,,
29.4333,status,,,,,,,CENTERED,,
29.4383,target,0.03127,-0.02181,0.017912,774.0425,,,,,
29.4656,target,0.03055,-0.02261,0.018040,774.0364,,,,,
29.4852,cmd,,,,,0.00000,0.00000,,,
29.4853,status,,,,,,,CENTERED,,
29.5022,target,0.02859,-0.02085,0.018073,774.0396,,,,,
29.5320,cmd,,,,,0.00000,0.00000,,,
29.5321,status,,,,,,,CENTERED,,
29.5360,target,0.02683,-0.01990,0.018147,774.0401,,,,,
29.5665,target,0.02437,-0.01983,0.018197,774.0372,,,,,
29.5844,cmd,,,,,0.00000,0.00000,,,
29.5848,status,,,,,,,CENTERED,,
29.6036,target,0.02029,-0.01841,0.018340,774.0410,,,,,
29.6323,cmd,,,,,0.00000,0.00000,,,
29.6327,status,,,,,,,CENTERED,,
29.6370,target,0.01606,-0.01822,0.018370,774.0411,,,,,
29.6670,target,0.01089,-0.01560,0.018494,774.0377,,,,,
29.6840,cmd,,,,,0.00000,0.00000,,,
29.6841,status,,,,,,,CENTERED,,
29.7020,target,0.00577,-0.01419,0.018500,774.0393,,,,,
29.7320,cmd,,,,,0.00000,0.00000,,,
29.7321,status,,,,,,,CENTERED,,
29.7373,target,-0.00015,-0.01033,0.018566,774.0413,,,,,
29.7661,target,-0.00714,-0.00684,0.018613,774.0367,,,,,
29.7834,cmd,,,,,0.00000,0.00000,,,
29.7865,status,,,,,,,CENTERED,,
29.8019,target,-0.01431,-0.00275,0.018752,774.0392,,,,,
29.8230,joint,,,,,,,,-1.48643,0.10431
29.8321,cmd,,,,,0.00000,0.00000,,,
29.8322,status,,,,,,,CENTERED,,
29.8368,target,-0.02128,-0.00229,0.018835,774.0407,,,,,
29.8665,target,-0.02892,-0.00237,0.018767,774.0370,,,,,
29.8845,cmd,,,,,0.00000,0.00000,,,
29.8849,status,,,,,,,CENTERED,,
29.9014,target,-0.03703,-0.00405,0.018830,774.0385,,,,,
29.9323,cmd,,,,,0.00000,0.00000,,,
29.9325,status,,,,,,,CENTERED,,
29.9390,target,-0.04613,-0.00591,0.018737,774.0428,,,,,
29.9663,target,-0.05560,-0.00894,0.018644,774.0368,,,,,
29.9835,cmd,,,,,0.08340,0.00000,,,
29.9844,status,,,,,,,TRACKING,,
30.0017,target,-0.06597,-0.01295,0.018563,774.0388,,,,,
30.0318,cmd,,,,,0.09896,0.00000,,,
30.0343,status,,,,,,,TRACKING,,
30.0348,target,-0.07650,-0.01716,0.018424,774.0386,,,,,
30.0679,target,-0.08782,-0.02019,0.018247,774.0383,,,,,
30.0836,cmd,,,,,0.13173,0.00000,,,
30.0837,status,,,,,,,TRACKING,,
30.1015,target,-0.09964,-0.02490,0.018366,774.0385,,,,,
30.1361,cmd,,,,,0.14947,0.00000,,,
30.1362,status,,,,,,,TRACKING,,
30.1401,target,-0.11162,-0.02735,0.018522,774.0438,,,,,
30.1669,target,-0.12377,-0.02985,0.018720,774.0372,,,,,
30.1830,cmd,,,,,0.18565,0.00000,,,
30.1841,status,,,,,,,TRACKING,,
30.2030,target,-0.13673,-0.02989,0.018765,774.0399,,,,,
30.2321,cmd,,,,,0.20509,0.00000,,,
30.2350,status,,,,,,,TRACKING,,
30.2364,target,-0.14961,-0.03044,0.018908,774.0399,,,,,
30.2685,target,-0.16261,-0.02921,0.019041,774.0388,,,,,
30.2842,cmd,,,,,0.24392,0.00000,,,
30.2846,status,,,,,,,TRACKING,,
30.3027,target,-0.17579,-0.02729,0.019206,774.0396,,,,,
30.3318,cmd,,,,,0.26368,0.00000,,,
30.3320,status,,,,,,,TRACKING,,
30.3359,target,-0.18561,-0.02341,0.019525,774.0394,,,,,
30.3427,joint,,,,,,,,-1.48182,0.10431
30.3692,target,-0.19165,-0.02211,0.019967,774.0394,,,,,
30.3828,cmd,,,,,0.28748,0.00000,,,
30.3846,status,,,,,,,TRACKING,,
30.4004,target,-0.20030,-0.01845,0.020002,774.0372,,,,,
30.4321,cmd,,,,,0.30045,0.00000,,,
30.4327,status,,,,,,,TRACKING,,
30.4381,target,-0.20879,-0.01794,0.020026,774.0416,,,,,
30.4665,target,-0.21818,-0.01743,0.020087,774.0366,,,,,
30.4841,cmd,,,,,0.32727,0.00000,,,
30.4853,status,,,,,,,TRACKING,,
30.5020,target,-0.22750,-0.01958,0.019768,774.0387,,,,,
30.5325,cmd,,,,,0.34125,0.00000,,,
30.5329,status,,,,,,,TRACKING,,
30.5374,target,-0.23504,-0.01780,0.020067,774.0408,,,,,
30.5689,target,-0.23922,-0.02100,0.020271,774.0389,,,,,
30.5829,cmd,,,,,0.35883,0.00000,,,
30.5830,status,,,,,,,TRACKING,,
30.6040,target,-0.24345,-0.02513,0.020556,774.0406,,,,,
30.6323,cmd,,,,,0.36518,0.00000,,,
30.6324,status,,,,,,,TRACKING,,
30.6385,target,-0.24574,-0.02946,0.021055,774.0418,,,,,
30.6671,target,-0.24962,-0.03367,0.021406,774.0370,,,,,
30.6851,cmd,,,,,0.37443,0.00000,,,
30.6877,status,,,,,,,TRACKING,,
30.7023,target,-0.25391,-0.03711,0.021803,774.0389,,,,,
30.7322,cmd,,,,,0.38086,0.00000,,,
30.7327,status,,,,,,,TRACKING,,
30.7373,target,-0.25832,-0.03992,0.022012,774.0405,,,,,
30.7672,target,-0.26275,-0.04225,0.021934,774.0372,,,,,
30.7830,cmd,,,,,0.39413,0.00000,,,
30.7845,status,,,,,,,TRACKING,,
30.8025,target,-0.26509,-0.04614,0.021868,774.0391,,,,,
30.8321,cmd,,,,,0.39764,0.00000,,,
30.8325,status,,,,,,,TRACKING,,
30.8374,target,-0.26631,-0.05303,0.021825,774.0406,,,,,
30.8631,joint,,,,,,,,-1.37598,0.10431
30.8669,target,-0.26557,-0.06153,0.021871,774.0367,,,,,
30.8843,cmd,,,,,0.39835,0.04922,,,
30.8845,status,,,,,,,TRACKING,,
30.9021,target,-0.26233,-0.06956,0.021871,774.0385,,,,,
30.9327,cmd,,,,,0.39349,0.05565,,,
30.9328,status,,,,,,,TRACKING,,
30.9400,target,-0.25906,-0.07828,0.021875,774.0430,,,,,
30.9664,target,-0.25560,-0.08554,0.021871,774.0362,,,,,
30.9846,cmd,,,,,0.38339,0.06843,,,
30.9849,status,,,,,,,TRACKING,,
31.0014,target,-0.25236,-0.08953,0.021753,774.0377,,,,,
31.0324,cmd,,,,,0.37855,0.07162,,,
31.0328,status,,,,,,,TRACKING,,
31.0382,target,-0.24998,-0.09184,0.021567,774.0412,,,,,
31.0692,target,-0.24634,-0.09145,0.021513,774.0389,,,,,
31.0827,cmd,,,,,0.36951,0.07316,,,
31.0852,status,,,,,,,TRACKING,,
31.1047,target,-0.24114,-0.08841,0.021667,774.0410,,,,,
31.1326,cmd,,,,,0.36171,0.07073,,,
31.1330,status,,,,,,,TRACKING,,
31.1405,target,-0.23798,-0.08505,0.021628,774.0434,,,,,
31.1693,target,-0.23334,-0.07726,0.021497,774.0389,,,,,
31.1836,cmd,,,,,0.35001,0.06181,,,
31.1848,status,,,,,,,TRACKING,,
31.2052,target,-0.22956,-0.07177,0.021263,774.0415,,,,,
31.2321,cmd,,,,,0.34434,0.05742,,,
31.2325,status,,,,,,,TRACKING,,
31.2381,target,-0.22331,-0.05010,0.022183,774.0409,,,,,
31.2678,target,-0.22102,-0.04318,0.022201,774.0373,,,,,
31.2838,cmd,,,,,0.33153,0.00000,,,
31.2842,status,,,,,,,TRACKING,,
31.3028,target,-0.21875,-0.03721,0.022031,774.0390,,,,,
31.3318,cmd,,,,,0.32812,0.00000,,,
31.3334,status,,,,,,,TRACKING,,
31.3411,target,-0.21824,-0.02900,0.022040,774.0439,,,,,
31.3634,joint,,,,,,,,-1.19957,0.11658
31.3681,target,-0.21889,-0.02184,0.022196,774.0376,,,,,
31.3831,cmd,,,,,0.32833,0.00000,,,
31.3833,status,,,,,,,TRACKING,,
31.4045,target,-0.21982,-0.01406,0.022214,774.0406,,,,,
31.4323,cmd,,,,,0.32973,0.00000,,,
31.4327,status,,,,,,,TRACKING,,
31.4378,target,-0.22092,-0.00987,0.022476,774.0406,,,,,
31.4692,target,-0.22198,-0.00130,0.022771,774.0386,,,,,
31.4852,cmd,,,,,0.33297,0.00000,,,
31.4872,status,,,,,,,TRACKING,,
31.5014,target,-0.22280,-0.00175,0.022943,774.0374,,,,,
31.5358,cmd,,,,,0.33420,0.00000,,,
31.5359,status,,,,,,,TRACKING,,
31.5397,target,-0.22310,0.00168,0.023203,774.0423,,,,,
31.5684,target,-0.22616,-0.00120,0.023550,774.0378,,,,,
31.5837,cmd,,,,,0.33925,0.00000,,,
31.5850,status,,,,,,,TRACKING,,
31.6024,target,-0.22717,-0.00055,0.023687,774.0383,,,,,
31.6331,cmd,,,,,0.34076,0.00000,,,
31.6335,status,,,,,,,TRACKING,,
31.6398,target,-0.22974,-0.00361,0.023852,774.0424,,,,,
31.6683,target,-0.23032,-0.00109,0.024191,774.0376,,,,,
31.6841,cmd,,,,,0.34548,0.00000,,,
31.6842,status,,,,,,,TRACKING,,
31.7060,target,-0.22978,-0.00107,0.024310,774.0419,,,,,
31.7321,cmd,,,,,0.34467,0.00000,,,
31.7322,status,,,,,,,TRACKING,,
31.7370,target,-0.22960,-0.00183,0.024316,774.0395,,,,,
31.7687,target,-0.22974,-0.00210,0.024720,774.0378,,,,,
31.7832,cmd,,,,,0.34461,0.00000,,,
31.7833,status,,,,,,,TRACKING,,
31.8043,target,-0.23008,-0.00310,0.024928,774.0401,,,,,
31.8331,cmd,,,,,0.34512,0.00000,,,
31.8332,status,,,,,,,TRACKING,,
31.8402,target,-0.23080,-0.00377,0.025043,774.0427,,,,,
31.8684,target,-0.23269,-0.00365,0.025334,774.0374,,,,,
31.8833,cmd,,,,,0.34904,0.00000,,,
31.8850,status,,,,,,,TRACKING,,
31.8867,joint,,,,,,,,-1.02623,0.11965
31.9055,target,-0.23522,-0.00483,0.025723,774.0413,,,,,
31.9331,cmd,,,,,0.35282,0.00000,,,
31.9339,status,,,,,,,TRACKING,,
31.9397,target,-0.23751,-0.00238,0.026068,774.0421,,,,,
31.9721,target,-0.24059,0.00313,0.026515,774.0411,,,,,
31.9831,cmd,,,,,0.36088,0.00000,,,
31.9844,status,,,,,,,TRACKING,,
32.0052,target,-0.24378,0.00904,0.026838,774.0408,,,,,
32.0330,cmd,,,,,0.36567,0.00000,,,
32.0332,status,,,,,,,TRACKING,,
32.0425,target,-0.24694,0.01623,0.027463,774.0448,,,,,
32.0719,target,-0.24950,0.01888,0.027732,774.0408,,,,,
32.0832,cmd,,,,,0.37425,0.00000,,,
32.0833,status,,,,,,,TRACKING,,
32.1048,target,-0.25133,0.02111,0.027958,774.0404,,,,,
32.1326,cmd,,,,,0.37699,0.00000,,,
32.1327,status,,,,,,,TRACKING,,
32.1414,target,-0.25193,0.02343,0.028071,774.0436,,,,,
32.1687,target,-0.25278,0.02219,0.028008,774.0375,,,,,
32.1830,cmd,,,,,0.37917,0.00000,,,
32.1832,status,,,,,,,TRACKING,,
32.2046,target,-0.25464,0.02250,0.028216,774.0401,,,,,
32.2324,cmd,,,,,0.38196,0.00000,,,
32.2326,status,,,,,,,TRACKING,,
32.2385,target,-0.25798,0.02386,0.028652,774.0407,,,,,
32.2697,target,-0.25996,0.02881,0.028848,774.0385,,,,,
32.2841,cmd,,,,,0.38994,0.00000,,,
32.2843,status,,,,,,,TRACKING,,
32.3058,target,-0.26268,0.03498,0.029230,774.0413,,,,,
32.3327,cmd,,,,,0.39402,0.00000,,,
32.3334,status,,,,,,,TRACKING,,
32.3414,target,-0.26573,0.03907,0.029870,774.0435,,,,,
32.3694,target,-0.26565,0.04300,0.029900,774.0381,,,,,
32.3835,cmd,,,,,0.39847,0.00000,,,
32.3853,status,,,,,,,TRACKING,,
32.3881,joint,,,,,,,,-0.85750,0.11965
32.4031,target,-0.26466,0.05098,0.029703,774.0384,,,,,
32.4332,cmd,,,,,0.39700,-0.04079,,,
32.4333,status,,,,,,,TRACKING,,
32.4389,target,-0.26330,0.06147,0.029731,774.0409,,,,,
32.4720,target,-0.26422,0.06625,0.029672,774.0406,,,,,
32.4839,cmd,,,,,0.39633,-0.05300,,,
32.4840,status,,,,,,,TRACKING,,
32.5049,target,-0.26115,0.08128,0.029438,774.0403,,,,,
32.5325,cmd,,,,,0.39173,-0.06503,,,
32.5350,status,,,,,,,TRACKING,,
32.5378,target,-0.25865,0.09732,0.029266,774.0398,,,,,
32.5693,target,-0.25800,0.11138,0.028958,774.0379,,,,,
32.5840,cmd,,,,,0.38701,-0.08911,,,
32.5873,status,,,,,,,TRACKING,,
32.6049,target,-0.25883,0.11565,0.028431,774.0402,,,,,
32.6324,cmd,,,,,0.38825,-0.09252,,,
32.6329,status,,,,,,,TRACKING,,
32.6386,target,-0.25820,0.13019,0.027984,774.0405,,,,,
32.6695,target,-0.26060,0.13136,0.028006,774.0380,,,,,
32.6830,cmd,,,,,0.39090,-0.10509,,,
32.6877,status,,,,,,,TRACKING,,
32.7045,target,-0.26377,0.13229,0.028166,774.0397,,,,,
32.7331,cmd,,,,,0.39566,-0.10583,,,
32.7332,status,,,,,,,TRACKING,,
32.7381,target,-0.26655,0.13358,0.028205,774.0399,,,,,
32.7724,target,-0.26974,0.12854,0.028535,774.0408,,,,,
32.7832,cmd,,,,,0.40461,-0.10283,,,
32.7833,status,,,,,,,TRACKING,,
32.8038,target,-0.27303,0.12252,0.028982,774.0388,,,,,
32.8332,cmd,,,,,0.40954,-0.09801,,,
32.8334,status,,,,,,,TRACKING,,
32.8400,target,-0.27720,0.11458,0.029523,774.0417,,,,,
32.8691,target,-0.28224,0.11002,0.029874,774.0375,,,,,
32.8841,cmd,,,,,0.42336,-0.08802,,,
32.8845,status,,,,,,,TRACKING,,
32.9035,joint,,,,,,,,-0.65808,0.10431
32.9049,target,-0.28786,0.10564,0.030334,774.0399,,,,,
32.9326,cmd,,,,,0.43178,-0.08451,,,
32.9328,status,,,,,,,TRACKING,,
32.9423,target,-0.29315,0.09779,0.030744,774.0440,,,,,
32.9721,target,-0.29978,0.08917,0.031385,774.0404,,,,,
32.9832,cmd,,,,,0.44967,-0.07134,,,
32.9849,status,,,,,,,TRACKING,,
33.0048,target,-0.30594,0.08098,0.032023,774.0397,,,,,
33.0322,cmd,,,,,0.45891,-0.06478,,,
33.0331,status,,,,,,,TRACKING,,
33.0387,target,-0.31187,0.07136,0.032428,774.0403,,,,,
33.0724,target,-0.31761,0.06289,0.033053,774.0406,,,,,
33.0864,cmd,,,,,0.47642,-0.05031,,,
33.0868,status,,,,,,,TRACKING,,
33.1051,target,-0.32329,0.05306,0.033375,774.0400,,,,,
33.1317,cmd,,,,,0.48493,-0.04245,,,
33.1318,status,,,,,,,TRACKING,,
33.1431,target,-0.32904,0.04730,0.034319,774.0446,,,,,
33.1698,target,-0.33347,0.04313,0.034711,774.0379,,,,,
33.1854,cmd,,,,,0.50020,0.00000,,,
33.1855,status,,,,,,,TRACKING,,
33.2028,target,-0.33765,0.04111,0.035588,774.0376,,,,,
33.2318,cmd,,,,,0.50648,0.00000,,,
33.2320,status,,,,,,,TRACKING,,
33.2413,target,-0.34065,0.04224,0.036174,774.0427,,,,,
33.2720,target,-0.33987,0.04342,0.036432,774.0401,,,,,
33.2832,cmd,,,,,0.50981,0.00000,,,
33.2843,status,,,,,,,TRACKING,,
33.3051,target,-0.33714,0.04467,0.036554,774.0398,,,,,
33.3331,cmd,,,,,0.50571,0.00000,,,
33.3332,status,,,,,,,TRACKING,,
33.3409,target,-0.33254,0.05250,0.036680,774.0423,,,,,
33.3728,target,-0.32518,0.05780,0.036734,774.0408,,,,,
33.3825,cmd,,,,,0.48778,-0.04624,,,
33.3830,status,,,,,,,TRACKING,,
33.4044,target,-0.31639,0.06719,0.036858,774.0390,,,,,
33.4243,joint,,,,,,,,-0.44792,0.07977
33.4355,cmd,,,,,0.47458,-0.05376,,,
33.4356,status,,,,,,,TRACKING,,
33.4414,target,-0.30702,0.07257,0.036845,774.0428,,,,,
33.4720,target,-0.29716,0.07882,0.036884,774.0399,,,,,
33.4830,cmd,,,,,0.44575,-0.06305,,,
33.4831,status,,,,,,,TRACKING,,
33.5045,target,-0.28700,0.08286,0.036868,774.0391,,,,,
33.5334,cmd,,,,,0.43050,-0.06629,,,
33.5349,status,,,,,,,TRACKING,,
33.5400,target,-0.27622,0.08758,0.036931,774.0413,,,,,
33.5735,target,-0.26675,0.08908,0.036977,774.0414,,,,,
33.5830,cmd,,,,,0.40012,-0.07126,,,
33.5832,status,,,,,,,TRACKING,,
33.6054,target,-0.25717,0.08989,0.036964,774.0399,,,,,
33.6346,cmd,,,,,0.38575,-0.07192,,,
33.6347,status,,,,,,,TRACKING,,
33.6386,target,-0.24778,0.08953,0.037185,774.0398,,,,,
33.6736,target,-0.23836,0.08934,0.037151,774.0414,,,,,
33.6839,cmd,,,,,0.35754,-0.07147,,,
33.6843,status,,,,,,,TRACKING,,
33.7047,target,-0.22731,0.08753,0.037005,774.0391,,,,,
33.7321,cmd,,,,,0.34096,-0.07003,,,
33.7322,status,,,,,,,TRACKING,,
33.7393,target,-0.21445,0.08710,0.037003,774.0404,,,,,
33.7723,target,-0.20074,0.09003,0.036706,774.0400,,,,,
33.7835,cmd,,,,,0.30112,-0.07202,,,
33.7836,status,,,,,,,TRACKING,,
33.8031,target,-0.18700,0.09159,0.036402,774.0375,,,,,
33.8314,cmd,,,,,0.28050,-0.07327,,,
33.8315,status,,,,,,,TRACKING,,
33.8426,target,-0.17226,0.09224,0.036007,774.0436,,,,,
33.8725,target,-0.15687,0.09247,0.035753,774.0402,,,,,
33.8830,cmd,,,,,0.23531,-0.07398,,,
33.8831,status,,,,,,,TRACKING,,
33.9057,target,-0.14069,0.09552,0.035556,774.0400,,,,,
33.9331,cmd,,,,,0.21104,-0.07642,,,
33.9332,status,,,,,,,TRACKING,,
33.9402,target,-0.12364,0.09939,0.035347,774.0411,,,,,
33.9427,joint,,,,,,,,-0.21476,0.06443
33.9731,target,-0.10771,0.09950,0.035004,774.0407,,,,,
33.9830,cmd,,,,,0.16157,-0.07960,,,
33.9833,status,,,,,,,TRACKING,,
34.0065,target,-0.09173,0.10047,0.034885,774.0407,,,,,
34.0319,cmd,,,,,0.13759,-0.08038,,,
34.0321,status,,,,,,,TRACKING,,
34.0427,target,-0.07362,0.09513,0.034470,774.0436,,,,,
34.0724,target,-0.05390,0.08867,0.034429,774.0400,,,,,
34.0830,cmd,,,,,0.08085,-0.07094,,,
34.0840,status,,,,,,,TRACKING,,
34.1057,target,-0.03552,0.08075,0.034247,774.0399,,,,,
34.1317,cmd,,,,,0.00000,-0.06460,,,
34.1332,status,,,,,,,TRACKING,,
34.1408,target,-0.01774,0.07365,0.034384,774.0416,,,,,
34.1740,target,-0.00178,0.06175,0.034418,774.0415,,,,,
34.1840,cmd,,,,,0.00000,-0.04940,,,
34.1842,status,,,,,,,TRACKING,,
34.2045,target,0.01183,0.05126,0.034525,774.0386,,,,,
34.2340,cmd,,,,,0.00000,-0.04101,,,
34.2342,status,,,,,,,TRACKING,,
34.2408,target,0.02385,0.03703,0.034776,774.0416,,,,,
34.2747,target,0.03434,0.02775,0.034783,774.0421,,,,,
34.2824,cmd,,,,,0.00000,0.00000,,,
34.2841,status,,,,,,,CENTERED,,
34.3046,target,0.04341,0.01734,0.034970,774.0386,,,,,
34.3321,cmd,,,,,0.00000,0.00000,,,
34.3322,status,,,,,,,CENTERED,,
34.3420,target,0.04881,0.00543,0.035130,774.0426,,,,,
34.3731,target,0.05344,-0.00346,0.035323,774.0404,,,,,
34.3828,cmd,,,,,-0.08016,0.00000,,,
34.3829,status,,,,,,,TRACKING,,
34.4064,target,0.05490,-0.01546,0.035493,774.0404,,,,,
34.4319,cmd,,,,,-0.08235,0.00000,,,
34.4338,status,,,,,,,TRACKING,,
34.4410,target,0.05540,-0.02410,0.035987,774.0416,,,,,
34.4723,target,0.05707,-0.02827,0.035907,774.0395,,,,,
34.4826,cmd,,,,,-0.08561,0.00000,,,
34.4839,status,,,,,,,TRACKING,,
34.5030,joint,,,,,,,,-0.11045,0.03835
34.5072,target,0.05780,-0.02881,0.036222,774.0411,,,,,
34.5316,cmd,,,,,-0.08670,0.00000,,,
34.5317,status,,,,,,,TRACKING,,
34.5418,target,0.05892,-0.03379,0.036291,774.0424,,,,,
34.5742,target,0.06082,-0.03522,0.036300,774.0414,,,,,
34.5830,cmd,,,,,-0.09124,0.00000,,,
34.5832,status,,,,,,,TRACKING,,
34.6059,target,0.06302,-0.03946,0.036569,774.0397,,,,,
34.6332,cmd,,,,,-0.09452,0.00000,,,
34.6333,status,,,,,,,TRACKING,,
34.6402,target,0.06549,-0.04395,0.036521,774.0407,,,,,
34.6739,target,0.06774,-0.04723,0.036671,774.0410,,,,,
34.6823,cmd,,,,,-0.10161,0.00000,,,
34.6834,status,,,,,,,TRACKING,,
34.7054,target,0.06826,-0.05016,0.036803,774.0391,,,,,
34.7313,cmd,,,,,-0.10238,0.04013,,,
34.7314,status,,,,,,,TRACKING,,
34.7422,target,0.06738,-0.05034,0.037055,774.0426,,,,,
34.7734,target,0.06697,-0.05123,0.037155,774.0404,,,,,
34.7836,cmd,,,,,-0.10045,0.04099,,,
34.7853,status,,,,,,,TRACKING,,
34.8059,target,0.06764,-0.05032,0.037263,774.0395,,,,,
34.8331,cmd,,,,,-0.10147,0.04025,,,
34.8332,status,,,,,,,TRACKING,,
34.8433,target,0.06901,-0.04869,0.037235,774.0436,,,,,
34.8725,target,0.06939,-0.04650,0.037257,774.0394,,,,,
34.8823,cmd,,,,,-0.10408,0.00000,,,
34.8824,status,,,,,,,TRACKING,,
34.9063,target,0.06835,-0.04448,0.037296,774.0399,,,,,
34.9315,cmd,,,,,-0.10252,0.00000,,,
34.9331,status,,,,,,,TRACKING,,
34.9414,target,0.06629,-0.04523,0.037242,774.0416,,,,,
34.9627,joint,,,,,,,,-0.13499,0.03835
34.9739,target,0.06455,-0.04729,0.037250,774.0407,,,,,
34.9822,cmd,,,,,-0.09683,0.00000,,,
34.9823,status,,,,,,,TRACKING,,
35.0079,target,0.06225,-0.04876,0.037363,774.0414,,,,,
35.0316,cmd,,,,,-0.09338,0.00000,,,
35.0318,status,,,,,,,TRACKING,,
35.0427,target,0.05877,-0.04598,0.037359,774.0429,,,,,
35.0734,target,0.05601,-0.04885,0.037452,774.0401,,,,,
35.0827,cmd,,,,,-0.08401,0.00000,,,
35.0828,status,,,,,,,TRACKING,,
35.1065,target,0.05259,-0.04861,0.037559,774.0399,,,,,
35.1316,cmd,,,,,-0.07888,0.00000,,,
35.1318,status,,,,,,,TRACKING,,
35.1425,target,0.04834,-0.05138,0.037721,774.0425,,,,,
35.1736,target,0.04503,-0.05302,0.037806,774.0403,,,,,
35.1824,cmd,,,,,0.00000,0.04242,,,
35.1825,status,,,,,,,TRACKING,,
35.2062,target,0.04171,-0.05458,0.038006,774.0396,,,,,
35.2319,cmd,,,,,0.00000,0.04366,,,
35.2320,status,,,,,,,TRACKING,,
35.2423,target,0.03881,-0.05460,0.038073,774.0423,,,,,
35.2740,target,0.03528,-0.05300,0.038045,774.0406,,,,,
35.2832,cmd,,,,,0.00000,0.04240,,,
35.2833,status,,,,,,,TRACKING,,
35.3060,target,0.03172,-0.04989,0.038012,774.0393,,,,,
35.3315,cmd,,,,,0.00000,0.00000,,,
35.3341,status,,,,,,,CENTERED,,
35.3429,target,0.02927,-0.04688,0.037945,774.0428,,,,,
35.3736,target,0.02677,-0.04457,0.037771,774.0401,,,,,
35.3822,cmd,,,,,0.00000,0.00000,,,
35.3824,status,,,,,,,CENTERED,,
35.4050,target,0.02655,-0.04374,0.037613,774.0382,,,,,
35.4315,cmd,,,,,0.00000,0.00000,,,
35.4316,status,,,,,,,CENTERED,,
35.4432,target,0.02682,-0.04333,0.037500,774.0431,,,,,
35.4628,joint,,,,,,,,-0.16874,0.03835
35.4740,target,0.02674,-0.04477,0.037402,774.0405,,,,,
35.4828,cmd,,,,,0.00000,0.00000,,,
35.4830,status,,,,,,,CENTERED,,
35.5042,target,0.02663,-0.04715,0.037322,774.0373,,,,,
35.5316,cmd,,,,,0.00000,0.00000,,,
35.5317,status,,,,,,,CENTERED,,
35.5429,target,0.02643,-0.05157,0.037233,774.0427,,,,,
35.5738,target,0.02597,-0.05728,0.037157,774.0402,,,,,
35.5822,cmd,,,,,0.00000,0.04582,,,
35.5823,status,,,,,,,TRACKING,,
35.6070,target,0.02492,-0.06364,0.037255,774.0400,,,,,
35.6317,cmd,,,,,0.00000,0.05091,,,
35.6318,status,,,,,,,TRACKING,,
35.6433,target,0.02413,-0.06989,0.037266,774.0429,,,,,
35.6744,target,0.02332,-0.07416,0.037335,774.0407,,,,,
35.6831,cmd,,,,,0.00000,0.05932,,,
35.6833,status,,,,,,,TRACKING,,
35.7042,target,0.02244,-0.07728,0.037378,774.0372,,,,,
35.7319,cmd,,,,,0.00000,0.06182,,,
35.7322,status,,,,,,,TRACKING,,
35.7429,target,0.02201,-0.07923,0.037507,774.0425,,,,,
35.7742,target,0.02223,-0.08038,0.037578,774.0405,,,,,
35.7829,cmd,,,,,0.00000,0.06431,,,
35.7830,status,,,,,,,TRACKING,,
35.8066,target,0.02381,-0.08050,0.037498,774.0395,,,,,
35.8317,cmd,,,,,0.00000,0.06440,,,
35.8319,status,,,,,,,TRACKING,,
35.8441,target,0.02714,-0.08217,0.037407,774.0437,,,,,
35.8739,target,0.03127,-0.08277,0.037470,774.0401,,,,,
35.8830,cmd,,,,,0.00000,0.06621,,,
35.8831,status,,,,,,,TRACKING,,
35.9082,target,0.03517,-0.08114,0.037491,774.0410,,,,,
35.9312,cmd,,,,,0.00000,0.06492,,,
35.9315,status,,,,,,,TRACKING,,
35.9420,target,0.03880,-0.07728,0.037556,774.0414,,,,,
35.9630,joint,,,,,,,,-0.16874,0.04295
35.9738,target,0.04269,-0.07256,0.037368,774.0399,,,,,
35.9821,cmd,,,,,0.00000,0.05805,,,
35.9822,status,,,,,,,TRACKING,,
36.0045,target,0.04508,-0.06980,0.037435,774.0372,,,,,
36.0330,cmd,,,,,0.00000,0.05584,,,
36.0331,status,,,,,,,TRACKING,,
36.0422,target,0.04704,-0.06777,0.037470,774.0416,,,,,
36.0740,target,0.04853,-0.06358,0.037600,774.0401,,,,,
36.0825,cmd,,,,,0.00000,0.05086,,,
36.0828,status,,,,,,,TRACKING,,
36.1049,target,0.04919,-0.05723,0.037626,774.0376,,,,,
36.1316,cmd,,,,,0.00000,0.04578,,,
36.1331,status,,,,,,,TRACKING,,
36.1433,target,0.04979,-0.05072,0.037630,774.0426,,,,,
36.1736,target,0.05096,-0.04014,0.037648,774.0396,,,,,
36.1832,cmd,,,,,-0.07644,0.00000,,,
36.1833,status,,,,,,,TRACKING,,
36.2078,target,0.05263,-0.03373,0.037611,774.0404,,,,,
36.2317,cmd,,,,,-0.07895,0.00000,,,
36.2320,status,,,,,,,TRACKING,,
36.2429,target,0.05406,-0.02527,0.037559,774.0422,,,,,
36.2734,target,0.05475,-0.02043,0.037595,774.0393,,,,,
36.2832,cmd,,,,,-0.08213,0.00000,,,
36.2874,status,,,,,,,TRACKING,,
36.3083,target,0.05477,-0.01341,0.037598,774.0408,,,,,
36.3341,cmd,,,,,-0.08215,0.00000,,,
36.3342,status,,,,,,,TRACKING,,
36.3409,target,0.05405,-0.01380,0.037665,774.0401,,,,,
36.3731,target,0.05338,-0.00989,0.037461,774.0389,,,,,
36.3821,cmd,,,,,-0.08006,0.00000,,,
36.3832,status,,,,,,,TRACKING,,
36.4079,target,0.05091,-0.00969,0.037648,774.0403,,,,,
36.4317,cmd,,,,,-0.07637,0.00000,,,
36.4328,status,,,,,,,TRACKING,,
36.4421,target,0.04721,-0.00811,0.037537,774.0412,,,,,
36.4736,target,0.04233,-0.00465,0.037706,774.0394,,,,,
36.4830,cmd,,,,,0.00000,0.00000,,,
36.4830,status,,,,,,,CENTERED,,
36.4850,joint,,,,,,,,-0.17641,0.05522
36.5050,target,0.03738,-0.00180,0.037611,774.0374,,,,,
36.5317,cmd,,,,,0.00000,0.00000,,,
36.5321,status,,,,,,,CENTERED,,
36.5433,target,0.03290,0.00041,0.037589,774.0423,,,,,
36.5757,target,0.02860,0.00109,0.037693,774.0414,,,,,
36.5818,cmd,,,,,0.00000,0.00000,,,
36.5827,status,,,,,,,CENTERED,,
36.6064,target,0.02615,0.00202,0.037752,774.0387,,,,,
36.6319,cmd,,,,,0.00000,0.00000,,,
36.6320,status,,,,,,,CENTERED,,
36.6419,target,0.02671,0.00421,0.037669,774.0408,,,,,
36.6749,target,0.02993,0.00406,0.037706,774.0405,,,,,
36.6822,cmd,,,,,0.00000,0.00000,,,
36.6823,status,,,,,,,CENTERED,,
36.7064,target,0.03372,0.00455,0.037589,774.0387,,,,,
36.7320,cmd,,,,,0.00000,0.00000,,,
36.7335,status,,,,,,,CENTERED,,
36.7423,target,0.03779,0.00287,0.037539,774.0412,,,,,
36.7734,target,0.04145,0.00113,0.037530,774.0390,,,,,
36.7820,cmd,,,,,0.00000,0.00000,,,
36.7821,status,,,,,,,CENTERED,,
36.8075,target,0.04464,-0.00211,0.037554,774.0396,,,,,
36.8319,cmd,,,,,0.00000,0.00000,,,
36.8320,status,,,,,,,CENTERED,,
36.8466,target,0.04843,-0.00592,0.037444,774.0454,,,,,
36.8741,target,0.05079,-0.00903,0.037565,774.0396,,,,,
36.8820,cmd,,,,,-0.07618,0.00000,,,
36.8822,status,,,,,,,TRACKING,,
36.9073,target,0.05022,-0.01302,0.037548,774.0394,,,,,
36.9315,cmd,,,,,-0.07533,0.00000,,,
36.9335,status,,,,,,,TRACKING,,
36.9452,target,0.04968,-0.01627,0.037500,774.0440,,,,,
36.9740,target,0.04864,-0.02224,0.037405,774.0394,,,,,
36.9821,cmd,,,,,0.00000,0.00000,,,
36.9824,status,,,,,,,CENTERED,,
37.0069,target,0.04812,-0.03129,0.037303,774.0390,,,,,
37.0248,joint,,,,,,,,-0.18254,0.05522
37.0316,cmd,,,,,0.00000,0.00000,,,
37.0332,status,,,,,,,CENTERED,,
37.0449,target,0.04644,-0.04090,0.037246,774.0436,,,,,
37.0739,target,0.04380,-0.05075,0.037281,774.0392,,,,,
37.0826,cmd,,,,,0.00000,0.04060,,,
37.0827,status,,,,,,,TRACKING,,
37.1115,target,0.04146,-0.06106,0.037350,774.0434,,,,,
37.1315,cmd,,,,,0.00000,0.04885,,,
37.1331,status,,,,,,,TRACKING,,
37.1417,target,0.03927,-0.07139,0.037372,774.0403,,,,,
37.1753,target,0.03772,-0.08010,0.037441,774.0406,,,,,
37.1831,cmd,,,,,0.00000,0.06408,,,
37.1832,status,,,,,,,TRACKING,,
37.2069,target,0.03689,-0.08870,0.037420,774.0388,,,,,
37.2316,cmd,,,,,0.00000,0.07096,,,
37.2317,status,,,,,,,TRACKING,,
37.2444,target,0.03785,-0.09533,0.037164,774.0430,,,,,
37.2741,target,0.03906,-0.10126,0.037020,774.0392,,,,,
37.2815,cmd,,,,,0.00000,0.08101,,,
37.2816,status,,,,,,,TRACKING,,
37.3092,target,0.04074,-0.10532,0.036651,774.0410,,,,,
