run_id,time_s,frame_id,detected,ex,ey,area_ratio,state,command,command_tilt,command_unit
p4_normal_20261006_205250,2.5372,1791286947242490112,1,0.27799,-0.04593,0.012600,TRACKING,-0.41697,0.00000,rad/s
p4_normal_20261006_205250,2.5677,1791286947275847168,1,0.27810,-0.05007,0.012335,TRACKING,-0.41699,0.00000,rad/s
p4_normal_20261006_205250,2.6030,1791286947309204224,1,0.28037,-0.05364,0.012533,TRACKING,-0.41699,0.00000,rad/s
p4_normal_20261006_205250,2.6345,1791286947342561536,1,0.28008,-0.05951,0.012394,TRACKING,-0.42055,0.04291,rad/s
p4_normal_20261006_205250,2.6686,1791286947375918336,1,0.27976,-0.06043,0.012454,TRACKING,-0.42012,0.04760,rad/s
p4_normal_20261006_205250,2.7037,1791286947409275648,1,0.27629,-0.06279,0.011947,TRACKING,-0.42012,0.04760,rad/s
p4_normal_20261006_205250,2.7354,1791286947442632704,1,0.27553,-0.06312,0.011886,TRACKING,-0.41444,0.05023,rad/s
p4_normal_20261006_205250,2.7681,1791286947475990016,1,0.27524,-0.06147,0.012135,TRACKING,-0.41329,0.05049,rad/s
p4_normal_20261006_205250,2.8029,1791286947509347072,1,0.27409,-0.06131,0.011864,TRACKING,-0.41329,0.05049,rad/s
p4_normal_20261006_205250,2.8358,1791286947542704128,1,0.27353,-0.06021,0.011912,TRACKING,-0.41114,0.04905,rad/s
p4_normal_20261006_205250,2.8700,1791286947576061184,1,0.27238,-0.05763,0.011866,TRACKING,-0.41029,0.04817,rad/s
p4_normal_20261006_205250,2.9030,1791286947609418496,1,0.27238,-0.05004,0.011979,TRACKING,-0.41029,0.04817,rad/s
p4_normal_20261006_205250,2.9344,1791286947642775552,1,0.27253,-0.04314,0.012133,TRACKING,-0.40857,0.04003,rad/s
p4_normal_20261006_205250,2.9689,1791286947676132608,1,0.27330,-0.03851,0.012157,TRACKING,-0.40880,0.00000,rad/s
p4_normal_20261006_205250,3.0049,1791286947709489664,1,0.27496,-0.03343,0.012263,TRACKING,-0.40880,0.00000,rad/s
p4_normal_20261006_205250,3.0353,1791286947742846976,1,0.27674,-0.02859,0.012266,TRACKING,-0.41244,0.00000,rad/s
p4_normal_20261006_205250,3.0687,1791286947776203776,1,0.27794,-0.02731,0.012507,TRACKING,-0.41511,0.00000,rad/s
p4_normal_20261006_205250,3.1040,1791286947809561088,1,0.27869,-0.02504,0.012639,TRACKING,-0.41511,0.00000,rad/s
p4_normal_20261006_205250,3.1346,1791286947842918144,1,0.27834,-0.02949,0.012739,TRACKING,-0.41803,0.00000,rad/s
p4_normal_20261006_205250,3.1693,1791286947876275200,1,0.27724,-0.03015,0.012778,TRACKING,-0.41751,0.00000,rad/s
p4_normal_20261006_205250,3.2007,1791286947909632256,1,0.27550,-0.03416,0.012839,TRACKING,-0.41751,0.00000,rad/s
p4_normal_20261006_205250,3.2355,1791286947942989568,1,0.27332,-0.03402,0.012875,TRACKING,-0.41326,0.00000,rad/s
p4_normal_20261006_205250,3.2693,1791286947976346368,1,0.27026,-0.03686,0.012784,TRACKING,-0.40998,0.00000,rad/s
p4_normal_20261006_205250,3.3038,1791286948009703680,1,0.26665,-0.03896,0.012808,TRACKING,-0.40998,0.00000,rad/s
p4_normal_20261006_205250,3.3348,1791286948043060480,1,0.26250,-0.04195,0.012802,TRACKING,-0.39998,0.00000,rad/s
p4_normal_20261006_205250,3.3695,1791286948076417792,1,0.25785,-0.04410,0.012732,TRACKING,-0.39375,0.00000,rad/s
p4_normal_20261006_205250,3.4061,1791286948109775616,1,0.25312,-0.04648,0.012700,TRACKING,-0.39375,0.00000,rad/s
p4_normal_20261006_205250,3.4340,1791286948143133696,1,0.24708,-0.04790,0.012684,TRACKING,-0.37968,0.00000,rad/s
p4_normal_20261006_205250,3.4694,1791286948176491776,1,0.24161,-0.05035,0.012641,TRACKING,-0.37061,0.00000,rad/s
p4_normal_20261006_205250,3.5050,1791286948209849600,1,0.23555,-0.05442,0.012569,TRACKING,-0.37061,0.00000,rad/s
p4_normal_20261006_205250,3.5338,1791286948243207424,1,0.22979,-0.06057,0.012524,TRACKING,-0.35332,0.04354,rad/s
p4_normal_20261006_205250,3.5683,1791286948276565760,1,0.22272,-0.06746,0.012561,TRACKING,-0.34468,0.04846,rad/s
p4_normal_20261006_205250,3.6043,1791286948309923584,1,0.21689,-0.07838,0.012493,TRACKING,-0.34468,0.04846,rad/s
p4_normal_20261006_205250,3.6349,1791286948343281664,1,0.21011,-0.09017,0.012543,TRACKING,-0.32534,0.06271,rad/s
p4_normal_20261006_205250,3.6691,1791286948376639744,1,0.20297,-0.10170,0.012459,TRACKING,-0.31517,0.07214,rad/s
p4_normal_20261006_205250,3.7036,1791286948409997568,1,0.19348,-0.11121,0.012426,TRACKING,-0.31517,0.07214,rad/s
p4_normal_20261006_205250,3.7354,1791286948443355648,1,0.18217,-0.12180,0.012329,TRACKING,-0.29021,0.08897,rad/s
p4_normal_20261006_205250,3.7680,1791286948476713728,1,0.16733,-0.12806,0.012324,TRACKING,-0.27326,0.09744,rad/s
p4_normal_20261006_205250,3.8043,1791286948510071552,1,0.15077,-0.13124,0.012300,TRACKING,-0.27326,0.09744,rad/s
p4_normal_20261006_205250,3.8376,1791286948543429632,1,0.13345,-0.13077,0.012246,TRACKING,-0.22615,0.10500,rad/s
p4_normal_20261006_205250,3.8692,1791286948576787712,1,0.11649,-0.12876,0.012318,TRACKING,-0.20018,0.10462,rad/s
p4_normal_20261006_205250,3.9041,1791286948610145792,1,0.10057,-0.13330,0.012279,TRACKING,-0.20018,0.10462,rad/s
p4_normal_20261006_205250,3.9357,1791286948643503616,1,0.08594,-0.14346,0.012374,TRACKING,-0.15085,0.10664,rad/s
p4_normal_20261006_205250,3.9706,1791286948676861696,1,0.07158,-0.15315,0.012444,TRACKING,-0.12891,0.11477,rad/s
p4_normal_20261006_205250,4.0056,1791286948710219776,1,0.05711,-0.16265,0.012480,TRACKING,-0.12891,0.11477,rad/s
p4_normal_20261006_205250,4.0348,1791286948743577856,1,0.04453,-0.17920,0.012745,TRACKING,-0.08566,0.13012,rad/s
p4_normal_20261006_205250,4.0691,1791286948776935680,1,0.03441,-0.19622,0.012865,TRACKING,0.00000,0.14336,rad/s
p4_normal_20261006_205250,4.1032,1791286948810293760,1,0.02576,-0.21800,0.012977,TRACKING,0.00000,0.14336,rad/s
p4_normal_20261006_205250,4.1356,1791286948843651840,1,0.01865,-0.24401,0.013140,TRACKING,0.00000,0.17440,rad/s
p4_normal_20261006_205250,4.1696,1791286948877009664,1,0.01246,-0.27118,0.013388,TRACKING,0.00000,0.19521,rad/s
p4_normal_20261006_205250,4.2060,1791286948910368000,1,0.00710,-0.29454,0.013678,TRACKING,0.00000,0.19521,rad/s
p4_normal_20261006_205250,4.2336,1791286948943726080,1,0.00263,-0.31472,0.013813,TRACKING,0.00000,0.23563,rad/s
p4_normal_20261006_205250,4.2699,1791286948977083904,1,-0.00030,-0.33539,0.014039,TRACKING,0.00000,0.25178,rad/s
p4_normal_20261006_205250,4.3047,1791286949010442240,1,-0.00109,-0.35701,0.014269,TRACKING,0.00000,0.25178,rad/s
p4_normal_20261006_205250,4.3354,1791286949043800064,1,-0.00023,-0.37979,0.014451,TRACKING,0.00000,0.28561,rad/s
p4_normal_20261006_205250,4.3707,1791286949077158144,1,0.00281,-0.39659,0.014696,TRACKING,0.00000,0.30383,rad/s
p4_normal_20261006_205250,4.4059,1791286949110514688,1,0.00510,-0.41529,0.014985,TRACKING,0.00000,0.30383,rad/s
p4_normal_20261006_205250,4.4349,1791286949143871232,1,0.00876,-0.42980,0.015336,TRACKING,0.00000,0.33224,rad/s
p4_normal_20261006_205250,4.4699,1791286949177228032,1,0.01251,-0.44154,0.015341,TRACKING,0.00000,0.34384,rad/s
p4_normal_20261006_205250,4.5067,1791286949210584832,1,0.01600,-0.45819,0.015736,TRACKING,0.00000,0.34384,rad/s
p4_normal_20261006_205250,4.5338,1791286949243941120,1,0.01951,-0.46817,0.016029,TRACKING,0.00000,0.36655,rad/s
p4_normal_20261006_205250,4.5692,1791286949277297920,1,0.02252,-0.47676,0.016504,TRACKING,0.00000,0.37454,rad/s
p4_normal_20261006_205250,4.6024,1791286949310654464,1,0.02306,-0.47906,0.016873,TRACKING,0.00000,0.37454,rad/s
p4_normal_20261006_205250,4.6374,1791286949344011008,1,0.02287,-0.48422,0.017107,TRACKING,0.00000,0.38325,rad/s
p4_normal_20261006_205250,4.6697,1791286949377367552,1,0.02144,-0.48133,0.017407,TRACKING,0.00000,0.38738,rad/s
p4_normal_20261006_205250,4.7055,1791286949410724096,1,0.02123,-0.48030,0.017561,TRACKING,0.00000,0.38738,rad/s
p4_normal_20261006_205250,4.7357,1791286949444080896,1,0.01962,-0.48577,0.017676,TRACKING,0.00000,0.38424,rad/s
p4_normal_20261006_205250,4.7706,1791286949477437184,1,0.01758,-0.48537,0.017832,TRACKING,0.00000,0.38862,rad/s
p4_normal_20261006_205250,4.8044,1791286949510793984,1,0.01469,-0.48630,0.018040,TRACKING,0.00000,0.38862,rad/s
p4_normal_20261006_205250,4.8346,1791286949544150272,1,0.00970,-0.48086,0.018043,TRACKING,0.00000,0.38904,rad/s
p4_normal_20261006_205250,4.8704,1791286949577507072,1,0.00383,-0.47765,0.018166,TRACKING,0.00000,0.38469,rad/s
p4_normal_20261006_205250,4.9033,1791286949610863616,1,-0.00352,-0.47038,0.018344,TRACKING,0.00000,0.38469,rad/s
p4_normal_20261006_205250,4.9359,1791286949644219904,1,-0.01070,-0.46136,0.018824,TRACKING,0.00000,0.37631,rad/s
p4_normal_20261006_205250,4.9706,1791286949677576704,1,-0.02012,-0.45053,0.019332,TRACKING,0.00000,0.36909,rad/s
p4_normal_20261006_205250,5.0044,1791286949710932992,1,-0.03156,-0.44112,0.019833,TRACKING,0.00000,0.36909,rad/s
p4_normal_20261006_205250,5.0360,1791286949744289536,1,-0.04533,-0.42367,0.020195,TRACKING,0.00000,0.35290,rad/s
p4_normal_20261006_205250,5.0706,1791286949777646080,1,-0.06198,-0.40260,0.020482,TRACKING,0.00000,0.33894,rad/s
p4_normal_20261006_205250,5.1023,1791286949811002368,1,-0.07940,-0.37954,0.021128,TRACKING,0.00000,0.33894,rad/s
p4_normal_20261006_205250,5.1361,1791286949844359168,1,-0.09724,-0.34482,0.021571,TRACKING,0.11910,0.30363,rad/s
p4_normal_20261006_205250,5.1700,1791286949877715456,1,-0.11640,-0.31464,0.022038,TRACKING,0.14585,0.27585,rad/s
p4_normal_20261006_205250,5.2066,1791286949911072000,1,-0.13535,-0.27854,0.022446,TRACKING,0.14585,0.27585,rad/s
p4_normal_20261006_205250,5.2357,1791286949944428544,1,-0.15420,-0.24216,0.022741,TRACKING,0.20303,0.22283,rad/s
p4_normal_20261006_205250,5.2704,1791286949977784832,1,-0.17466,-0.20717,0.022893,TRACKING,0.23131,0.19373,rad/s
p4_normal_20261006_205250,5.3024,1791286950011141376,1,-0.19667,-0.17717,0.022743,TRACKING,0.23131,0.19373,rad/s
p4_normal_20261006_205250,5.3357,1791286950044497920,1,-0.21912,-0.14648,0.022103,TRACKING,0.29500,0.14174,rad/s
p4_normal_20261006_205250,5.3732,1791286950077854208,1,-0.24133,-0.11902,0.021330,TRACKING,0.32868,0.11718,rad/s
p4_normal_20261006_205250,5.4057,1791286950111212544,1,-0.26446,-0.09024,0.020258,TRACKING,0.32868,0.11718,rad/s
p4_normal_20261006_205250,5.4367,1791286950144570880,1,-0.28686,-0.06416,0.019614,TRACKING,0.39668,0.07219,rad/s
p4_normal_20261006_205250,5.4717,1791286950177929216,1,-0.30970,-0.03959,0.017222,TRACKING,0.43030,0.05133,rad/s
p4_normal_20261006_205250,5.5071,1791286950211287552,1,-0.32620,-0.01547,0.014006,TRACKING,0.43030,0.05133,rad/s
p4_normal_20261006_205250,5.5350,1791286950244645632,1,-0.34210,-0.00337,0.010293,TRACKING,0.48930,0.00000,rad/s
p4_normal_20261006_205250,5.5716,1791286950278004224,1,-0.35668,-0.04723,0.004965,TRACKING,0.51315,0.00000,rad/s
p4_normal_20261006_205250,5.6026,1791286950311362560,0,,,0.000000,TRACKING,0.51315,0.00000,rad/s
p4_normal_20261006_205250,5.6352,1791286950344720896,0,,,0.000000,LOST,0.00000,0.00000,rad/s
p4_normal_20261006_205250,5.6691,1791286950378078976,0,,,0.000000,LOST,0.00000,0.00000,rad/s
p4_normal_20261006_205250,5.7059,1791286950411437568,0,,,0.000000,LOST,0.00000,0.00000,rad/s
p4_normal_20261006_205250,5.7334,1791286950444795904,0,,,0.000000,LOST,0.00000,0.00000,rad/s
p4_normal_20261006_205250,5.7706,1791286950478154240,0,,,0.000000,LOST,0.00000,0.00000,rad/s
p4_normal_20261006_205250,5.8054,1791286950511512576,0,,,0.000000,LOST,0.00000,0.00000,rad/s
p4_normal_20261006_205250,5.8356,1791286950544871168,0,,,0.000000,LOST,0.00000,0.00000,rad/s
p4_normal_20261006_205250,5.8714,1791286950578229504,0,,,0.000000,LOST,0.00000,0.00000,rad/s
p4_normal_20261006_205250,5.9053,1791286950611587840,0,,,0.000000,LOST,0.00000,0.00000,rad/s
p4_normal_20261006_205250,5.9374,1791286950644946176,0,,,0.000000,LOST,0.00000,0.00000,rad/s
p4_normal_20261006_205250,5.9715,1791286950678304768,0,,,0.000000,LOST,0.00000,0.00000,rad/s
p4_normal_20261006_205250,6.0066,1791286950711663104,0,,,0.000000,LOST,0.00000,0.00000,rad/s
p4_normal_20261006_205250,6.0336,1791286950745021440,0,,,0.000000,LOST,0.00000,0.00000,rad/s
p4_normal_20261006_205250,6.0688,1791286950778379776,0,,,0.000000,LOST,0.00000,0.00000,rad/s
p4_normal_20261006_205250,6.1032,1791286950811738368,0,,,0.000000,LOST,0.00000,0.00000,rad/s
p4_normal_20261006_205250,6.1376,1791286950845096704,0,,,0.000000,LOST,0.00000,0.00000,rad/s
p4_normal_20261006_205250,6.1689,1791286950878455040,0,,,0.000000,LOST,0.00000,0.00000,rad/s
p4_normal_20261006_205250,6.2032,1791286950911813376,0,,,0.000000,LOST,0.00000,0.00000,rad/s
p4_normal_20261006_205250,6.2339,1791286950945171968,0,,,0.000000,LOST,0.00000,0.00000,rad/s
p4_normal_20261006_205250,6.2702,1791286950978530560,0,,,0.000000,LOST,0.00000,0.00000,rad/s
p4_normal_20261006_205250,6.3059,1791286951011888896,0,,,0.000000,LOST,0.00000,0.00000,rad/s
p4_normal_20261006_205250,6.3357,1791286951045247232,0,,,0.000000,LOST,0.00000,0.00000,rad/s
p4_normal_20261006_205250,6.3688,1791286951078605824,0,,,0.000000,LOST,0.00000,0.00000,rad/s
p4_normal_20261006_205250,6.4059,1791286951111962624,0,,,0.000000,LOST,0.00000,0.00000,rad/s
p4_normal_20261006_205250,6.4363,1791286951145319680,0,,,0.000000,LOST,0.00000,0.00000,rad/s
p4_normal_20261006_205250,6.4723,1791286951178676480,0,,,0.000000,LOST,0.00000,0.00000,rad/s
p4_normal_20261006_205250,6.5061,1791286951212033536,0,,,0.000000,LOST,0.00000,0.00000,rad/s
p4_normal_20261006_205250,6.5360,1791286951245390336,0,,,0.000000,LOST,0.00000,0.00000,rad/s
p4_normal_20261006_205250,6.5725,1791286951278747392,0,,,0.000000,LOST,0.00000,0.00000,rad/s
p4_normal_20261006_205250,6.6064,1791286951312104192,0,,,0.000000,LOST,0.00000,0.00000,rad/s
p4_normal_20261006_205250,6.6365,1791286951345461248,0,,,0.000000,LOST,0.00000,0.00000,rad/s
p4_normal_20261006_205250,6.6703,1791286951378818048,0,,,0.000000,LOST,0.00000,0.00000,rad/s
p4_normal_20261006_205250,6.7079,1791286951412175104,0,,,0.000000,LOST,0.00000,0.00000,rad/s
p4_normal_20261006_205250,6.7361,1791286951445531904,1,-0.35005,0.16639,0.004859,LOST,0.00000,0.00000,rad/s
p4_normal_20261006_205250,6.7726,1791286951478888960,1,-0.32702,0.18665,0.007678,LOST,0.00000,0.00000,rad/s
p4_normal_20261006_205250,6.8071,1791286951512245760,1,-0.31362,0.18854,0.008943,LOST,0.00000,0.00000,rad/s
p4_normal_20261006_205250,6.8381,1791286951545602816,1,-0.30257,0.20585,0.011706,TRACKING,0.47043,-0.15083,rad/s
p4_normal_20261006_205250,6.8723,1791286951578959616,1,-0.29783,0.19931,0.012454,TRACKING,0.45386,-0.16468,rad/s
p4_normal_20261006_205250,6.9061,1791286951612316672,1,-0.29446,0.18552,0.012188,TRACKING,0.45386,-0.16468,rad/s
p4_normal_20261006_205250,6.9370,1791286951645673472,1,-0.29298,0.16485,0.012133,TRACKING,0.44169,-0.14842,rad/s
p4_normal_20261006_205250,6.9729,1791286951679030272,1,-0.29401,0.14186,0.011517,TRACKING,0.43948,-0.13188,rad/s
p4_normal_20261006_205250,7.0076,1791286951712387328,1,-0.29420,0.11920,0.011838,TRACKING,0.43948,-0.13188,rad/s
p4_normal_20261006_205250,7.0389,1791286951745744128,1,-0.30128,0.06356,0.010406,TRACKING,0.44131,-0.09536,rad/s
p4_normal_20261006_205250,7.0728,1791286951779101184,1,-0.30544,0.03251,0.010421,TRACKING,0.45192,-0.05085,rad/s
p4_normal_20261006_205250,7.1056,1791286951812457728,1,-0.30797,0.00412,0.010043,TRACKING,0.45192,-0.05085,rad/s
p4_normal_20261006_205250,7.1373,1791286951845814784,1,-0.30983,-0.03399,0.009399,TRACKING,0.46195,0.00000,rad/s
p4_normal_20261006_205250,7.1716,1791286951879171584,1,-0.31313,-0.07453,0.009891,TRACKING,0.46475,0.00000,rad/s
p4_normal_20261006_205250,7.2082,1791286951912528640,1,-0.31482,-0.10961,0.010154,TRACKING,0.46475,0.00000,rad/s
p4_normal_20261006_205250,7.2356,1791286951945885184,1,-0.31245,-0.14072,0.009379,TRACKING,0.47223,0.08769,rad/s
p4_normal_20261006_205250,7.2710,1791286951979242240,1,-0.31313,-0.17814,0.009774,TRACKING,0.46868,0.11258,rad/s
p4_normal_20261006_205250,7.3052,1791286952012599040,1,-0.31088,-0.19088,0.009761,TRACKING,0.46868,0.11258,rad/s
p4_normal_20261006_205250,7.3366,1791286952045955840,1,-0.31019,-0.20195,0.009792,TRACKING,0.46632,0.15271,rad/s
p4_normal_20261006_205250,7.3720,1791286952079312640,1,-0.30891,-0.20476,0.008984,TRACKING,0.46529,0.16156,rad/s
p4_normal_20261006_205250,7.4059,1791286952112670464,1,-0.30707,-0.20415,0.007619,TRACKING,0.46529,0.16156,rad/s
p4_normal_20261006_205250,7.4367,1791286952146028032,0,,,0.000000,TRACKING,0.46060,0.16332,rad/s
p4_normal_20261006_205250,7.4719,1791286952179385856,0,,,0.000000,LOST,0.00000,0.00000,rad/s
p4_normal_20261006_205250,7.5080,1791286952212743680,0,,,0.000000,LOST,0.00000,0.00000,rad/s
p4_normal_20261006_205250,7.5359,1791286952246101248,0,,,0.000000,LOST,0.00000,0.00000,rad/s
p4_normal_20261006_205250,7.5704,1791286952279459072,0,,,0.000000,LOST,0.00000,0.00000,rad/s
p4_normal_20261006_205250,7.6075,1791286952312816640,0,,,0.000000,LOST,0.00000,0.00000,rad/s
p4_normal_20261006_205250,7.6360,1791286952346174208,0,,,0.000000,LOST,0.00000,0.00000,rad/s
p4_normal_20261006_205250,7.6735,1791286952379532032,0,,,0.000000,LOST,0.00000,0.00000,rad/s
p4_normal_20261006_205250,7.7043,1791286952412889600,0,,,0.000000,LOST,0.00000,0.00000,rad/s
p4_normal_20261006_205250,7.7364,1791286952446247424,0,,,0.000000,LOST,0.00000,0.00000,rad/s
p4_normal_20261006_205250,7.7688,1791286952479605248,0,,,0.000000,LOST,0.00000,0.00000,rad/s
p4_normal_20261006_205250,7.8073,1791286952512962816,0,,,0.000000,LOST,0.00000,0.00000,rad/s
p4_normal_20261006_205250,7.8348,1791286952546320640,0,,,0.000000,LOST,0.00000,0.00000,rad/s
p4_normal_20261006_205250,7.8696,1791286952579678208,0,,,0.000000,LOST,0.00000,0.00000,rad/s
p4_normal_20261006_205250,7.9055,1791286952613035776,0,,,0.000000,LOST,0.00000,0.00000,rad/s
p4_normal_20261006_205250,7.9356,1791286952646393600,0,,,0.000000,LOST,0.00000,0.00000,rad/s
p4_normal_20261006_205250,7.9706,1791286952679751168,0,,,0.000000,LOST,0.00000,0.00000,rad/s
p4_normal_20261006_205250,8.0070,1791286952713108992,0,,,0.000000,LOST,0.00000,0.00000,rad/s
p4_normal_20261006_205250,8.0355,1791286952746466816,0,,,0.000000,LOST,0.00000,0.00000,rad/s
p4_normal_20261006_205250,8.0706,1791286952779824384,0,,,0.000000,LOST,0.00000,0.00000,rad/s
p4_normal_20261006_205250,8.1077,1791286952813182208,0,,,0.000000,LOST,0.00000,0.00000,rad/s
p4_normal_20261006_205250,8.1377,1791286952846539776,1,-0.34275,-0.07883,0.007611,LOST,0.00000,0.00000,rad/s
p4_normal_20261006_205250,8.1726,1791286952879897344,1,-0.28965,0.06466,0.005627,LOST,0.00000,0.00000,rad/s
p4_normal_20261006_205250,8.2081,1791286952913255168,0,,,0.000000,LOST,0.00000,0.00000,rad/s
p4_normal_20261006_205250,8.2370,1791286952946612736,0,,,0.000000,LOST,0.00000,0.00000,rad/s
p4_normal_20261006_205250,8.2727,1791286952979970560,0,,,0.000000,LOST,0.00000,0.00000,rad/s
p4_normal_20261006_205250,8.3070,1791286953013328384,0,,,0.000000,LOST,0.00000,0.00000,rad/s
p4_normal_20261006_205250,8.3401,1791286953046685952,0,,,0.000000,LOST,0.00000,0.00000,rad/s
p4_normal_20261006_205250,8.3713,1791286953080043776,1,-0.14633,0.18579,0.008466,LOST,0.00000,0.00000,rad/s
p4_normal_20261006_205250,8.4072,1791286953113401600,1,-0.13473,0.20875,0.010425,LOST,0.00000,0.00000,rad/s
p4_normal_20261006_205250,8.4386,1791286953146759680,1,-0.12263,0.22076,0.011658,LOST,0.00000,0.00000,rad/s
p4_normal_20261006_205250,8.4732,1791286953180117760,1,-0.11702,0.21978,0.012728,TRACKING,0.18395,-0.17661,rad/s
p4_normal_20261006_205250,8.5068,1791286953213475840,1,-0.10826,0.21840,0.013129,TRACKING,0.18395,-0.17661,rad/s
p4_normal_20261006_205250,8.5412,1791286953246833664,1,-0.10053,0.21855,0.013937,TRACKING,0.16238,-0.17472,rad/s
p4_normal_20261006_205250,8.5726,1791286953280192000,1,-0.09529,0.21112,0.015020,TRACKING,0.15079,-0.17484,rad/s
p4_normal_20261006_205250,8.6093,1791286953313549824,1,-0.08540,0.20521,0.016979,TRACKING,0.15079,-0.17484,rad/s
p4_normal_20261006_205250,8.6366,1791286953346907904,1,-0.07744,0.19637,0.017817,TRACKING,0.14294,-0.16890,rad/s
p4_normal_20261006_205250,8.6718,1791286953380265984,1,-0.06789,0.17783,0.019685,TRACKING,0.11616,-0.15710,rad/s
p4_normal_20261006_205250,8.7080,1791286953413624064,1,-0.06297,0.16617,0.020818,TRACKING,0.11616,-0.15710,rad/s
p4_normal_20261006_205250,8.7401,1791286953446981888,1,-0.05610,0.13204,0.022157,TRACKING,0.09446,-0.13294,rad/s
p4_normal_20261006_205250,8.7731,1791286953480339968,1,-0.04866,0.10233,0.024251,TRACKING,0.08416,-0.10563,rad/s
p4_normal_20261006_205250,8.8104,1791286953513698048,1,-0.04294,0.08345,0.024683,TRACKING,0.08416,-0.10563,rad/s
p4_normal_20261006_205250,8.8377,1791286953547056128,1,-0.03766,0.06898,0.025226,TRACKING,0.00000,-0.08187,rad/s
p4_normal_20261006_205250,8.8730,1791286953580413952,1,-0.03504,0.05581,0.025977,TRACKING,0.00000,-0.05518,rad/s
p4_normal_20261006_205250,8.9067,1791286953613772288,1,-0.03121,0.04242,0.026035,TRACKING,0.00000,-0.05518,rad/s
p4_normal_20261006_205250,8.9382,1791286953647130112,1,-0.02852,0.02943,0.026493,CENTERED,0.00000,0.00000,rad/s
p4_normal_20261006_205250,8.9747,1791286953680488192,1,-0.02746,0.01744,0.026727,CENTERED,0.00000,0.00000,rad/s
p4_normal_20261006_205250,9.0072,1791286953713846272,1,-0.02846,0.00901,0.027057,CENTERED,0.00000,0.00000,rad/s
p4_normal_20261006_205250,9.0380,1791286953747204352,1,-0.03023,0.00867,0.026217,CENTERED,0.00000,0.00000,rad/s
p4_normal_20261006_205250,9.0733,1791286953780562176,1,-0.03554,0.00033,0.026306,CENTERED,0.00000,0.00000,rad/s
p4_normal_20261006_205250,9.1058,1791286953813920512,1,-0.04048,0.00116,0.025516,CENTERED,0.00000,0.00000,rad/s
p4_normal_20261006_205250,9.1384,1791286953847278336,1,-0.04558,0.00060,0.024711,CENTERED,0.00000,0.00000,rad/s
p4_normal_20261006_205250,9.1736,1791286953880636416,1,-0.04606,0.01692,0.021558,CENTERED,0.00000,0.00000,rad/s
p4_normal_20261006_205250,9.2061,1791286953913994496,1,-0.04609,0.00777,0.018116,CENTERED,0.00000,0.00000,rad/s
p4_normal_20261006_205250,9.2409,1791286953947352576,1,-0.05708,-0.00315,0.017387,CENTERED,0.00000,0.00000,rad/s
p4_normal_20261006_205250,9.2737,1791286953980710400,1,-0.07121,-0.02064,0.016918,TRACKING,0.08563,0.00000,rad/s
p4_normal_20261006_205250,9.3097,1791286954014068480,1,-0.08875,-0.03791,0.017092,TRACKING,0.08563,0.00000,rad/s
p4_normal_20261006_205250,9.3386,1791286954047426560,1,-0.11014,-0.04924,0.018079,TRACKING,0.10682,0.00000,rad/s
p4_normal_20261006_205250,9.3716,1791286954080784640,1,-0.13165,-0.05788,0.018837,TRACKING,0.16521,0.00000,rad/s
p4_normal_20261006_205250,9.4075,1791286954114142976,1,-0.15308,-0.07042,0.018952,TRACKING,0.16521,0.00000,rad/s
p4_normal_20261006_205250,9.4387,1791286954147501568,1,-0.17804,-0.08430,0.019939,TRACKING,0.22962,0.05634,rad/s
p4_normal_20261006_205250,9.4741,1791286954180859904,1,-0.20350,-0.09260,0.020679,TRACKING,0.26706,0.06744,rad/s
p4_normal_20261006_205250,9.5072,1791286954214218240,1,-0.22983,-0.10087,0.021766,TRACKING,0.26706,0.06744,rad/s
p4_normal_20261006_205250,9.5375,1791286954247576576,1,-0.25389,-0.10200,0.022791,TRACKING,0.34474,0.08070,rad/s
p4_normal_20261006_205250,9.5721,1791286954280935168,1,-0.27856,-0.10647,0.023778,TRACKING,0.38084,0.08160,rad/s
p4_normal_20261006_205250,9.6080,1791286954314293760,1,-0.30148,-0.11534,0.024735,TRACKING,0.38084,0.08160,rad/s
p4_normal_20261006_205250,9.6389,1791286954347652096,1,-0.32382,-0.11176,0.025799,TRACKING,0.45222,0.09227,rad/s
p4_normal_20261006_205250,9.6746,1791286954381010432,1,-0.34641,-0.11405,0.026521,TRACKING,0.48573,0.08941,rad/s
p4_normal_20261006_205250,9.7079,1791286954414369024,1,-0.37076,-0.12137,0.024983,TRACKING,0.48573,0.08941,rad/s
p4_normal_20261006_205250,9.7390,1791286954447727360,1,-0.38837,-0.11506,0.023828,TRACKING,0.55613,0.09709,rad/s
p4_normal_20261006_205250,9.7757,1791286954481085952,1,-0.40112,-0.09580,0.022452,TRACKING,0.58255,0.09205,rad/s
p4_normal_20261006_205250,9.8080,1791286954514444288,1,-0.41211,-0.08294,0.021704,TRACKING,0.58255,0.09205,rad/s
p4_normal_20261006_205250,9.8389,1791286954547802624,1,-0.41894,-0.06666,0.020844,TRACKING,0.60000,0.06635,rad/s
p4_normal_20261006_205250,9.8740,1791286954581161216,1,-0.42354,-0.02540,0.019987,TRACKING,0.60000,0.05333,rad/s
p4_normal_20261006_205250,9.9086,1791286954614519552,1,-0.42140,0.02444,0.018364,TRACKING,0.60000,0.05333,rad/s
p4_normal_20261006_205250,9.9416,1791286954647878144,1,-0.42600,0.06554,0.019032,TRACKING,0.60000,0.00000,rad/s
p4_normal_20261006_205250,9.9744,1791286954681236480,1,-0.43030,0.13841,0.017003,TRACKING,0.60000,-0.05243,rad/s
p4_normal_20261006_205250,10.0084,1791286954714595072,1,-0.42535,0.33283,0.010807,TRACKING,0.60000,-0.05243,rad/s
p4_normal_20261006_205250,10.0404,1791286954747953408,1,-0.41383,0.42208,0.009338,TRACKING,0.60000,-0.11073,rad/s
p4_normal_20261006_205250,10.0751,1791286954781312000,0,,,0.000000,TRACKING,0.60000,-0.33766,rad/s
p4_normal_20261006_205250,10.1085,1791286954814670336,0,,,0.000000,TRACKING,0.60000,-0.33766,rad/s
p4_normal_20261006_205250,10.1371,1791286954848028928,0,,,0.000000,LOST,0.00000,0.00000,rad/s
p4_normal_20261006_205250,10.1712,1791286954881387520,0,,,0.000000,LOST,0.00000,0.00000,rad/s
p4_normal_20261006_205250,10.2067,1791286954914745856,0,,,0.000000,LOST,0.00000,0.00000,rad/s
p4_normal_20261006_205250,10.2375,1791286954948104192,0,,,0.000000,LOST,0.00000,0.00000,rad/s
p4_normal_20261006_205250,10.2727,1791286954981462784,0,,,0.000000,LOST,0.00000,0.00000,rad/s
p4_normal_20261006_205250,10.3069,1791286955014821376,0,,,0.000000,LOST,0.00000,0.00000,rad/s
p4_normal_20261006_205250,10.3391,1791286955048179712,0,,,0.000000,LOST,0.00000,0.00000,rad/s
p4_normal_20261006_205250,10.3732,1791286955081538048,0,,,0.000000,LOST,0.00000,0.00000,rad/s
p4_normal_20261006_205250,10.4061,1791286955114894848,0,,,0.000000,LOST,0.00000,0.00000,rad/s
p4_normal_20261006_205250,10.4384,1791286955148251392,0,,,0.000000,LOST,0.00000,0.00000,rad/s
p4_normal_20261006_205250,10.4720,1791286955181608192,0,,,0.000000,LOST,0.00000,0.00000,rad/s
p4_normal_20261006_205250,10.5081,1791286955214964480,0,,,0.000000,LOST,0.00000,0.00000,rad/s
p4_normal_20261006_205250,10.5416,1791286955248321280,0,,,0.000000,LOST,0.00000,0.00000,rad/s
p4_normal_20261006_205250,10.5735,1791286955281678080,0,,,0.000000,LOST,0.00000,0.00000,rad/s
p4_normal_20261006_205250,10.6099,1791286955315034368,0,,,0.000000,LOST,0.00000,0.00000,rad/s
p4_normal_20261006_205250,10.6386,1791286955348391168,0,,,0.000000,LOST,0.00000,0.00000,rad/s
p4_normal_20261006_205250,10.6730,1791286955381747712,0,,,0.000000,LOST,0.00000,0.00000,rad/s
p4_normal_20261006_205250,10.7072,1791286955415104256,0,,,0.000000,LOST,0.00000,0.00000,rad/s
p4_normal_20261006_205250,10.7389,1791286955448461056,0,,,0.000000,LOST,0.00000,0.00000,rad/s
p4_normal_20261006_205250,10.7729,1791286955481817600,0,,,0.000000,LOST,0.00000,0.00000,rad/s
p4_normal_20261006_205250,10.8071,1791286955515174144,0,,,0.000000,LOST,0.00000,0.00000,rad/s
p4_normal_20261006_205250,10.8403,1791286955548530688,0,,,0.000000,LOST,0.00000,0.00000,rad/s
p4_normal_20261006_205250,10.8733,1791286955581887232,0,,,0.000000,LOST,0.00000,0.00000,rad/s
p4_normal_20261006_205250,10.9099,1791286955615243776,0,,,0.000000,LOST,0.00000,0.00000,rad/s
p4_normal_20261006_205250,10.9380,1791286955648600576,0,,,0.000000,LOST,0.00000,0.00000,rad/s
p4_normal_20261006_205250,10.9728,1791286955681957120,0,,,0.000000,LOST,0.00000,0.00000,rad/s
p4_normal_20261006_205250,11.0116,1791286955715313664,0,,,0.000000,LOST,0.00000,0.00000,rad/s
p4_normal_20261006_205250,11.0377,1791286955748670208,0,,,0.000000,LOST,0.00000,0.00000,rad/s
p4_normal_20261006_205250,11.0735,1791286955782026752,0,,,0.000000,LOST,0.00000,0.00000,rad/s
p4_normal_20261006_205250,11.1112,1791286955815383296,0,,,0.000000,LOST,0.00000,0.00000,rad/s
p4_normal_20261006_205250,11.1412,1791286955848740096,0,,,0.000000,LOST,0.00000,0.00000,rad/s
p4_normal_20261006_205250,11.1753,1791286955882096384,1,-0.27544,0.38222,0.005864,LOST,0.00000,0.00000,rad/s
p4_normal_20261006_205250,11.2114,1791286955915453184,1,-0.24256,0.22447,0.010317,LOST,0.00000,0.00000,rad/s
p4_normal_20261006_205250,11.2428,1791286955948809472,1,-0.19403,0.19353,0.012695,LOST,0.00000,0.00000,rad/s
p4_normal_20261006_205250,11.2731,1791286955982166016,1,-0.15441,0.17771,0.014193,TRACKING,0.29105,-0.15483,rad/s
p4_normal_20261006_205250,11.3096,1791286956015522816,1,-0.12130,0.15633,0.014863,TRACKING,0.29105,-0.15483,rad/s
p4_normal_20261006_205250,11.3423,1791286956048879104,1,-0.09791,0.13702,0.014147,TRACKING,0.23161,-0.14217,rad/s
p4_normal_20261006_205250,11.3744,1791286956082235904,1,-0.08025,0.11341,0.013147,TRACKING,0.14687,-0.10962,rad/s
p4_normal_20261006_205250,11.4092,1791286956115592960,1,-0.07137,0.09596,0.013006,TRACKING,0.14687,-0.10962,rad/s
p4_normal_20261006_205250,11.4426,1791286956148950528,1,-0.06701,0.07386,0.013058,TRACKING,0.12038,-0.09073,rad/s
p4_normal_20261006_205250,11.4752,1791286956182307840,1,-0.06475,0.05640,0.013086,TRACKING,0.10051,-0.05909,rad/s
p4_normal_20261006_205250,11.5112,1791286956215665408,1,-0.06478,0.04618,0.012982,TRACKING,0.09712,-0.04512,rad/s
p4_normal_20261006_205250,11.5434,1791286956249022720,1,-0.06818,0.03626,0.012995,TRACKING,0.09712,-0.04512,rad/s
p4_normal_20261006_205250,11.5733,1791286956282379776,1,-0.07280,0.03143,0.013305,TRACKING,0.10226,0.00000,rad/s
p4_normal_20261006_205250,11.6119,1791286956315737344,1,-0.07861,0.02356,0.013333,TRACKING,0.10919,0.00000,rad/s
p4_normal_20261006_205250,11.6416,1791286956349094656,1,-0.08627,0.01382,0.013572,TRACKING,0.10919,0.00000,rad/s
p4_normal_20261006_205250,11.6752,1791286956382452224,1,-0.09502,0.00755,0.013913,TRACKING,0.12941,0.00000,rad/s
p4_normal_20261006_205250,11.7087,1791286956415809536,1,-0.10464,0.00392,0.014149,TRACKING,0.12941,0.00000,rad/s
p4_normal_20261006_205250,11.7427,1791286956449166848,1,-0.11643,0.00360,0.014586,TRACKING,0.14252,0.00000,rad/s
p4_normal_20261006_205250,11.7766,1791286956482524160,1,-0.12939,-0.00606,0.014462,TRACKING,0.17464,0.00000,rad/s
p4_normal_20261006_205250,11.8099,1791286956515881472,1,-0.14437,-0.02269,0.013895,TRACKING,0.17464,0.00000,rad/s
p4_normal_20261006_205250,11.8430,1791286956549239040,1,-0.15775,-0.03884,0.012873,TRACKING,0.19409,0.00000,rad/s
p4_normal_20261006_205250,11.8761,1791286956582596352,1,-0.17028,-0.05352,0.011630,TRACKING,0.23663,0.00000,rad/s
p4_normal_20261006_205250,11.9130,1791286956615953920,1,-0.18579,-0.06771,0.010920,TRACKING,0.25542,0.04281,rad/s
p4_normal_20261006_205250,11.9424,1791286956649310976,1,-0.20507,-0.08749,0.011046,TRACKING,0.25542,0.04281,rad/s
p4_normal_20261006_205250,11.9760,1791286956682668544,1,-0.22508,-0.08967,0.011684,TRACKING,0.30760,0.06999,rad/s
p4_normal_20261006_205250,12.0123,1791286956716025856,1,-0.24622,-0.08987,0.012852,TRACKING,0.33762,0.07174,rad/s
p4_normal_20261006_205250,12.0428,1791286956749383424,1,-0.26770,-0.08381,0.013978,TRACKING,0.33762,0.07174,rad/s
p4_normal_20261006_205250,12.0755,1791286956782740736,1,-0.29022,-0.08512,0.014590,TRACKING,0.40155,0.06705,rad/s
p4_normal_20261006_205250,12.1127,1791286956816098048,1,-0.30974,-0.08621,0.013663,TRACKING,0.43533,0.06809,rad/s
p4_normal_20261006_205250,12.1419,1791286956849455616,1,-0.32929,-0.08793,0.012483,TRACKING,0.43533,0.06809,rad/s
p4_normal_20261006_205250,12.1757,1791286956882812928,1,-0.34941,-0.06753,0.010341,TRACKING,0.49394,0.07034,rad/s
p4_normal_20261006_205250,12.2105,1791286956916170496,1,-0.37180,-0.00639,0.007448,TRACKING,0.49394,0.07034,rad/s
p4_normal_20261006_205250,12.2427,1791286956949527808,0,,,0.000000,TRACKING,0.52412,0.05403,rad/s
p4_normal_20261006_205250,12.2752,1791286956982885376,0,,,0.000000,LOST,0.00000,0.00000,rad/s
p4_normal_20261006_205250,12.3113,1791286957016242688,0,,,0.000000,LOST,0.00000,0.00000,rad/s
p4_normal_20261006_205250,12.3410,1791286957049600000,0,,,0.000000,LOST,0.00000,0.00000,rad/s
p4_normal_20261006_205250,12.3760,1791286957082957568,0,,,0.000000,LOST,0.00000,0.00000,rad/s
p4_normal_20261006_205250,12.4111,1791286957116314112,0,,,0.000000,LOST,0.00000,0.00000,rad/s
p4_normal_20261006_205250,12.4428,1791286957149670912,0,,,0.000000,LOST,0.00000,0.00000,rad/s
p4_normal_20261006_205250,12.4759,1791286957183027712,0,,,0.000000,LOST,0.00000,0.00000,rad/s
p4_normal_20261006_205250,12.5122,1791286957216384256,0,,,0.000000,LOST,0.00000,0.00000,rad/s
p4_normal_20261006_205250,12.5417,1791286957249741056,0,,,0.000000,LOST,0.00000,0.00000,rad/s
p4_normal_20261006_205250,12.5759,1791286957283097600,0,,,0.000000,LOST,0.00000,0.00000,rad/s
p4_normal_20261006_205250,12.6110,1791286957316454400,0,,,0.000000,LOST,0.00000,0.00000,rad/s
p4_normal_20261006_205250,12.6411,1791286957349810944,0,,,0.000000,LOST,0.00000,0.00000,rad/s
p4_normal_20261006_205250,12.6760,1791286957383167744,0,,,0.000000,LOST,0.00000,0.00000,rad/s
p4_normal_20261006_205250,12.7122,1791286957416524288,0,,,0.000000,LOST,0.00000,0.00000,rad/s
p4_normal_20261006_205250,12.7409,1791286957449881088,0,,,0.000000,LOST,0.00000,0.00000,rad/s
p4_normal_20261006_205250,12.7757,1791286957483237888,0,,,0.000000,LOST,0.00000,0.00000,rad/s
p4_normal_20261006_205250,12.8114,1791286957516594432,0,,,0.000000,LOST,0.00000,0.00000,rad/s
p4_normal_20261006_205250,12.8416,1791286957549951232,0,,,0.000000,LOST,0.00000,0.00000,rad/s
p4_normal_20261006_205250,12.8767,1791286957583307776,0,,,0.000000,LOST,0.00000,0.00000,rad/s
p4_normal_20261006_205250,12.9121,1791286957616664576,0,,,0.000000,LOST,0.00000,0.00000,rad/s
p4_normal_20261006_205250,12.9413,1791286957650021120,0,,,0.000000,LOST,0.00000,0.00000,rad/s
p4_normal_20261006_205250,12.9726,1791286957683377664,0,,,0.000000,LOST,0.00000,0.00000,rad/s
p4_normal_20261006_205250,13.0122,1791286957716734464,0,,,0.000000,LOST,0.00000,0.00000,rad/s
p4_normal_20261006_205250,13.0443,1791286957750091008,1,-0.31623,-0.16647,0.009377,LOST,0.00000,0.00000,rad/s
p4_normal_20261006_205250,13.0760,1791286957783447808,1,-0.26830,-0.15247,0.013453,LOST,0.00000,0.00000,rad/s
p4_normal_20261006_205250,13.1095,1791286957816804096,1,-0.22718,-0.15738,0.013210,LOST,0.00000,0.00000,rad/s
p4_normal_20261006_205250,13.1426,1791286957850160896,1,-0.19059,-0.17773,0.010870,LOST,0.00000,0.00000,rad/s
p4_normal_20261006_205250,13.1775,1791286957883517696,1,-0.16100,-0.17370,0.010013,TRACKING,0.28588,0.14218,rad/s
p4_normal_20261006_205250,13.2131,1791286957916874240,1,-0.13743,-0.16427,0.009633,TRACKING,0.24150,0.13896,rad/s
p4_normal_20261006_205250,13.2426,1791286957950230784,1,-0.12103,-0.15503,0.009842,TRACKING,0.24150,0.13896,rad/s
p4_normal_20261006_205250,13.2746,1791286957983587328,1,-0.10923,-0.14306,0.010109,TRACKING,0.18155,0.12403,rad/s
p4_normal_20261006_205250,13.3113,1791286958016944128,1,-0.10276,-0.13957,0.010087,TRACKING,0.16385,0.11445,rad/s
p4_normal_20261006_205250,13.3447,1791286958050300416,1,-0.10113,-0.13375,0.010336,TRACKING,0.16385,0.11445,rad/s
p4_normal_20261006_205250,13.3737,1791286958083657216,1,-0.10351,-0.14307,0.010052,TRACKING,0.15169,0.10700,rad/s
p4_normal_20261006_205250,13.4145,1791286958117015296,1,-0.10794,-0.14615,0.010204,TRACKING,0.15527,0.11445,rad/s
p4_normal_20261006_205250,13.4428,1791286958150373632,1,-0.11239,-0.13897,0.010158,TRACKING,0.15527,0.11445,rad/s
p4_normal_20261006_205250,13.4796,1791286958183731712,1,-0.11885,-0.14267,0.010130,TRACKING,0.16858,0.11117,rad/s
p4_normal_20261006_205250,13.5115,1791286958217089792,1,-0.12324,-0.13670,0.010122,TRACKING,0.16858,0.11117,rad/s
p4_normal_20261006_205250,13.5433,1791286958250447872,1,-0.12907,-0.13666,0.010195,TRACKING,0.17827,0.11414,rad/s
p4_normal_20261006_205250,13.5754,1791286958283805952,1,-0.13642,-0.13520,0.010278,TRACKING,0.19361,0.10933,rad/s
p4_normal_20261006_205250,13.6127,1791286958317164032,1,-0.14546,-0.12464,0.011263,TRACKING,0.20463,0.10816,rad/s
p4_normal_20261006_205250,13.6450,1791286958350522112,1,-0.15553,-0.11422,0.011851,TRACKING,0.20463,0.10816,rad/s
p4_normal_20261006_205250,13.6766,1791286958383880448,1,-0.16615,-0.09940,0.013082,TRACKING,0.23329,0.09137,rad/s
p4_normal_20261006_205250,13.7130,1791286958417238528,1,-0.17924,-0.07698,0.014464,TRACKING,0.24923,0.07952,rad/s
p4_normal_20261006_205250,13.7448,1791286958450596608,1,-0.19285,-0.07085,0.014796,TRACKING,0.24923,0.07952,rad/s
p4_normal_20261006_205250,13.7773,1791286958483954944,1,-0.20596,-0.06604,0.015061,TRACKING,0.28927,0.05668,rad/s
p4_normal_20261006_205250,13.8141,1791286958517312768,1,-0.21991,-0.07179,0.014820,TRACKING,0.30894,0.05283,rad/s
p4_normal_20261006_205250,13.8430,1791286958550670848,1,-0.23415,-0.06815,0.014555,TRACKING,0.30894,0.05283,rad/s
p4_normal_20261006_205250,13.8790,1791286958584028928,1,-0.24640,-0.06869,0.014143,TRACKING,0.35123,0.05452,rad/s
p4_normal_20261006_205250,13.9145,1791286958617387264,1,-0.25764,-0.07278,0.013351,TRACKING,0.36960,0.05495,rad/s
p4_normal_20261006_205250,13.9428,1791286958650745344,1,-0.26886,-0.06935,0.013121,TRACKING,0.36960,0.05495,rad/s
p4_normal_20261006_205250,13.9757,1791286958684103168,1,-0.28034,-0.06850,0.011994,TRACKING,0.40329,0.05548,rad/s
p4_normal_20261006_205250,14.0141,1791286958717461504,1,-0.29091,-0.06738,0.012170,TRACKING,0.42051,0.05480,rad/s
p4_normal_20261006_205250,14.0426,1791286958750819584,1,-0.30048,-0.06885,0.010456,TRACKING,0.42051,0.05480,rad/s
p4_normal_20261006_205250,14.0760,1791286958784177664,1,-0.31239,-0.05722,0.010894,TRACKING,0.45071,0.05508,rad/s
p4_normal_20261006_205250,14.1149,1791286958817536000,1,-0.32381,-0.06602,0.009230,TRACKING,0.46858,0.04578,rad/s
p4_normal_20261006_205250,14.1449,1791286958850893824,1,-0.33076,-0.07647,0.007611,TRACKING,0.46858,0.04578,rad/s
p4_normal_20261006_205250,14.1768,1791286958884251904,1,-0.33519,-0.03921,0.008767,TRACKING,0.49615,0.06117,rad/s
p4_normal_20261006_205250,14.2145,1791286958917609984,1,-0.33842,-0.03052,0.011152,TRACKING,0.50279,0.00000,rad/s
p4_normal_20261006_205250,14.2428,1791286958950968320,1,-0.34508,-0.01807,0.013112,TRACKING,0.50279,0.00000,rad/s
p4_normal_20261006_205250,14.2784,1791286958984326144,1,-0.34992,-0.00707,0.013633,TRACKING,0.51762,0.00000,rad/s
p4_normal_20261006_205250,14.3135,1791286959017684224,1,-0.35280,0.00201,0.015228,TRACKING,0.52488,0.00000,rad/s
p4_normal_20261006_205250,14.3433,1791286959051042560,1,-0.35914,0.01202,0.016558,TRACKING,0.52488,0.00000,rad/s
p4_normal_20261006_205250,14.3791,1791286959084400640,1,-0.36299,0.01819,0.017424,TRACKING,0.53871,0.00000,rad/s
p4_normal_20261006_205250,14.4137,1791286959117758464,1,-0.36820,0.01851,0.018388,TRACKING,0.54449,0.00000,rad/s
p4_normal_20261006_205250,14.4432,1791286959151116800,1,-0.37543,0.01795,0.019351,TRACKING,0.54449,0.00000,rad/s
p4_normal_20261006_205250,14.4789,1791286959184474624,1,-0.37936,0.02355,0.019614,TRACKING,0.56314,0.00000,rad/s
p4_normal_20261006_205250,14.5117,1791286959217832704,1,-0.38239,0.03247,0.019807,TRACKING,0.56904,0.00000,rad/s
p4_normal_20261006_205250,14.5453,1791286959251190784,1,-0.38772,0.03366,0.019959,TRACKING,0.56904,0.00000,rad/s
p4_normal_20261006_205250,14.5769,1791286959284548864,1,-0.39139,0.05098,0.020649,TRACKING,0.58157,0.00000,rad/s
p4_normal_20261006_205250,14.6118,1791286959317906688,1,-0.39657,0.06462,0.021122,TRACKING,0.58708,-0.04079,rad/s
p4_normal_20261006_205250,14.6458,1791286959351264768,1,-0.40611,0.07584,0.021200,TRACKING,0.58708,-0.04079,rad/s
p4_normal_20261006_205250,14.6764,1791286959384622848,1,-0.41674,0.08940,0.022133,TRACKING,0.60000,-0.06067,rad/s
p4_normal_20261006_205250,14.7143,1791286959417980928,1,-0.42445,0.10265,0.022389,TRACKING,0.60000,-0.07152,rad/s
p4_normal_20261006_205250,14.7428,1791286959451338752,1,-0.43106,0.10872,0.022385,TRACKING,0.60000,-0.07152,rad/s
p4_normal_20261006_205250,14.7777,1791286959484696832,1,-0.43468,0.11552,0.022166,TRACKING,0.60000,-0.08698,rad/s
p4_normal_20261006_205250,14.8128,1791286959518054912,1,-0.43405,0.12548,0.021882,TRACKING,0.60000,-0.09242,rad/s
p4_normal_20261006_205250,14.8432,1791286959551412736,1,-0.42828,0.13603,0.021515,TRACKING,0.60000,-0.09242,rad/s
p4_normal_20261006_205250,14.8787,1791286959584771072,1,-0.41708,0.13979,0.021092,TRACKING,0.60000,-0.10882,rad/s
p4_normal_20261006_205250,14.9146,1791286959618128896,1,-0.40203,0.14894,0.020749,TRACKING,0.60000,-0.11184,rad/s
p4_normal_20261006_205250,14.9433,1791286959651486720,1,-0.38651,0.15311,0.020393,TRACKING,0.60000,-0.11184,rad/s
p4_normal_20261006_205250,14.9765,1791286959684845056,1,-0.36667,0.16402,0.019950,TRACKING,0.57976,-0.12249,rad/s
p4_normal_20261006_205250,15.0147,1791286959718202880,1,-0.34750,0.17303,0.020017,TRACKING,0.55001,-0.13122,rad/s
p4_normal_20261006_205250,15.0443,1791286959751560960,1,-0.33333,0.19243,0.020497,TRACKING,0.55001,-0.13122,rad/s
p4_normal_20261006_205250,15.0778,1791286959784919040,1,-0.33097,0.21220,0.020280,TRACKING,0.49999,-0.15395,rad/s
p4_normal_20261006_205250,15.1121,1791286959818276864,1,-0.31164,0.23810,0.019497,TRACKING,0.49646,-0.16976,rad/s
p4_normal_20261006_205250,15.1443,1791286959851634688,1,-0.29244,0.26747,0.019896,TRACKING,0.49646,-0.16976,rad/s
p4_normal_20261006_205250,15.1764,1791286959884993024,1,-0.27293,0.30426,0.019855,TRACKING,0.43865,-0.21398,rad/s
p4_normal_20261006_205250,15.2139,1791286959918350848,1,-0.25229,0.34100,0.019731,TRACKING,0.40939,-0.24341,rad/s
p4_normal_20261006_205250,15.2431,1791286959951708672,1,-0.22991,0.38045,0.019959,TRACKING,0.40939,-0.24341,rad/s
p4_normal_20261006_205250,15.2764,1791286959985067008,1,-0.20840,0.41676,0.020011,TRACKING,0.34487,-0.30436,rad/s
p4_normal_20261006_205250,15.3142,1791286960018424832,1,-0.18399,0.45726,0.019978,TRACKING,0.31259,-0.33340,rad/s
p4_normal_20261006_205250,15.3431,1791286960051782656,1,-0.15824,0.49590,0.020239,TRACKING,0.31259,-0.33340,rad/s
p4_normal_20261006_205250,15.3769,1791286960085140736,1,-0.13316,0.53608,0.020412,TRACKING,0.23736,-0.39672,rad/s
p4_normal_20261006_205250,15.4135,1791286960118498304,1,-0.10686,0.57894,0.020779,TRACKING,0.19973,-0.40000,rad/s
p4_normal_20261006_205250,15.4429,1791286960151855872,1,-0.08126,0.61752,0.020985,TRACKING,0.19973,-0.40000,rad/s
p4_normal_20261006_205250,15.4772,1791286960185213696,1,-0.05689,0.65237,0.021274,TRACKING,0.12189,-0.40000,rad/s
p4_normal_20261006_205250,15.5158,1791286960218571264,1,-0.03248,0.68374,0.021545,TRACKING,0.08533,-0.40000,rad/s
p4_normal_20261006_205250,15.5449,1791286960251928832,1,-0.00801,0.70907,0.021595,TRACKING,0.08533,-0.40000,rad/s
p4_normal_20261006_205250,15.5776,1791286960285286656,1,0.01322,0.72539,0.021350,TRACKING,0.00000,-0.40000,rad/s
p4_normal_20261006_205250,15.6132,1791286960318644224,1,0.03168,0.73744,0.020872,TRACKING,0.00000,-0.40000,rad/s
p4_normal_20261006_205250,15.6444,1791286960352002304,1,0.04841,0.74484,0.020534,TRACKING,0.00000,-0.40000,rad/s
p4_normal_20261006_205250,15.6773,1791286960385359872,1,0.06413,0.74757,0.020291,TRACKING,0.00000,-0.40000,rad/s
p4_normal_20261006_205250,15.7148,1791286960418717440,1,0.07762,0.74577,0.020595,TRACKING,-0.09620,-0.40000,rad/s
p4_normal_20261006_205250,15.7428,1791286960452075264,1,0.08539,0.74284,0.020911,TRACKING,-0.09620,-0.40000,rad/s
p4_normal_20261006_205250,15.7773,1791286960485432832,1,0.08952,0.74071,0.021024,TRACKING,-0.12809,-0.40000,rad/s
p4_normal_20261006_205250,15.8118,1791286960518790400,1,0.09050,0.73724,0.021263,TRACKING,-0.13428,-0.40000,rad/s
p4_normal_20261006_205250,15.8474,1791286960552148224,1,0.08718,0.73515,0.021332,TRACKING,-0.13428,-0.40000,rad/s
p4_normal_20261006_205250,15.8765,1791286960585505792,1,0.08228,0.73431,0.021278,TRACKING,-0.13077,-0.40000,rad/s
p4_normal_20261006_205250,15.9146,1791286960618863616,1,0.07656,0.73410,0.021270,TRACKING,-0.12342,-0.40000,rad/s
p4_normal_20261006_205250,15.9443,1791286960652221184,1,0.07189,0.73002,0.021465,TRACKING,-0.12342,-0.40000,rad/s
p4_normal_20261006_205250,15.9795,1791286960685578752,1,0.06685,0.73106,0.021341,TRACKING,-0.10783,-0.40000,rad/s
p4_normal_20261006_205250,16.0130,1791286960718936576,1,0.06261,0.73084,0.021202,TRACKING,-0.10028,-0.40000,rad/s
p4_normal_20261006_205250,16.0466,1791286960752294144,1,0.05774,0.73454,0.020846,TRACKING,-0.10028,-0.40000,rad/s
p4_normal_20261006_205250,16.0765,1791286960785651968,1,0.05410,0.73704,0.020525,TRACKING,-0.08661,-0.40000,rad/s
p4_normal_20261006_205250,16.1139,1791286960819009536,1,0.05232,0.74129,0.020093,TRACKING,-0.08115,-0.40000,rad/s
p4_normal_20261006_205250,16.1466,1791286960852367360,1,0.05024,0.74267,0.019842,TRACKING,-0.08115,-0.40000,rad/s
p4_normal_20261006_205250,16.1766,1791286960885725184,1,0.04915,0.74520,0.019542,TRACKING,-0.07536,-0.40000,rad/s
p4_normal_20261006_205250,16.2144,1791286960919082752,1,0.05029,0.74440,0.019479,TRACKING,0.00000,-0.40000,rad/s
p4_normal_20261006_205250,16.2464,1791286960952440320,1,0.05086,0.74318,0.019477,TRACKING,0.00000,-0.40000,rad/s
p4_normal_20261006_205250,16.2766,1791286960985798144,1,0.05242,0.73949,0.019664,TRACKING,-0.07629,-0.40000,rad/s
p4_normal_20261006_205250,16.3149,1791286961019155712,1,0.05189,0.73604,0.019807,TRACKING,-0.07863,-0.40000,rad/s
p4_normal_20261006_205250,16.3446,1791286961052513536,1,0.05434,0.73193,0.019948,TRACKING,-0.07863,-0.40000,rad/s
p4_normal_20261006_205250,16.3784,1791286961085871104,1,0.05523,0.72462,0.020354,TRACKING,-0.08152,-0.40000,rad/s
p4_normal_20261006_205250,16.4149,1791286961119228928,1,0.05996,0.71825,0.020449,TRACKING,-0.08284,-0.40000,rad/s
p4_normal_20261006_205250,16.4457,1791286961152587008,1,0.06696,0.70258,0.020493,TRACKING,-0.08284,-0.40000,rad/s
p4_normal_20261006_205250,16.4767,1791286961185944832,1,0.06977,0.67588,0.020145,TRACKING,-0.10044,-0.40000,rad/s
p4_normal_20261006_205250,16.5133,1791286961219302912,1,0.07099,0.65029,0.020128,TRACKING,-0.10466,-0.40000,rad/s
p4_normal_20261006_205250,16.5470,1791286961252660992,1,0.07586,0.62597,0.019820,TRACKING,-0.10466,-0.40000,rad/s
p4_normal_20261006_205250,16.5784,1791286961286018816,1,0.07817,0.60216,0.019937,TRACKING,-0.11379,-0.40000,rad/s
p4_normal_20261006_205250,16.6156,1791286961319376640,1,0.08086,0.58678,0.019809,TRACKING,-0.11726,-0.40000,rad/s
p4_normal_20261006_205250,16.6443,1791286961352734720,1,0.08434,0.57012,0.019813,TRACKING,-0.11726,-0.40000,rad/s
p4_normal_20261006_205250,16.6788,1791286961386092544,1,0.08677,0.55720,0.019609,TRACKING,-0.12651,-0.40000,rad/s
p4_normal_20261006_205250,16.7131,1791286961419450624,1,0.09044,0.53929,0.019618,TRACKING,-0.13015,-0.40000,rad/s
p4_normal_20261006_205250,16.7461,1791286961452808704,1,0.09426,0.52351,0.019559,TRACKING,-0.13015,-0.40000,rad/s
p4_normal_20261006_205250,16.7784,1791286961486166528,1,0.09862,0.50451,0.019546,TRACKING,-0.14139,-0.40000,rad/s
p4_normal_20261006_205250,16.8146,1791286961519524352,1,0.10211,0.48624,0.019622,TRACKING,-0.14792,-0.40000,rad/s
p4_normal_20261006_205250,16.8443,1791286961552882688,1,0.10427,0.46653,0.019635,TRACKING,-0.14792,-0.40000,rad/s
p4_normal_20261006_205250,16.8790,1791286961586240512,1,0.10479,0.44730,0.019813,TRACKING,-0.15640,-0.37322,rad/s
p4_normal_20261006_205250,16.9151,1791286961619598336,1,0.10216,0.42950,0.019651,TRACKING,-0.15719,-0.35784,rad/s
p4_normal_20261006_205250,16.9447,1791286961652956416,1,0.09765,0.41110,0.019575,TRACKING,-0.15719,-0.35784,rad/s
p4_normal_20261006_205250,16.9798,1791286961686314496,1,0.09222,0.39185,0.019464,TRACKING,-0.14648,-0.32888,rad/s
p4_normal_20261006_205250,17.0151,1791286961719672320,1,0.08380,0.37071,0.019388,TRACKING,-0.13833,-0.31348,rad/s
p4_normal_20261006_205250,17.0458,1791286961753030400,1,0.07322,0.35562,0.019175,TRACKING,-0.13833,-0.31348,rad/s
p4_normal_20261006_205250,17.0789,1791286961786388480,1,0.06035,0.33238,0.019013,TRACKING,-0.10983,-0.28450,rad/s
p4_normal_20261006_205250,17.1156,1791286961819746560,1,0.04701,0.31244,0.018817,TRACKING,-0.09053,-0.26590,rad/s
p4_normal_20261006_205250,17.1457,1791286961853104384,1,0.03071,0.28651,0.018585,TRACKING,-0.09053,-0.26590,rad/s
p4_normal_20261006_205250,17.1794,1791286961886462720,1,0.01259,0.26132,0.018414,TRACKING,0.00000,-0.22921,rad/s
p4_normal_20261006_205250,17.2153,1791286961919820544,1,-0.00743,0.23505,0.018349,TRACKING,0.00000,-0.20905,rad/s
p4_normal_20261006_205250,17.2459,1791286961953178624,1,-0.02862,0.21174,0.018184,TRACKING,0.00000,-0.20905,rad/s
p4_normal_20261006_205250,17.2795,1791286961986536960,1,-0.05116,0.19087,0.018058,TRACKING,0.00000,-0.16939,rad/s
p4_normal_20261006_205250,17.3145,1791286962019894784,1,-0.07478,0.16815,0.017956,TRACKING,0.07674,-0.15270,rad/s
p4_normal_20261006_205250,17.3473,1791286962053252864,1,-0.09589,0.14578,0.017954,TRACKING,0.07674,-0.15270,rad/s
p4_normal_20261006_205250,17.3798,1791286962086610944,1,-0.11407,0.11907,0.017997,TRACKING,0.14383,-0.11663,rad/s
p4_normal_20261006_205250,17.4165,1791286962119968512,1,-0.13328,0.09291,0.017873,TRACKING,0.17110,-0.09526,rad/s
p4_normal_20261006_205250,17.4459,1791286962153326080,1,-0.15162,0.06597,0.018032,TRACKING,0.17110,-0.09526,rad/s
p4_normal_20261006_205250,17.4794,1791286962186683648,1,-0.16941,0.03971,0.017932,TRACKING,0.22744,-0.05278,rad/s
p4_normal_20261006_205250,17.5155,1791286962220041216,1,-0.18579,0.01353,0.018045,TRACKING,0.25412,0.00000,rad/s
p4_normal_20261006_205250,17.5466,1791286962253399040,1,-0.19927,-0.01270,0.018177,TRACKING,0.25412,0.00000,rad/s
p4_normal_20261006_205250,17.5786,1791286962286756352,1,-0.20896,-0.02997,0.018665,TRACKING,0.29890,0.00000,rad/s
p4_normal_20261006_205250,17.6166,1791286962320113920,1,-0.21124,-0.03837,0.020213,TRACKING,0.31344,0.00000,rad/s
p4_normal_20261006_205250,17.6465,1791286962353471744,1,-0.21813,-0.04831,0.021645,TRACKING,0.31344,0.00000,rad/s
p4_normal_20261006_205250,17.6798,1791286962386829312,1,-0.22346,-0.05875,0.023105,TRACKING,0.32720,0.00000,rad/s
p4_normal_20261006_205250,17.7163,1791286962420186880,1,-0.22800,-0.06331,0.024238,TRACKING,0.33519,0.04700,rad/s
p4_normal_20261006_205250,17.7461,1791286962453544448,1,-0.23190,-0.07321,0.025807,TRACKING,0.33519,0.04700,rad/s
p4_normal_20261006_205250,17.7788,1791286962486902016,1,-0.23716,-0.08711,0.027368,TRACKING,0.34786,0.05857,rad/s
p4_normal_20261006_205250,17.8169,1791286962520259840,1,-0.23772,-0.09430,0.027713,TRACKING,0.35574,0.06969,rad/s
p4_normal_20261006_205250,17.8461,1791286962553617408,1,-0.23755,-0.10039,0.027797,TRACKING,0.35574,0.06969,rad/s
p4_normal_20261006_205250,17.8787,1791286962586974976,1,-0.23788,-0.11033,0.027901,TRACKING,0.35633,0.08031,rad/s
p4_normal_20261006_205250,17.9167,1791286962620332544,1,-0.23757,-0.11746,0.028342,TRACKING,0.35682,0.08827,rad/s
p4_normal_20261006_205250,17.9457,1791286962653690112,1,-0.23554,-0.12774,0.028418,TRACKING,0.35682,0.08827,rad/s
p4_normal_20261006_205250,17.9798,1791286962687047936,1,-0.23284,-0.13164,0.028346,TRACKING,0.35331,0.10219,rad/s
p4_normal_20261006_205250,18.0157,1791286962720405504,1,-0.23015,-0.14143,0.028937,TRACKING,0.34925,0.10531,rad/s
p4_normal_20261006_205250,18.0458,1791286962753763072,1,-0.22568,-0.14456,0.028954,TRACKING,0.34925,0.10531,rad/s
p4_normal_20261006_205250,18.0786,1791286962787120896,1,-0.22149,-0.14836,0.029518,TRACKING,0.33851,0.11565,rad/s
p4_normal_20261006_205250,18.1182,1791286962820478464,1,-0.21955,-0.15613,0.029373,TRACKING,0.33223,0.11868,rad/s
p4_normal_20261006_205250,18.1460,1791286962853836288,1,-0.21694,-0.17081,0.029755,TRACKING,0.33223,0.11868,rad/s
p4_normal_20261006_205250,18.1799,1791286962887193856,1,-0.21471,-0.18803,0.029789,TRACKING,0.32541,0.13665,rad/s
p4_normal_20261006_205250,18.2145,1791286962920551424,1,-0.21338,-0.20536,0.030273,TRACKING,0.32207,0.15042,rad/s
p4_normal_20261006_205250,18.2481,1791286962953909248,1,-0.21183,-0.22032,0.030503,TRACKING,0.32207,0.15042,rad/s
p4_normal_20261006_205250,18.2795,1791286962987266816,1,-0.20998,-0.23292,0.030747,TRACKING,0.31774,0.17626,rad/s
p4_normal_20261006_205250,18.3152,1791286963020624384,1,-0.20763,-0.24404,0.030935,TRACKING,0.31497,0.18634,rad/s
p4_normal_20261006_205250,18.3465,1791286963053982208,1,-0.20619,-0.25184,0.031447,TRACKING,0.31497,0.18634,rad/s
p4_normal_20261006_205250,18.3800,1791286963087339776,1,-0.20709,-0.25867,0.031669,TRACKING,0.30929,0.20147,rad/s
p4_normal_20261006_205250,18.4179,1791286963120697344,1,-0.20690,-0.26670,0.032064,TRACKING,0.31063,0.20694,rad/s
p4_normal_20261006_205250,18.4461,1791286963154054656,1,-0.20461,-0.27586,0.032266,TRACKING,0.31063,0.20694,rad/s
p4_normal_20261006_205250,18.4791,1791286963187411968,1,-0.20096,-0.28155,0.032546,TRACKING,0.30691,0.22069,rad/s
p4_normal_20261006_205250,18.5163,1791286963220769280,1,-0.19739,-0.28538,0.032717,TRACKING,0.30144,0.22524,rad/s
p4_normal_20261006_205250,18.5477,1791286963254126592,1,-0.19405,-0.28011,0.033268,TRACKING,0.30144,0.22524,rad/s
p4_normal_20261006_205250,18.5796,1791286963287484160,1,-0.18923,-0.26704,0.033240,TRACKING,0.29107,0.22409,rad/s
p4_normal_20261006_205250,18.6171,1791286963320841216,1,-0.18619,-0.25089,0.033045,TRACKING,0.28385,0.21363,rad/s
p4_normal_20261006_205250,18.6461,1791286963354198784,1,-0.18514,-0.23480,0.032869,TRACKING,0.28385,0.21363,rad/s
p4_normal_20261006_205250,18.6794,1791286963387556096,1,-0.18078,-0.21678,0.031832,TRACKING,0.27771,0.18784,rad/s
p4_normal_20261006_205250,18.7165,1791286963420913408,1,-0.18142,-0.20421,0.032986,TRACKING,0.27117,0.17342,rad/s
p4_normal_20261006_205250,18.7460,1791286963454270720,1,-0.18063,-0.18598,0.033279,TRACKING,0.27117,0.17342,rad/s
p4_normal_20261006_205250,18.7794,1791286963487628288,1,-0.17951,-0.16476,0.033314,TRACKING,0.27094,0.14878,rad/s
p4_normal_20261006_205250,18.8151,1791286963520985344,1,-0.18120,-0.14105,0.033524,TRACKING,0.26926,0.13180,rad/s
p4_normal_20261006_205250,18.8481,1791286963554342656,1,-0.18290,-0.12215,0.033830,TRACKING,0.26926,0.13180,rad/s
p4_normal_20261006_205250,18.8805,1791286963587700224,1,-0.18621,-0.10525,0.033793,TRACKING,0.27434,0.09772,rad/s
p4_normal_20261006_205250,18.9156,1791286963621057280,1,-0.19127,-0.08948,0.033841,TRACKING,0.27932,0.08420,rad/s
p4_normal_20261006_205250,18.9477,1791286963654414848,1,-0.19580,-0.07656,0.033885,TRACKING,0.27932,0.08420,rad/s
p4_normal_20261006_205250,18.9794,1791286963687771904,1,-0.20347,-0.06765,0.034015,TRACKING,0.29370,0.06125,rad/s
p4_normal_20261006_205250,19.0156,1791286963721129472,1,-0.21304,-0.06238,0.034338,TRACKING,0.30520,0.05412,rad/s
p4_normal_20261006_205250,19.0479,1791286963754486528,1,-0.22157,-0.06214,0.034848,TRACKING,0.30520,0.05412,rad/s
p4_normal_20261006_205250,19.0797,1791286963787844096,1,-0.22787,-0.06286,0.035043,TRACKING,0.33235,0.04971,rad/s
p4_normal_20261006_205250,19.1154,1791286963821201408,1,-0.23594,-0.06645,0.035608,TRACKING,0.34181,0.05029,rad/s
p4_normal_20261006_205250,19.1483,1791286963854558720,1,-0.24507,-0.06566,0.035946,TRACKING,0.34181,0.05029,rad/s
p4_normal_20261006_205250,19.1805,1791286963887916032,1,-0.25569,-0.06797,0.036024,TRACKING,0.36760,0.05252,rad/s
p4_normal_20261006_205250,19.2154,1791286963921273088,1,-0.26625,-0.07022,0.035909,TRACKING,0.38353,0.05438,rad/s
p4_normal_20261006_205250,19.2486,1791286963954630656,1,-0.27181,-0.07675,0.035109,TRACKING,0.38353,0.05438,rad/s
p4_normal_20261006_205250,19.2801,1791286963987987712,1,-0.27687,-0.08987,0.034249,TRACKING,0.40772,0.06140,rad/s
p4_normal_20261006_205250,19.3157,1791286964021345280,1,-0.28221,-0.10739,0.033908,TRACKING,0.41531,0.07189,rad/s
p4_normal_20261006_205250,19.3458,1791286964054702336,1,-0.28540,-0.12352,0.032997,TRACKING,0.41531,0.07189,rad/s
p4_normal_20261006_205250,19.3795,1791286964088059648,1,-0.28961,-0.13855,0.032318,TRACKING,0.42810,0.09881,rad/s
p4_normal_20261006_205250,19.4150,1791286964121416704,1,-0.29205,-0.15093,0.031536,TRACKING,0.43442,0.11084,rad/s
p4_normal_20261006_205250,19.4483,1791286964154774016,1,-0.29411,-0.16107,0.031046,TRACKING,0.43442,0.11084,rad/s
p4_normal_20261006_205250,19.4803,1791286964188130816,1,-0.29662,-0.16565,0.030948,TRACKING,0.44117,0.12886,rad/s
p4_normal_20261006_205250,19.5146,1791286964221488128,1,-0.29333,-0.18035,0.030812,TRACKING,0.44493,0.13252,rad/s
p4_normal_20261006_205250,19.5490,1791286964254845184,1,-0.28686,-0.18479,0.030640,TRACKING,0.44493,0.13252,rad/s
p4_normal_20261006_205250,19.5808,1791286964288202496,1,-0.27722,-0.18912,0.030384,TRACKING,0.43029,0.14783,rad/s
p4_normal_20261006_205250,19.6156,1791286964321559296,1,-0.26689,-0.18609,0.030195,TRACKING,0.41582,0.15130,rad/s
p4_normal_20261006_205250,19.6523,1791286964354916608,1,-0.25581,-0.18174,0.030102,TRACKING,0.41582,0.15130,rad/s
p4_normal_20261006_205250,19.6792,1791286964388273664,1,-0.24543,-0.17621,0.029798,TRACKING,0.38371,0.14539,rad/s
p4_normal_20261006_205250,19.7150,1791286964421630720,1,-0.23707,-0.16175,0.029345,TRACKING,0.36814,0.14097,rad/s
p4_normal_20261006_205250,19.7471,1791286964454987776,1,-0.22626,-0.14594,0.028813,TRACKING,0.36814,0.14097,rad/s
p4_normal_20261006_205250,19.7808,1791286964488345088,1,-0.21391,-0.12338,0.028843,TRACKING,0.33939,0.11675,rad/s
p4_normal_20261006_205250,19.8190,1791286964521701888,1,-0.20316,-0.09950,0.028366,TRACKING,0.32086,0.09870,rad/s
p4_normal_20261006_205250,19.8485,1791286964555059200,1,-0.19271,-0.07287,0.028140,TRACKING,0.32086,0.09870,rad/s
p4_normal_20261006_205250,19.8800,1791286964588416256,1,-0.18263,-0.04632,0.027808,TRACKING,0.28906,0.05829,rad/s
p4_normal_20261006_205250,19.9156,1791286964621773312,1,-0.17221,-0.02364,0.027237,TRACKING,0.27394,0.00000,rad/s
p4_normal_20261006_205250,19.9496,1791286964655130368,1,-0.16425,-0.00281,0.027103,TRACKING,0.27394,0.00000,rad/s
p4_normal_20261006_205250,19.9798,1791286964688487424,1,-0.15605,0.01356,0.026944,TRACKING,0.24637,0.00000,rad/s
p4_normal_20261006_205250,20.0169,1791286964721844480,1,-0.15083,0.02884,0.026871,TRACKING,0.23408,0.00000,rad/s
p4_normal_20261006_205250,20.0470,1791286964755201536,1,-0.14596,0.03960,0.026506,TRACKING,0.23408,0.00000,rad/s
p4_normal_20261006_205250,20.0811,1791286964788558848,1,-0.14118,0.04431,0.026430,TRACKING,0.21894,0.00000,rad/s
p4_normal_20261006_205250,20.1156,1791286964821915648,1,-0.13805,0.04255,0.025903,TRACKING,0.21177,0.00000,rad/s
p4_normal_20261006_205250,20.1497,1791286964855272960,1,-0.13614,0.03071,0.026343,TRACKING,0.21177,0.00000,rad/s
p4_normal_20261006_205250,20.1801,1791286964888630016,1,-0.13005,0.03105,0.025050,TRACKING,0.20421,0.00000,rad/s
p4_normal_20261006_205250,20.2163,1791286964921987328,1,-0.12603,0.02658,0.024813,TRACKING,0.19507,0.00000,rad/s
p4_normal_20261006_205250,20.2481,1791286964955344128,1,-0.12404,0.02046,0.024557,TRACKING,0.19507,0.00000,rad/s
p4_normal_20261006_205250,20.2815,1791286964988701440,1,-0.11846,0.01654,0.023974,TRACKING,0.18605,0.00000,rad/s
p4_normal_20261006_205250,20.3143,1791286965022058496,1,-0.11653,0.01605,0.023848,TRACKING,0.17769,0.00000,rad/s
p4_normal_20261006_205250,20.3496,1791286965055415552,1,-0.11638,0.00732,0.024549,TRACKING,0.17769,0.00000,rad/s
p4_normal_20261006_205250,20.3806,1791286965088772608,1,-0.11431,0.00043,0.024542,TRACKING,0.17457,0.00000,rad/s
p4_normal_20261006_205250,20.4157,1791286965122130432,1,-0.10647,0.00644,0.023832,TRACKING,0.17147,0.00000,rad/s
p4_normal_20261006_205250,20.4481,1791286965155488000,1,-0.10337,0.00366,0.023898,TRACKING,0.17147,0.00000,rad/s
p4_normal_20261006_205250,20.4816,1791286965188845824,1,-0.10133,0.00033,0.023943,TRACKING,0.15506,0.00000,rad/s
p4_normal_20261006_205250,20.5162,1791286965222203648,1,-0.09933,-0.01010,0.023915,TRACKING,0.15200,0.00000,rad/s
p4_normal_20261006_205250,20.5503,1791286965255561216,1,-0.09880,-0.02177,0.024701,TRACKING,0.15200,0.00000,rad/s
p4_normal_20261006_205250,20.5813,1791286965288919040,1,-0.09888,-0.03249,0.025473,TRACKING,0.14821,0.00000,rad/s
p4_normal_20261006_205250,20.6150,1791286965322276608,1,-0.09659,-0.03992,0.026233,TRACKING,0.14833,0.00000,rad/s
p4_normal_20261006_205250,20.6488,1791286965355634176,1,-0.09185,-0.04445,0.026936,TRACKING,0.14833,0.00000,rad/s
p4_normal_20261006_205250,20.6815,1791286965388992000,1,-0.08243,-0.03118,0.026424,TRACKING,0.13777,0.00000,rad/s
p4_normal_20261006_205250,20.7188,1791286965422349568,1,-0.07113,-0.02137,0.026365,TRACKING,0.12365,0.00000,rad/s
p4_normal_20261006_205250,20.7475,1791286965455707392,1,-0.06066,-0.00717,0.026391,TRACKING,0.12365,0.00000,rad/s
p4_normal_20261006_205250,20.7809,1791286965489064960,1,-0.05188,0.00579,0.026369,TRACKING,0.09098,0.00000,rad/s
p4_normal_20261006_205250,20.8186,1791286965522422528,1,-0.04349,0.01574,0.026363,TRACKING,0.07782,0.00000,rad/s
p4_normal_20261006_205250,20.8474,1791286965555780352,1,-0.03401,0.02236,0.026202,TRACKING,0.07782,0.00000,rad/s
p4_normal_20261006_205250,20.8827,1791286965589138176,1,-0.02641,0.01897,0.026189,CENTERED,0.00000,0.00000,rad/s
p4_normal_20261006_205250,20.9156,1791286965622495744,1,-0.01892,0.01469,0.026176,CENTERED,0.00000,0.00000,rad/s
p4_normal_20261006_205250,20.9487,1791286965655853568,1,-0.01284,0.00493,0.026391,CENTERED,0.00000,0.00000,rad/s
p4_normal_20261006_205250,20.9821,1791286965689211136,1,-0.00729,-0.00597,0.026437,CENTERED,0.00000,0.00000,rad/s
p4_normal_20261006_205250,21.0150,1791286965722568960,1,-0.00072,-0.01710,0.026265,CENTERED,0.00000,0.00000,rad/s
p4_normal_20261006_205250,21.0468,1791286965755926528,1,0.00588,-0.03618,0.026270,CENTERED,0.00000,0.00000,rad/s
p4_normal_20261006_205250,21.0820,1791286965789283840,1,0.00854,-0.06192,0.026634,CENTERED,0.00000,0.00000,rad/s
p4_normal_20261006_205250,21.1157,1791286965822641664,1,0.01087,-0.08896,0.026825,TRACKING,0.00000,0.04954,rad/s
p4_normal_20261006_205250,21.1493,1791286965855999232,1,0.01317,-0.12042,0.027292,TRACKING,0.00000,0.04954,rad/s
p4_normal_20261006_205250,21.1817,1791286965889357056,1,0.01720,-0.15110,0.027517,TRACKING,0.00000,0.09633,rad/s
p4_normal_20261006_205250,21.2151,1791286965922714624,1,0.02160,-0.18365,0.027326,TRACKING,0.00000,0.12088,rad/s
p4_normal_20261006_205250,21.2501,1791286965956072192,1,0.02448,-0.21907,0.027635,TRACKING,0.00000,0.12088,rad/s
p4_normal_20261006_205250,21.2807,1791286965989430016,1,0.02920,-0.26052,0.027769,TRACKING,0.00000,0.17526,rad/s
p4_normal_20261006_205250,21.3166,1791286966022787584,1,0.03730,-0.30294,0.028049,TRACKING,0.00000,0.20842,rad/s
p4_normal_20261006_205250,21.3496,1791286966056145152,1,0.04402,-0.35282,0.028776,TRACKING,0.00000,0.20842,rad/s
p4_normal_20261006_205250,21.3808,1791286966089502976,1,0.05344,-0.40161,0.029201,TRACKING,0.00000,0.28226,rad/s
p4_normal_20261006_205250,21.4159,1791286966122860032,1,0.06086,-0.45265,0.029757,TRACKING,-0.08016,0.32129,rad/s
p4_normal_20261006_205250,21.4483,1791286966156217344,1,0.06673,-0.50576,0.031243,TRACKING,-0.08016,0.32129,rad/s
p4_normal_20261006_205250,21.4822,1791286966189574400,1,0.07502,-0.55600,0.032728,TRACKING,-0.10010,0.40000,rad/s
p4_normal_20261006_205250,21.5158,1791286966222931968,1,0.08505,-0.60128,0.033544,TRACKING,-0.11253,0.40000,rad/s
p4_normal_20261006_205250,21.5490,1791286966256289024,1,0.09518,-0.63913,0.033982,TRACKING,-0.11253,0.40000,rad/s
p4_normal_20261006_205250,21.5831,1791286966289646336,1,0.11014,-0.65656,0.033175,TRACKING,-0.14277,0.40000,rad/s
p4_normal_20261006_205250,21.6150,1791286966323003392,1,0.12541,-0.67427,0.032012,TRACKING,-0.16522,0.40000,rad/s
p4_normal_20261006_205250,21.6500,1791286966356360960,1,0.14289,-0.68988,0.030718,TRACKING,-0.16522,0.40000,rad/s
p4_normal_20261006_205250,21.6823,1791286966389718016,1,0.16126,-0.70410,0.029533,TRACKING,-0.21434,0.40000,rad/s
p4_normal_20261006_205250,21.7174,1791286966423075072,1,0.17931,-0.71536,0.028509,TRACKING,-0.24189,0.40000,rad/s
p4_normal_20261006_205250,21.7495,1791286966456432640,1,0.19456,-0.72424,0.027565,TRACKING,-0.24189,0.40000,rad/s
p4_normal_20261006_205250,21.7815,1791286966489789696,1,0.21013,-0.73213,0.026790,TRACKING,-0.29183,0.40000,rad/s
p4_normal_20261006_205250,21.8147,1791286966523147008,1,0.22342,-0.74112,0.025757,TRACKING,-0.31519,0.40000,rad/s
p4_normal_20261006_205250,21.8502,1791286966556504064,1,0.23872,-0.75220,0.024533,TRACKING,-0.31519,0.40000,rad/s
p4_normal_20261006_205250,21.8826,1791286966589861632,1,0.24947,-0.75081,0.024455,TRACKING,-0.35808,0.40000,rad/s
p4_normal_20261006_205250,21.9151,1791286966623218688,1,0.25787,-0.74491,0.024861,TRACKING,-0.37421,0.40000,rad/s
p4_normal_20261006_205250,21.9496,1791286966656576000,1,0.26488,-0.73602,0.025538,TRACKING,-0.37421,0.40000,rad/s
p4_normal_20261006_205250,21.9818,1791286966689933056,1,0.26914,-0.72640,0.026222,TRACKING,-0.39732,0.40000,rad/s
p4_normal_20261006_205250,22.0172,1791286966723290624,1,0.27382,-0.71619,0.026849,TRACKING,-0.40372,0.40000,rad/s
p4_normal_20261006_205250,22.0506,1791286966756647680,1,0.27811,-0.70709,0.027381,TRACKING,-0.40372,0.40000,rad/s
p4_normal_20261006_205250,22.0825,1791286966790004992,1,0.28252,-0.69992,0.027598,TRACKING,-0.41716,0.40000,rad/s
p4_normal_20261006_205250,22.1163,1791286966823362048,1,0.28409,-0.69015,0.027951,TRACKING,-0.42378,0.40000,rad/s
p4_normal_20261006_205250,22.1503,1791286966856719360,1,0.28409,-0.67886,0.028427,TRACKING,-0.42378,0.40000,rad/s
p4_normal_20261006_205250,22.1827,1791286966890076672,1,0.28348,-0.66541,0.029104,TRACKING,-0.42613,0.40000,rad/s
p4_normal_20261006_205250,22.2196,1791286966923433728,1,0.28173,-0.65117,0.029685,TRACKING,-0.42523,0.40000,rad/s
p4_normal_20261006_205250,22.2489,1791286966956791040,1,0.28110,-0.62354,0.029334,TRACKING,-0.42523,0.40000,rad/s
p4_normal_20261006_205250,22.2848,1791286966990148352,1,0.28015,-0.58826,0.028522,TRACKING,-0.42165,0.40000,rad/s
p4_normal_20261006_205250,22.3156,1791286967023505664,1,0.27856,-0.55277,0.028086,TRACKING,-0.42023,0.40000,rad/s
p4_normal_20261006_205250,22.3514,1791286967056862720,1,0.27879,-0.52068,0.027507,TRACKING,-0.42023,0.40000,rad/s
p4_normal_20261006_205250,22.3837,1791286967090220288,1,0.27882,-0.48397,0.027103,TRACKING,-0.41818,0.40000,rad/s
p4_normal_20261006_205250,22.4174,1791286967123577600,1,0.27967,-0.44707,0.026651,TRACKING,-0.41822,0.38717,rad/s
p4_normal_20261006_205250,22.4501,1791286967156935168,1,0.28154,-0.41260,0.026237,TRACKING,-0.41822,0.38717,rad/s
p4_normal_20261006_205250,22.4825,1791286967190292480,1,0.28265,-0.37536,0.025901,TRACKING,-0.42230,0.33008,rad/s
p4_normal_20261006_205250,22.5268,1791286967223649792,1,0.28473,-0.33248,0.025480,TRACKING,-0.42398,0.30028,rad/s
p4_normal_20261006_205250,22.5514,1791286967257007360,1,0.28652,-0.29228,0.025228,TRACKING,-0.42398,0.30028,rad/s
p4_normal_20261006_205250,22.5822,1791286967290364928,1,0.28844,-0.24521,0.025145,TRACKING,-0.42977,0.23382,rad/s
p4_normal_20261006_205250,22.6168,1791286967323722496,1,0.28954,-0.20744,0.025234,TRACKING,-0.43266,0.19617,rad/s
p4_normal_20261006_205250,22.6488,1791286967357079808,1,0.29251,-0.16824,0.025184,TRACKING,-0.43266,0.19617,rad/s
p4_normal_20261006_205250,22.6836,1791286967390437376,1,0.29600,-0.13807,0.025770,TRACKING,-0.43876,0.13459,rad/s
p4_normal_20261006_205250,22.7172,1791286967423794688,1,0.29955,-0.11165,0.026725,TRACKING,-0.44400,0.11046,rad/s
p4_normal_20261006_205250,22.7516,1791286967457152000,1,0.29967,-0.09063,0.029429,TRACKING,-0.44400,0.11046,rad/s
p4_normal_20261006_205250,22.7839,1791286967490509568,1,0.30127,-0.06818,0.032897,TRACKING,-0.44950,0.07251,rad/s
p4_normal_20261006_205250,22.8163,1791286967523866880,1,0.30553,-0.04010,0.035955,TRACKING,-0.45191,0.05455,rad/s
p4_normal_20261006_205250,22.8488,1791286967557224448,1,0.31500,-0.01614,0.036597,TRACKING,-0.45191,0.05455,rad/s
p4_normal_20261006_205250,22.8839,1791286967590581760,1,0.32283,-0.00024,0.036018,TRACKING,-0.47249,0.00000,rad/s
p4_normal_20261006_205250,22.9152,1791286967623939328,1,0.33001,0.01453,0.035365,TRACKING,-0.48425,0.00000,rad/s
p4_normal_20261006_205250,22.9513,1791286967657296896,1,0.33767,0.02607,0.034208,TRACKING,-0.48425,0.00000,rad/s
p4_normal_20261006_205250,22.9819,1791286967690654208,1,0.34560,0.03572,0.033164,TRACKING,-0.50651,0.00000,rad/s
p4_normal_20261006_205250,23.0176,1791286967724011776,1,0.35418,0.04384,0.032025,TRACKING,-0.51840,0.00000,rad/s
p4_normal_20261006_205250,23.0500,1791286967757369088,1,0.36485,0.05113,0.031189,TRACKING,-0.51840,0.00000,rad/s
p4_normal_20261006_205250,23.0833,1791286967790726656,1,0.37615,0.05683,0.030740,TRACKING,-0.54727,-0.04090,rad/s
p4_normal_20261006_205250,23.1188,1791286967824083968,1,0.38901,0.05611,0.030093,TRACKING,-0.56423,-0.04547,rad/s
p4_normal_20261006_205250,23.1504,1791286967857441280,1,0.40163,0.04830,0.030286,TRACKING,-0.56423,-0.04547,rad/s
p4_normal_20261006_205250,23.1857,1791286967890798848,1,0.41427,0.04291,0.030419,TRACKING,-0.60000,0.00000,rad/s
p4_normal_20261006_205250,23.2152,1791286967924156160,1,0.42689,0.03389,0.030896,TRACKING,-0.60000,0.00000,rad/s
p4_normal_20261006_205250,23.2505,1791286967957513472,1,0.43864,0.02632,0.031612,TRACKING,-0.60000,0.00000,rad/s
p4_normal_20261006_205250,23.2813,1791286967990870784,1,0.44878,0.01878,0.031541,TRACKING,-0.60000,0.00000,rad/s
p4_normal_20261006_205250,23.3169,1791286968024228352,1,0.45730,0.01105,0.032606,TRACKING,-0.60000,0.00000,rad/s
p4_normal_20261006_205250,23.3511,1791286968057585664,1,0.46288,0.00706,0.032370,TRACKING,-0.60000,0.00000,rad/s
p4_normal_20261006_205250,23.3831,1791286968090943232,1,0.46856,0.00377,0.033012,TRACKING,-0.60000,0.00000,rad/s
p4_normal_20261006_205250,23.4152,1791286968124301312,1,0.47245,0.00164,0.032882,TRACKING,-0.60000,0.00000,rad/s
p4_normal_20261006_205250,23.4516,1791286968157659648,1,0.47493,-0.00105,0.033273,TRACKING,-0.60000,0.00000,rad/s
p4_normal_20261006_205250,23.4833,1791286968191017728,1,0.47586,-0.00316,0.032930,TRACKING,-0.60000,0.00000,rad/s
p4_normal_20261006_205250,23.5196,1791286968224376064,1,0.47744,-0.00242,0.032936,TRACKING,-0.60000,0.00000,rad/s
p4_normal_20261006_205250,23.5530,1791286968257734144,1,0.47581,-0.00354,0.031936,TRACKING,-0.60000,0.00000,rad/s
p4_normal_20261006_205250,23.5825,1791286968291092480,1,0.47267,-0.00172,0.031057,TRACKING,-0.60000,0.00000,rad/s
p4_normal_20261006_205250,23.6182,1791286968324450560,1,0.46782,0.00002,0.029382,TRACKING,-0.60000,0.00000,rad/s
p4_normal_20261006_205250,23.6506,1791286968357808896,1,0.45513,-0.00661,0.026181,TRACKING,-0.60000,0.00000,rad/s
p4_normal_20261006_205250,23.6849,1791286968391167232,1,0.44470,-0.00431,0.023066,TRACKING,-0.60000,0.00000,rad/s
p4_normal_20261006_205250,23.7159,1791286968424525312,1,0.43602,0.00286,0.019989,TRACKING,-0.60000,0.00000,rad/s
p4_normal_20261006_205250,23.7506,1791286968457883648,1,0.42937,0.01152,0.017355,TRACKING,-0.60000,0.00000,rad/s
p4_normal_20261006_205250,23.7834,1791286968491241984,1,0.42470,0.01573,0.015493,TRACKING,-0.60000,0.00000,rad/s
p4_normal_20261006_205250,23.8196,1791286968524600064,1,0.42544,0.02938,0.014948,TRACKING,-0.60000,0.00000,rad/s
p4_normal_20261006_205250,23.8508,1791286968557958400,1,0.42468,0.03918,0.014167,TRACKING,-0.60000,0.00000,rad/s
p4_normal_20261006_205250,23.8833,1791286968591316736,1,0.42438,0.05053,0.013010,TRACKING,-0.60000,0.00000,rad/s
p4_normal_20261006_205250,23.9195,1791286968624675072,1,0.42529,0.06809,0.012298,TRACKING,-0.60000,-0.04043,rad/s
p4_normal_20261006_205250,23.9516,1791286968658033152,1,0.42507,0.08495,0.010929,TRACKING,-0.60000,-0.04043,rad/s
p4_normal_20261006_205250,23.9831,1791286968691391488,1,0.42489,0.10208,0.009204,TRACKING,-0.60000,-0.06796,rad/s
p4_normal_20261006_205250,24.0198,1791286968724750080,1,0.42970,0.14450,0.006309,TRACKING,-0.60000,-0.08166,rad/s
p4_normal_20261006_205250,24.0536,1791286968758108160,0,,,0.000000,TRACKING,-0.60000,-0.08166,rad/s
p4_normal_20261006_205250,24.0825,1791286968791466496,0,,,0.000000,LOST,0.00000,0.00000,rad/s
p4_normal_20261006_205250,24.1184,1791286968824824832,0,,,0.000000,LOST,0.00000,0.00000,rad/s
p4_normal_20261006_205250,24.1516,1791286968858183168,0,,,0.000000,LOST,0.00000,0.00000,rad/s
p4_normal_20261006_205250,24.1854,1791286968891541504,0,,,0.000000,LOST,0.00000,0.00000,rad/s
p4_normal_20261006_205250,24.2168,1791286968924899840,0,,,0.000000,LOST,0.00000,0.00000,rad/s
p4_normal_20261006_205250,24.2518,1791286968958258176,0,,,0.000000,LOST,0.00000,0.00000,rad/s
p4_normal_20261006_205250,24.2847,1791286968991616512,0,,,0.000000,LOST,0.00000,0.00000,rad/s
p4_normal_20261006_205250,24.3190,1791286969024974848,0,,,0.000000,LOST,0.00000,0.00000,rad/s
p4_normal_20261006_205250,24.3514,1791286969058333184,0,,,0.000000,LOST,0.00000,0.00000,rad/s
p4_normal_20261006_205250,24.3845,1791286969091691776,0,,,0.000000,LOST,0.00000,0.00000,rad/s
p4_normal_20261006_205250,24.4185,1791286969125048832,0,,,0.000000,LOST,0.00000,0.00000,rad/s
p4_normal_20261006_205250,24.4523,1791286969158406144,0,,,0.000000,LOST,0.00000,0.00000,rad/s
p4_normal_20261006_205250,24.4855,1791286969191763712,1,0.60155,0.07440,0.003683,LOST,0.00000,0.00000,rad/s
p4_normal_20261006_205250,24.5160,1791286969225120768,1,0.62682,0.07278,0.004503,LOST,0.00000,0.00000,rad/s
p4_normal_20261006_205250,24.5547,1791286969258478336,1,0.63968,0.05116,0.004382,LOST,0.00000,0.00000,rad/s
p4_normal_20261006_205250,24.5830,1791286969291835648,1,0.65086,0.03889,0.004384,TRACKING,-0.60000,-0.04093,rad/s
p4_normal_20261006_205250,24.6193,1791286969325192960,1,0.65204,0.02703,0.004282,TRACKING,-0.60000,0.00000,rad/s
p4_normal_20261006_205250,24.6546,1791286969358550272,1,0.65372,0.03409,0.004768,TRACKING,-0.60000,0.00000,rad/s
p4_normal_20261006_205250,24.6833,1791286969391907840,1,0.65208,0.04482,0.004900,TRACKING,-0.60000,0.00000,rad/s
p4_normal_20261006_205250,24.7172,1791286969425265152,1,0.64684,0.06886,0.005269,TRACKING,-0.60000,0.00000,rad/s
p4_normal_20261006_205250,24.7531,1791286969458622208,1,0.63297,0.09140,0.004907,TRACKING,-0.60000,0.00000,rad/s
p4_normal_20261006_205250,24.7853,1791286969491979776,1,0.61042,0.12816,0.004642,TRACKING,-0.60000,-0.07312,rad/s
p4_normal_20261006_205250,24.8197,1791286969525337088,0,,,0.000000,TRACKING,-0.60000,-0.10253,rad/s
p4_normal_20261006_205250,24.8541,1791286969558694400,0,,,0.000000,TRACKING,-0.60000,-0.10253,rad/s
p4_normal_20261006_205250,24.8855,1791286969592051712,0,,,0.000000,LOST,0.00000,0.00000,rad/s
p4_normal_20261006_205250,24.9187,1791286969625409280,0,,,0.000000,LOST,0.00000,0.00000,rad/s
p4_normal_20261006_205250,24.9529,1791286969658766592,0,,,0.000000,LOST,0.00000,0.00000,rad/s
p4_normal_20261006_205250,24.9835,1791286969692123904,0,,,0.000000,LOST,0.00000,0.00000,rad/s
p4_normal_20261006_205250,25.0188,1791286969725481216,0,,,0.000000,LOST,0.00000,0.00000,rad/s
p4_normal_20261006_205250,25.0534,1791286969758838528,1,0.32118,0.26885,0.006398,LOST,0.00000,0.00000,rad/s
p4_normal_20261006_205250,25.0838,1791286969792195840,1,0.31338,0.25683,0.007415,LOST,0.00000,0.00000,rad/s
p4_normal_20261006_205250,25.1190,1791286969825553152,1,0.31554,0.24274,0.007507,LOST,0.00000,0.00000,rad/s
p4_normal_20261006_205250,25.1525,1791286969858910720,1,0.32705,0.24380,0.006740,LOST,0.00000,0.00000,rad/s
p4_normal_20261006_205250,25.1849,1791286969892268032,0,,,0.000000,TRACKING,-0.49057,-0.19504,rad/s
p4_normal_20261006_205250,25.2182,1791286969925625344,0,,,0.000000,LOST,0.00000,0.00000,rad/s
p4_normal_20261006_205250,25.2517,1791286969958982656,0,,,0.000000,LOST,0.00000,0.00000,rad/s
p4_normal_20261006_205250,25.2860,1791286969992339968,0,,,0.000000,LOST,0.00000,0.00000,rad/s
p4_normal_20261006_205250,25.3181,1791286970025697536,0,,,0.000000,LOST,0.00000,0.00000,rad/s
p4_normal_20261006_205250,25.3527,1791286970059054592,0,,,0.000000,LOST,0.00000,0.00000,rad/s
p4_normal_20261006_205250,25.3845,1791286970092412160,0,,,0.000000,LOST,0.00000,0.00000,rad/s
p4_normal_20261006_205250,25.4180,1791286970125769728,0,,,0.000000,LOST,0.00000,0.00000,rad/s
p4_normal_20261006_205250,25.4555,1791286970159127296,0,,,0.000000,LOST,0.00000,0.00000,rad/s
p4_normal_20261006_205250,25.4835,1791286970192484864,0,,,0.000000,LOST,0.00000,0.00000,rad/s
p4_normal_20261006_205250,25.5179,1791286970225842176,0,,,0.000000,LOST,0.00000,0.00000,rad/s
p4_normal_20261006_205250,25.5545,1791286970259200000,0,,,0.000000,LOST,0.00000,0.00000,rad/s
p4_normal_20261006_205250,25.5839,1791286970292557312,0,,,0.000000,LOST,0.00000,0.00000,rad/s
p4_normal_20261006_205250,25.6182,1791286970325915136,0,,,0.000000,LOST,0.00000,0.00000,rad/s
p4_normal_20261006_205250,25.6527,1791286970359272448,0,,,0.000000,LOST,0.00000,0.00000,rad/s
p4_normal_20261006_205250,25.6845,1791286970392630016,0,,,0.000000,LOST,0.00000,0.00000,rad/s
p4_normal_20261006_205250,25.7180,1791286970425987584,0,,,0.000000,LOST,0.00000,0.00000,rad/s
p4_normal_20261006_205250,25.7509,1791286970459345152,0,,,0.000000,LOST,0.00000,0.00000,rad/s
p4_normal_20261006_205250,25.7864,1791286970492702976,0,,,0.000000,LOST,0.00000,0.00000,rad/s
p4_normal_20261006_205250,25.8184,1791286970526060288,0,,,0.000000,LOST,0.00000,0.00000,rad/s
p4_normal_20261006_205250,25.8543,1791286970559417856,0,,,0.000000,LOST,0.00000,0.00000,rad/s
p4_normal_20261006_205250,25.8846,1791286970592775424,0,,,0.000000,LOST,0.00000,0.00000,rad/s
p4_normal_20261006_205250,25.9216,1791286970626132992,0,,,0.000000,LOST,0.00000,0.00000,rad/s
p4_normal_20261006_205250,25.9530,1791286970659490816,0,,,0.000000,LOST,0.00000,0.00000,rad/s
p4_normal_20261006_205250,25.9838,1791286970692848128,1,0.40993,0.20788,0.006797,LOST,0.00000,0.00000,rad/s
p4_normal_20261006_205250,26.0197,1791286970726205696,1,0.36059,0.20826,0.007370,LOST,0.00000,0.00000,rad/s
p4_normal_20261006_205250,26.0552,1791286970759563264,1,0.32377,0.21371,0.008294,LOST,0.00000,0.00000,rad/s
p4_normal_20261006_205250,26.0838,1791286970792920832,1,0.29389,0.20315,0.011204,TRACKING,-0.48566,-0.17097,rad/s
p4_normal_20261006_205250,26.1194,1791286970826278656,1,0.27085,0.20069,0.013600,TRACKING,-0.44084,-0.16252,rad/s
p4_normal_20261006_205250,26.1514,1791286970859635968,1,0.25793,0.23181,0.014640,TRACKING,-0.44084,-0.16252,rad/s
p4_normal_20261006_205250,26.1838,1791286970892993536,1,0.25438,0.29790,0.014588,TRACKING,-0.38690,-0.18545,rad/s
p4_normal_20261006_205250,26.2190,1791286970926351360,1,0.25255,0.34779,0.017298,TRACKING,-0.38158,-0.23832,rad/s
p4_normal_20261006_205250,26.2522,1791286970959708928,1,0.25281,0.42374,0.017888,TRACKING,-0.38158,-0.23832,rad/s
p4_normal_20261006_205250,26.2866,1791286970993066496,1,0.25316,0.48095,0.020924,TRACKING,-0.37922,-0.33899,rad/s
p4_normal_20261006_205250,26.3195,1791286971026424064,1,0.25170,0.53910,0.023648,TRACKING,-0.37974,-0.38476,rad/s
p4_normal_20261006_205250,26.3536,1791286971059781632,1,0.24831,0.59692,0.025098,TRACKING,-0.37974,-0.38476,rad/s
p4_normal_20261006_205250,26.3850,1791286971093139200,1,0.24147,0.65839,0.026701,TRACKING,-0.37246,-0.40000,rad/s
p4_normal_20261006_205250,26.4208,1791286971126496512,1,0.23252,0.69253,0.026274,TRACKING,-0.36220,-0.40000,rad/s
p4_normal_20261006_205250,26.4529,1791286971159853824,1,0.21898,0.71147,0.024816,TRACKING,-0.36220,-0.40000,rad/s
p4_normal_20261006_205250,26.4864,1791286971193211136,1,0.20759,0.73182,0.023064,TRACKING,-0.32847,-0.40000,rad/s
p4_normal_20261006_205250,26.5192,1791286971226568448,1,0.19559,0.74942,0.021632,TRACKING,-0.31139,-0.40000,rad/s
p4_normal_20261006_205250,26.5566,1791286971259925760,1,0.18532,0.76388,0.020369,TRACKING,-0.31139,-0.40000,rad/s
p4_normal_20261006_205250,26.5836,1791286971293283072,1,0.17458,0.77612,0.019221,TRACKING,-0.27798,-0.40000,rad/s
p4_normal_20261006_205250,26.6194,1791286971326640128,1,0.16101,0.78655,0.018260,TRACKING,-0.26187,-0.40000,rad/s
p4_normal_20261006_205250,26.6544,1791286971359997440,1,0.14701,0.79612,0.017524,TRACKING,-0.26187,-0.40000,rad/s
p4_normal_20261006_205250,26.6843,1791286971393354752,1,0.13344,0.80177,0.017088,TRACKING,-0.22052,-0.40000,rad/s
p4_normal_20261006_205250,26.7186,1791286971426712064,1,0.11992,0.80749,0.016554,TRACKING,-0.20016,-0.40000,rad/s
p4_normal_20261006_205250,26.7520,1791286971460069376,1,0.10477,0.80930,0.016450,TRACKING,-0.20016,-0.40000,rad/s
p4_normal_20261006_205250,26.7853,1791286971493426432,1,0.09051,0.80996,0.016417,TRACKING,-0.15715,-0.40000,rad/s
p4_normal_20261006_205250,26.8192,1791286971526783744,1,0.07687,0.81237,0.016198,TRACKING,-0.13576,-0.40000,rad/s
p4_normal_20261006_205250,26.8519,1791286971560141056,1,0.06445,0.81500,0.016003,TRACKING,-0.13576,-0.40000,rad/s
p4_normal_20261006_205250,26.8863,1791286971593498368,1,0.05151,0.81646,0.015864,TRACKING,-0.09668,-0.40000,rad/s
p4_normal_20261006_205250,26.9206,1791286971626855424,1,0.04004,0.81957,0.015686,TRACKING,-0.07727,-0.40000,rad/s
p4_normal_20261006_205250,26.9528,1791286971660212736,1,0.02992,0.82532,0.015141,TRACKING,-0.07727,-0.40000,rad/s
p4_normal_20261006_205250,26.9862,1791286971693569792,1,0.01923,0.83028,0.014781,TRACKING,0.00000,-0.40000,rad/s
p4_normal_20261006_205250,27.0190,1791286971726927360,1,0.00986,0.83712,0.014186,TRACKING,0.00000,-0.40000,rad/s
p4_normal_20261006_205250,27.0560,1791286971760284416,1,0.00106,0.84133,0.013815,TRACKING,0.00000,-0.40000,rad/s
p4_normal_20261006_205250,27.0844,1791286971793641728,1,-0.00682,0.84649,0.013401,TRACKING,0.00000,-0.40000,rad/s
p4_normal_20261006_205250,27.1201,1791286971826998784,1,-0.01118,0.84908,0.013207,TRACKING,0.00000,-0.40000,rad/s
p4_normal_20261006_205250,27.1549,1791286971860355840,1,-0.01650,0.85215,0.012862,TRACKING,0.00000,-0.40000,rad/s
p4_normal_20261006_205250,27.1847,1791286971893713152,1,-0.01935,0.85353,0.012743,TRACKING,0.00000,-0.40000,rad/s
p4_normal_20261006_205250,27.2197,1791286971927070208,1,-0.01927,0.85540,0.012539,TRACKING,0.00000,-0.40000,rad/s
p4_normal_20261006_205250,27.2523,1791286971960427520,1,-0.01918,0.85587,0.012535,TRACKING,0.00000,-0.40000,rad/s
p4_normal_20261006_205250,27.2867,1791286971993784576,1,-0.01935,0.85426,0.012689,TRACKING,0.00000,-0.40000,rad/s
p4_normal_20261006_205250,27.3193,1791286972027141888,1,-0.01605,0.85316,0.012819,TRACKING,0.00000,-0.40000,rad/s
p4_normal_20261006_205250,27.3559,1791286972060498944,1,-0.01018,0.85252,0.012928,TRACKING,0.00000,-0.40000,rad/s
p4_normal_20261006_205250,27.3838,1791286972093856256,1,-0.00705,0.85139,0.013045,TRACKING,0.00000,-0.40000,rad/s
p4_normal_20261006_205250,27.4195,1791286972127213568,1,-0.00688,0.85021,0.013247,TRACKING,0.00000,-0.40000,rad/s
p4_normal_20261006_205250,27.4569,1791286972160570880,1,-0.00486,0.85139,0.013303,TRACKING,0.00000,-0.40000,rad/s
p4_normal_20261006_205250,27.4839,1791286972193927936,1,-0.00385,0.84989,0.013524,TRACKING,0.00000,-0.40000,rad/s
p4_normal_20261006_205250,27.5207,1791286972227285248,1,-0.00348,0.84920,0.013754,TRACKING,0.00000,-0.40000,rad/s
p4_normal_20261006_205250,27.5544,1791286972260642560,1,-0.00521,0.84705,0.013893,TRACKING,0.00000,-0.40000,rad/s
p4_normal_20261006_205250,27.5850,1791286972293999872,1,-0.00706,0.84534,0.014128,TRACKING,0.00000,-0.40000,rad/s
p4_normal_20261006_205250,27.6199,1791286972327356928,1,-0.01080,0.84137,0.014468,TRACKING,0.00000,-0.40000,rad/s
p4_normal_20261006_205250,27.6527,1791286972360713984,1,-0.01474,0.83881,0.014755,TRACKING,0.00000,-0.40000,rad/s
p4_normal_20261006_205250,27.6867,1791286972394071296,1,-0.01997,0.83453,0.015041,TRACKING,0.00000,-0.40000,rad/s
p4_normal_20261006_205250,27.7202,1791286972427428608,1,-0.02464,0.82998,0.015339,TRACKING,0.00000,-0.40000,rad/s
p4_normal_20261006_205250,27.7572,1791286972460785920,1,-0.02996,0.82575,0.015582,TRACKING,0.00000,-0.40000,rad/s
p4_normal_20261006_205250,27.7848,1791286972494142976,1,-0.03636,0.82173,0.015640,TRACKING,0.00000,-0.40000,rad/s
p4_normal_20261006_205250,27.8201,1791286972527500288,1,-0.04167,0.81760,0.015842,TRACKING,0.00000,-0.40000,rad/s
p4_normal_20261006_205250,27.8574,1791286972560857344,1,-0.04671,0.81604,0.015866,TRACKING,0.00000,-0.40000,rad/s
p4_normal_20261006_205250,27.8843,1791286972594214656,1,-0.05185,0.81479,0.015996,TRACKING,0.00000,-0.40000,rad/s
p4_normal_20261006_205250,27.9222,1791286972627571712,1,-0.05298,0.80705,0.016536,TRACKING,0.07777,-0.40000,rad/s
p4_normal_20261006_205250,27.9573,1791286972660929024,1,-0.05170,0.80100,0.016862,TRACKING,0.07777,-0.40000,rad/s
p4_normal_20261006_205250,27.9847,1791286972694286080,1,-0.05126,0.78957,0.017496,TRACKING,0.07755,-0.40000,rad/s
p4_normal_20261006_205250,28.0204,1791286972727643392,1,-0.05365,0.78502,0.017810,TRACKING,0.07689,-0.40000,rad/s
p4_normal_20261006_205250,28.0539,1791286972761000448,1,-0.05523,0.77863,0.018136,TRACKING,0.07689,-0.40000,rad/s
p4_normal_20261006_205250,28.0856,1791286972794357760,1,-0.05639,0.76766,0.018802,TRACKING,0.08284,-0.40000,rad/s
p4_normal_20261006_205250,28.1196,1791286972827714816,1,-0.05729,0.75547,0.019735,TRACKING,0.08459,-0.40000,rad/s
p4_normal_20261006_205250,28.1530,1791286972861072128,1,-0.05972,0.74499,0.020571,TRACKING,0.08459,-0.40000,rad/s
p4_normal_20261006_205250,28.1855,1791286972894429184,1,-0.06094,0.72885,0.021573,TRACKING,0.08958,-0.40000,rad/s
p4_normal_20261006_205250,28.2206,1791286972927786496,1,-0.06311,0.71479,0.022413,TRACKING,0.09140,-0.40000,rad/s
p4_normal_20261006_205250,28.2525,1791286972961143552,1,-0.06316,0.69785,0.023637,TRACKING,0.09140,-0.40000,rad/s
p4_normal_20261006_205250,28.2862,1791286972994500608,1,-0.05839,0.66952,0.024512,TRACKING,0.09474,-0.40000,rad/s
p4_normal_20261006_205250,28.3203,1791286973027857920,1,-0.05403,0.62958,0.024399,TRACKING,0.08758,-0.40000,rad/s
p4_normal_20261006_205250,28.3546,1791286973061214976,1,-0.04868,0.59415,0.024225,TRACKING,0.08758,-0.40000,rad/s
p4_normal_20261006_205250,28.3850,1791286973094572288,1,-0.04670,0.57390,0.023431,TRACKING,0.00000,-0.40000,rad/s
p4_normal_20261006_205250,28.4207,1791286973127929600,1,-0.04497,0.55033,0.022925,TRACKING,0.00000,-0.40000,rad/s
p4_normal_20261006_205250,28.4536,1791286973161287168,1,-0.04365,0.52831,0.022467,TRACKING,0.00000,-0.40000,rad/s
p4_normal_20261006_205250,28.4863,1791286973194644736,1,-0.03526,0.50127,0.022316,TRACKING,0.00000,-0.40000,rad/s
p4_normal_20261006_205250,28.5213,1791286973228002304,1,-0.02413,0.47242,0.022138,TRACKING,0.00000,-0.40000,rad/s
p4_normal_20261006_205250,28.5571,1791286973261359616,1,-0.01380,0.43510,0.022457,TRACKING,0.00000,-0.40000,rad/s
p4_normal_20261006_205250,28.5860,1791286973294716928,1,-0.00440,0.40123,0.022708,TRACKING,0.00000,-0.34808,rad/s
p4_normal_20261006_205250,28.6213,1791286973328074496,1,0.00305,0.36969,0.022867,TRACKING,0.00000,-0.32098,rad/s
p4_normal_20261006_205250,28.6579,1791286973361431808,1,0.00920,0.33792,0.022990,TRACKING,0.00000,-0.32098,rad/s
p4_normal_20261006_205250,28.6856,1791286973394789376,1,0.01215,0.30547,0.023032,TRACKING,0.00000,-0.27034,rad/s
p4_normal_20261006_205250,28.7215,1791286973428146944,1,0.01430,0.27391,0.023116,TRACKING,0.00000,-0.24437,rad/s
p4_normal_20261006_205250,28.7570,1791286973461504512,1,0.01547,0.24423,0.023001,TRACKING,0.00000,-0.24437,rad/s
p4_normal_20261006_205250,28.7848,1791286973494861824,1,0.01651,0.21257,0.022934,TRACKING,0.00000,-0.19538,rad/s
p4_normal_20261006_205250,28.8223,1791286973528219136,1,0.01840,0.18200,0.022932,TRACKING,0.00000,-0.17006,rad/s
p4_normal_20261006_205250,28.8555,1791286973561576704,1,0.02217,0.15044,0.022943,TRACKING,0.00000,-0.17006,rad/s
p4_normal_20261006_205250,28.8858,1791286973594934016,1,0.02661,0.11747,0.023101,TRACKING,0.00000,-0.12035,rad/s
p4_normal_20261006_205250,28.9221,1791286973628291584,1,0.03109,0.08744,0.023314,TRACKING,0.00000,-0.09397,rad/s
p4_normal_20261006_205250,28.9558,1791286973661648896,1,0.03358,0.06438,0.023676,TRACKING,0.00000,-0.09397,rad/s
p4_normal_20261006_205250,28.9851,1791286973695006464,1,0.03593,0.04363,0.023663,TRACKING,0.00000,-0.05151,rad/s
p4_normal_20261006_205250,29.0221,1791286973728363776,1,0.03848,0.02290,0.024032,CENTERED,0.00000,0.00000,rad/s
p4_normal_20261006_205250,29.0566,1791286973761721344,1,0.04078,0.00366,0.024484,CENTERED,0.00000,0.00000,rad/s
p4_normal_20261006_205250,29.0871,1791286973795078912,1,0.04218,-0.00600,0.025187,CENTERED,0.00000,0.00000,rad/s
p4_normal_20261006_205250,29.1216,1791286973828436224,1,0.04587,-0.00785,0.025777,CENTERED,0.00000,0.00000,rad/s
p4_normal_20261006_205250,29.1563,1791286973861793792,1,0.05136,-0.00097,0.026489,CENTERED,0.00000,0.00000,rad/s
p4_normal_20261006_205250,29.1859,1791286973895151104,1,0.05352,0.00689,0.027741,TRACKING,-0.07705,0.00000,rad/s
p4_normal_20261006_205250,29.2217,1791286973928508672,1,0.05002,0.02273,0.028090,TRACKING,-0.08029,0.00000,rad/s
p4_normal_20261006_205250,29.2554,1791286973961865984,1,0.04647,0.04972,0.028257,TRACKING,-0.08029,0.00000,rad/s
p4_normal_20261006_205250,29.2872,1791286973995223296,1,0.04375,0.07420,0.028092,CENTERED,0.00000,0.00000,rad/s
p4_normal_20261006_205250,29.3216,1791286974028580864,1,0.04113,0.10138,0.027613,TRACKING,0.00000,-0.05936,rad/s
p4_normal_20261006_205250,29.3566,1791286974061938176,1,0.04133,0.12133,0.027190,TRACKING,0.00000,-0.05936,rad/s
p4_normal_20261006_205250,29.3865,1791286974095295744,1,0.04490,0.13916,0.026849,TRACKING,0.00000,-0.09706,rad/s
p4_normal_20261006_205250,29.4216,1791286974128653568,1,0.04787,0.15784,0.026569,TRACKING,0.00000,-0.11133,rad/s
p4_normal_20261006_205250,29.4576,1791286974162011392,1,0.05049,0.17831,0.026319,TRACKING,0.00000,-0.11133,rad/s
p4_normal_20261006_205250,29.4876,1791286974195369472,1,0.05451,0.20154,0.025933,TRACKING,-0.07573,-0.14265,rad/s
p4_normal_20261006_205250,29.5210,1791286974228727296,1,0.05790,0.22702,0.025614,TRACKING,-0.08176,-0.16123,rad/s
p4_normal_20261006_205250,29.5610,1791286974262085376,1,0.05859,0.25359,0.025328,TRACKING,-0.08686,-0.18162,rad/s
p4_normal_20261006_205250,29.5858,1791286974295443456,1,0.05760,0.27975,0.024991,TRACKING,-0.08686,-0.18162,rad/s
p4_normal_20261006_205250,29.6226,1791286974328801280,1,0.05733,0.30458,0.024653,TRACKING,-0.08639,-0.22380,rad/s
p4_normal_20261006_205250,29.6576,1791286974362159104,1,0.05629,0.32576,0.024399,TRACKING,-0.08639,-0.22380,rad/s
p4_normal_20261006_205250,29.6876,1791286974395517184,1,0.05043,0.35435,0.024149,TRACKING,-0.08444,-0.26061,rad/s
p4_normal_20261006_205250,29.7214,1791286974428875264,1,0.04404,0.37673,0.024013,TRACKING,-0.07565,-0.28348,rad/s
p4_normal_20261006_205250,29.7565,1791286974462233088,1,0.04039,0.39979,0.023741,TRACKING,-0.07565,-0.28348,rad/s
p4_normal_20261006_205250,29.7861,1791286974495591168,1,0.03646,0.42650,0.023518,TRACKING,0.00000,-0.31984,rad/s
p4_normal_20261006_205250,29.8216,1791286974528948992,1,0.02982,0.45381,0.023494,TRACKING,0.00000,-0.34120,rad/s
p4_normal_20261006_205250,29.8558,1791286974562307072,1,0.02223,0.47963,0.023394,TRACKING,0.00000,-0.34120,rad/s
p4_normal_20261006_205250,29.8867,1791286974595665152,1,0.01419,0.50496,0.023316,TRACKING,0.00000,-0.38370,rad/s
p4_normal_20261006_205250,29.9232,1791286974629022976,1,0.00616,0.52817,0.023127,TRACKING,0.00000,-0.40000,rad/s
p4_normal_20261006_205250,29.9576,1791286974662380800,1,-0.00087,0.55133,0.023058,TRACKING,0.00000,-0.40000,rad/s
p4_normal_20261006_205250,29.9872,1791286974695739136,1,-0.00957,0.57403,0.023051,TRACKING,0.00000,-0.40000,rad/s
p4_normal_20261006_205250,30.0216,1791286974729096960,1,-0.01795,0.59371,0.022815,TRACKING,0.00000,-0.40000,rad/s
p4_normal_20261006_205250,30.0553,1791286974762455040,1,-0.02338,0.60757,0.022465,TRACKING,0.00000,-0.40000,rad/s
p4_normal_20261006_205250,30.0868,1791286974795812864,1,-0.02658,0.61708,0.022086,TRACKING,0.00000,-0.40000,rad/s
p4_normal_20261006_205250,30.1207,1791286974829170944,1,-0.02782,0.62397,0.021868,TRACKING,0.00000,-0.40000,rad/s
p4_normal_20261006_205250,30.1587,1791286974862529024,1,-0.03097,0.62873,0.021660,TRACKING,0.00000,-0.40000,rad/s
p4_normal_20261006_205250,30.1868,1791286974895886848,1,-0.03550,0.62836,0.021380,TRACKING,0.00000,-0.40000,rad/s
p4_normal_20261006_205250,30.2237,1791286974929244928,1,-0.04111,0.62597,0.021068,TRACKING,0.00000,-0.40000,rad/s
p4_normal_20261006_205250,30.2566,1791286974962603008,1,-0.04879,0.61966,0.020816,TRACKING,0.00000,-0.40000,rad/s
p4_normal_20261006_205250,30.2872,1791286974995960832,1,-0.05574,0.60930,0.020807,TRACKING,0.00000,-0.40000,rad/s
p4_normal_20261006_205250,30.3212,1791286975029319168,1,-0.06086,0.59730,0.020740,TRACKING,0.08360,-0.40000,rad/s
p4_normal_20261006_205250,30.3595,1791286975062676992,1,-0.06584,0.58249,0.020796,TRACKING,0.08360,-0.40000,rad/s
p4_normal_20261006_205250,30.3872,1791286975096035072,1,-0.07103,0.56246,0.020961,TRACKING,0.09129,-0.40000,rad/s
p4_normal_20261006_205250,30.4221,1791286975129392384,1,-0.07531,0.54587,0.021070,TRACKING,0.10654,-0.40000,rad/s
p4_normal_20261006_205250,30.4593,1791286975162749696,1,-0.07967,0.52953,0.021079,TRACKING,0.10654,-0.40000,rad/s
p4_normal_20261006_205250,30.4874,1791286975196107264,1,-0.08307,0.50908,0.021070,TRACKING,0.11296,-0.40000,rad/s
p4_normal_20261006_205250,30.5223,1791286975229464320,1,-0.08199,0.48639,0.021189,TRACKING,0.12460,-0.40000,rad/s
p4_normal_20261006_205250,30.5581,1791286975262821888,1,-0.07871,0.46477,0.021278,TRACKING,0.12460,-0.40000,rad/s
p4_normal_20261006_205250,30.5871,1791286975296178944,1,-0.07476,0.44349,0.021432,TRACKING,0.11806,-0.37181,rad/s
p4_normal_20261006_205250,30.6226,1791286975329536256,1,-0.06815,0.41758,0.021500,TRACKING,0.11214,-0.35479,rad/s
p4_normal_20261006_205250,30.6567,1791286975362893824,1,-0.06070,0.39311,0.021500,TRACKING,0.11214,-0.35479,rad/s
p4_normal_20261006_205250,30.6874,1791286975396250880,1,-0.05518,0.36776,0.021447,TRACKING,0.09105,-0.31449,rad/s
p4_normal_20261006_205250,30.7224,1791286975429608448,1,-0.05042,0.33871,0.021280,TRACKING,0.08277,-0.29421,rad/s
p4_normal_20261006_205250,30.7556,1791286975462965504,1,-0.04508,0.30775,0.021237,TRACKING,0.08277,-0.29421,rad/s
p4_normal_20261006_205250,30.7874,1791286975496323072,1,-0.04140,0.27779,0.021139,TRACKING,0.00000,-0.24620,rad/s
p4_normal_20261006_205250,30.8231,1791286975529680384,1,-0.03847,0.24342,0.020883,TRACKING,0.00000,-0.22223,rad/s
p4_normal_20261006_205250,30.8580,1791286975563037696,1,-0.03483,0.20779,0.020929,TRACKING,0.00000,-0.22223,rad/s
p4_normal_20261006_205250,30.8873,1791286975596395008,1,-0.03243,0.17273,0.020885,TRACKING,0.00000,-0.16623,rad/s
p4_normal_20261006_205250,30.9238,1791286975629752320,1,-0.03434,0.13985,0.020914,TRACKING,0.00000,-0.13818,rad/s
p4_normal_20261006_205250,30.9588,1791286975663109632,1,-0.03948,0.10768,0.021096,TRACKING,0.00000,-0.13818,rad/s
p4_normal_20261006_205250,30.9877,1791286975696466944,1,-0.05004,0.07955,0.021317,TRACKING,0.00000,-0.11188,rad/s
p4_normal_20261006_205250,31.0225,1791286975729824256,1,-0.06463,0.05799,0.021387,TRACKING,0.07505,-0.06364,rad/s
p4_normal_20261006_205250,31.0606,1791286975763181568,1,-0.08099,0.03922,0.021547,TRACKING,0.07505,-0.06364,rad/s
p4_normal_20261006_205250,31.0877,1791286975796538880,1,-0.09928,0.02542,0.021695,TRACKING,0.09695,-0.04639,rad/s
p4_normal_20261006_205250,31.1229,1791286975829896192,1,-0.12021,0.01208,0.021858,TRACKING,0.14892,0.00000,rad/s
p4_normal_20261006_205250,31.1586,1791286975863253504,1,-0.14042,0.00086,0.022079,TRACKING,0.14892,0.00000,rad/s
p4_normal_20261006_205250,31.1876,1791286975896610816,1,-0.15929,-0.00984,0.022179,TRACKING,0.18032,0.00000,rad/s
p4_normal_20261006_205250,31.2247,1791286975929968128,1,-0.17893,-0.01907,0.022448,TRACKING,0.23894,0.00000,rad/s
p4_normal_20261006_205250,31.2570,1791286975963325440,1,-0.19932,-0.02555,0.022836,TRACKING,0.23894,0.00000,rad/s
p4_normal_20261006_205250,31.2880,1791286975996682752,1,-0.22120,-0.02726,0.023277,TRACKING,0.29898,0.00000,rad/s
p4_normal_20261006_205250,31.3236,1791286976030040064,1,-0.24274,-0.02485,0.023509,TRACKING,0.33180,0.00000,rad/s
p4_normal_20261006_205250,31.3586,1791286976063397376,1,-0.26640,-0.02241,0.023930,TRACKING,0.33180,0.00000,rad/s
p4_normal_20261006_205250,31.3871,1791286976096754688,1,-0.28891,-0.01745,0.023663,TRACKING,0.36410,0.00000,rad/s
p4_normal_20261006_205250,31.4246,1791286976130112768,1,-0.30717,-0.02002,0.024112,TRACKING,0.43337,0.00000,rad/s
p4_normal_20261006_205250,31.4578,1791286976163470848,1,-0.32477,-0.02284,0.024540,TRACKING,0.43337,0.00000,rad/s
p4_normal_20261006_205250,31.4878,1791286976196829184,1,-0.34169,-0.02316,0.024104,TRACKING,0.48715,0.00000,rad/s
p4_normal_20261006_205250,31.5239,1791286976230187264,1,-0.35432,-0.02675,0.024388,TRACKING,0.51254,0.00000,rad/s
p4_normal_20261006_205250,31.5587,1791286976263545344,1,-0.36210,-0.03298,0.024750,TRACKING,0.51254,0.00000,rad/s
p4_normal_20261006_205250,31.5876,1791286976296903424,1,-0.36794,-0.04458,0.025095,TRACKING,0.53148,0.00000,rad/s
p4_normal_20261006_205250,31.6244,1791286976330261504,1,-0.37402,-0.05427,0.025883,TRACKING,0.55191,0.00000,rad/s
p4_normal_20261006_205250,31.6589,1791286976363619584,1,-0.37894,-0.06317,0.026235,TRACKING,0.55191,0.00000,rad/s
p4_normal_20261006_205250,31.6879,1791286976396977664,1,-0.38232,-0.07460,0.026178,TRACKING,0.56104,0.04342,rad/s
p4_normal_20261006_205250,31.7237,1791286976430336000,1,-0.38470,-0.08544,0.026849,TRACKING,0.57349,0.05968,rad/s
p4_normal_20261006_205250,31.7581,1791286976463694080,1,-0.38550,-0.09958,0.027036,TRACKING,0.57349,0.05968,rad/s
p4_normal_20261006_205250,31.7885,1791286976497052416,1,-0.38431,-0.11527,0.027691,TRACKING,0.57824,0.07967,rad/s
p4_normal_20261006_205250,31.8237,1791286976530410752,1,-0.38406,-0.13020,0.028108,TRACKING,0.57647,0.09222,rad/s
p4_normal_20261006_205250,31.8602,1791286976563768832,1,-0.38365,-0.14628,0.028424,TRACKING,0.57647,0.09222,rad/s
p4_normal_20261006_205250,31.8883,1791286976597126912,1,-0.38369,-0.16377,0.028867,TRACKING,0.57609,0.10416,rad/s
p4_normal_20261006_205250,31.9243,1791286976630484992,1,-0.38375,-0.18042,0.029609,TRACKING,0.57553,0.13102,rad/s
p4_normal_20261006_205250,31.9590,1791286976663843328,1,-0.38131,-0.19759,0.029358,TRACKING,0.57553,0.13102,rad/s
p4_normal_20261006_205250,31.9876,1791286976697201408,1,-0.37826,-0.21276,0.030399,TRACKING,0.57562,0.14434,rad/s
p4_normal_20261006_205250,32.0229,1791286976730559744,1,-0.37525,-0.22845,0.030512,TRACKING,0.56740,0.17021,rad/s
p4_normal_20261006_205250,32.0613,1791286976763918080,1,-0.37530,-0.23623,0.029959,TRACKING,0.56287,0.18276,rad/s
p4_normal_20261006_205250,32.0880,1791286976797276160,1,-0.36851,-0.25205,0.029635,TRACKING,0.56287,0.18276,rad/s
p4_normal_20261006_205250,32.1236,1791286976830634240,1,-0.37034,-0.25089,0.027107,TRACKING,0.55277,0.20164,rad/s
p4_normal_20261006_205250,32.1580,1791286976863992576,1,-0.36204,-0.27192,0.027930,TRACKING,0.55277,0.20164,rad/s
p4_normal_20261006_205250,32.1889,1791286976897350912,1,-0.35102,-0.28622,0.027884,TRACKING,0.54307,0.21754,rad/s
p4_normal_20261006_205250,32.2240,1791286976930708992,1,-0.33803,-0.30134,0.027923,TRACKING,0.52653,0.22898,rad/s
p4_normal_20261006_205250,32.2613,1791286976964067072,1,-0.32796,-0.31340,0.027530,TRACKING,0.52653,0.22898,rad/s
p4_normal_20261006_205250,32.2883,1791286976997425664,1,-0.31700,-0.33182,0.028108,TRACKING,0.50705,0.24107,rad/s
p4_normal_20261006_205250,32.3226,1791286977030783744,1,-0.29887,-0.36445,0.031107,TRACKING,0.47550,0.26545,rad/s
p4_normal_20261006_205250,32.3602,1791286977064142080,1,-0.28714,-0.38700,0.032452,TRACKING,0.47550,0.26545,rad/s
p4_normal_20261006_205250,32.3888,1791286977097500160,1,-0.27587,-0.39310,0.023939,TRACKING,0.44830,0.29156,rad/s
p4_normal_20261006_205250,32.4237,1791286977130858752,1,-0.26508,-0.43350,0.035230,TRACKING,0.41381,0.31448,rad/s
p4_normal_20261006_205250,32.4584,1791286977164217088,1,-0.25341,-0.45211,0.035914,TRACKING,0.41381,0.31448,rad/s
p4_normal_20261006_205250,32.4921,1791286977197575424,1,-0.20730,-0.49483,0.022101,TRACKING,0.39763,0.34680,rad/s
p4_normal_20261006_205250,32.5260,1791286977230933760,1,-0.17423,-0.50489,0.019327,TRACKING,0.31096,0.39586,rad/s
p4_normal_20261006_205250,32.5610,1791286977264292352,1,-0.17631,-0.54098,0.022422,TRACKING,0.26135,0.40000,rad/s
p4_normal_20261006_205250,32.5887,1791286977297650688,1,-0.15452,-0.56511,0.022750,TRACKING,0.26135,0.40000,rad/s
p4_normal_20261006_205250,32.6265,1791286977331009280,1,-0.14029,-0.59170,0.023598,TRACKING,0.23178,0.40000,rad/s
p4_normal_20261006_205250,32.6586,1791286977364367616,1,-0.14779,-0.62896,0.032454,TRACKING,0.23178,0.40000,rad/s
p4_normal_20261006_205250,32.6888,1791286977397725952,1,-0.13693,-0.64210,0.032856,TRACKING,0.21044,0.40000,rad/s
p4_normal_20261006_205250,32.7236,1791286977431084544,1,-0.10629,-0.66580,0.028377,TRACKING,0.20539,0.40000,rad/s
p4_normal_20261006_205250,32.7580,1791286977464443136,1,-0.08714,-0.66426,0.026159,TRACKING,0.20539,0.40000,rad/s
p4_normal_20261006_205250,32.7882,1791286977497801472,1,-0.08972,-0.66759,0.028496,TRACKING,0.13072,0.40000,rad/s
p4_normal_20261006_205250,32.8261,1791286977531159808,1,-0.08978,-0.66990,0.029581,TRACKING,0.13458,0.40000,rad/s
p4_normal_20261006_205250,32.8595,1791286977564518656,1,-0.08465,-0.66954,0.028785,TRACKING,0.13458,0.40000,rad/s
p4_normal_20261006_205250,32.8915,1791286977597876992,1,-0.07516,-0.67716,0.028112,TRACKING,0.13468,0.40000,rad/s
p4_normal_20261006_205250,32.9246,1791286977631235584,1,-0.07058,-0.68235,0.028153,TRACKING,0.11273,0.40000,rad/s
p4_normal_20261006_205250,32.9595,1791286977664593920,1,-0.06693,-0.68618,0.029078,TRACKING,0.11273,0.40000,rad/s
p4_normal_20261006_205250,32.9889,1791286977697952512,1,-0.06408,-0.68556,0.029763,TRACKING,0.10588,0.40000,rad/s
p4_normal_20261006_205250,33.0235,1791286977731311104,1,-0.06361,-0.68664,0.030456,TRACKING,0.09612,0.40000,rad/s
p4_normal_20261006_205250,33.0614,1791286977764669696,1,-0.06505,-0.68582,0.031000,TRACKING,0.09541,0.40000,rad/s
p4_normal_20261006_205250,33.0885,1791286977798028032,1,-0.07084,-0.68692,0.031656,TRACKING,0.09541,0.40000,rad/s
p4_normal_20261006_205250,33.1239,1791286977831386624,1,-0.07979,-0.69030,0.032118,TRACKING,0.10625,0.40000,rad/s
p4_normal_20261006_205250,33.1570,1791286977864745472,1,-0.08701,-0.69175,0.032715,TRACKING,0.10625,0.40000,rad/s
p4_normal_20261006_205250,33.1919,1791286977898103808,1,-0.09598,-0.69259,0.033255,TRACKING,0.13052,0.40000,rad/s
p4_normal_20261006_205250,33.2229,1791286977931462400,1,-0.10693,-0.69197,0.033876,TRACKING,0.14396,0.40000,rad/s
p4_normal_20261006_205250,33.2586,1791286977964820992,1,-0.11717,-0.69204,0.034646,TRACKING,0.14396,0.40000,rad/s
p4_normal_20261006_205250,33.2889,1791286977998179328,1,-0.12691,-0.69233,0.035230,TRACKING,0.16039,0.40000,rad/s
p4_normal_20261006_205250,33.3239,1791286978031538176,1,-0.13724,-0.69077,0.035898,TRACKING,0.19037,0.40000,rad/s
p4_normal_20261006_205250,33.3603,1791286978064896768,1,-0.14984,-0.69245,0.036439,TRACKING,0.20585,0.40000,rad/s
p4_normal_20261006_205250,33.3917,1791286978098255360,1,-0.16314,-0.69234,0.036855,TRACKING,0.20585,0.40000,rad/s
p4_normal_20261006_205250,33.4244,1791286978131612928,1,-0.17517,-0.69250,0.037398,TRACKING,0.24470,0.40000,rad/s
p4_normal_20261006_205250,33.4588,1791286978164970496,1,-0.18884,-0.69249,0.038019,TRACKING,0.24470,0.40000,rad/s
p4_normal_20261006_205250,33.4908,1791286978198328064,1,-0.20034,-0.69271,0.038485,TRACKING,0.26275,0.40000,rad/s
p4_normal_20261006_205250,33.5240,1791286978231685888,1,-0.20979,-0.69248,0.038947,TRACKING,0.30052,0.40000,rad/s
p4_normal_20261006_205250,33.5623,1791286978265043456,1,-0.22088,-0.69618,0.038911,TRACKING,0.31468,0.40000,rad/s
p4_normal_20261006_205250,33.5920,1791286978298401024,1,-0.23005,-0.70097,0.038895,TRACKING,0.31468,0.40000,rad/s
p4_normal_20261006_205250,33.6240,1791286978331758592,1,-0.23697,-0.70626,0.038646,TRACKING,0.34507,0.40000,rad/s
p4_normal_20261006_205250,33.6597,1791286978365116160,1,-0.24469,-0.70895,0.038418,TRACKING,0.34507,0.40000,rad/s
p4_normal_20261006_205250,33.6935,1791286978398473984,1,-0.25332,-0.71302,0.038346,TRACKING,0.35546,0.40000,rad/s
p4_normal_20261006_205250,33.7250,1791286978431831552,1,-0.26103,-0.71799,0.037626,TRACKING,0.37999,0.40000,rad/s
p4_normal_20261006_205250,33.7588,1791286978465189120,1,-0.26565,-0.72215,0.037431,TRACKING,0.37999,0.40000,rad/s
p4_normal_20261006_205250,33.7919,1791286978498546688,1,-0.27094,-0.72790,0.037005,TRACKING,0.39154,0.40000,rad/s
p4_normal_20261006_205250,33.8241,1791286978531904256,1,-0.27159,-0.72894,0.037079,TRACKING,0.40641,0.40000,rad/s
p4_normal_20261006_205250,33.8593,1791286978565262080,1,-0.26848,-0.72927,0.036899,TRACKING,0.40641,0.40000,rad/s
p4_normal_20261006_205250,33.8932,1791286978598619648,1,-0.26107,-0.73139,0.036734,TRACKING,0.40738,0.40000,rad/s
p4_normal_20261006_205250,33.9241,1791286978631976960,1,-0.25311,-0.73166,0.036556,TRACKING,0.39161,0.40000,rad/s
p4_normal_20261006_205250,33.9590,1791286978665334784,1,-0.24230,-0.73058,0.036270,TRACKING,0.39161,0.40000,rad/s
p4_normal_20261006_205250,33.9919,1791286978698692352,1,-0.22927,-0.73042,0.036773,TRACKING,0.37966,0.40000,rad/s
p4_normal_20261006_205250,34.0232,1791286978732050176,1,-0.21833,-0.73189,0.036274,TRACKING,0.34391,0.40000,rad/s
p4_normal_20261006_205250,34.0615,1791286978765407744,1,-0.20702,-0.73186,0.035592,TRACKING,0.32750,0.40000,rad/s
p4_normal_20261006_205250,34.0931,1791286978798765056,1,-0.19427,-0.73134,0.034727,TRACKING,0.32750,0.40000,rad/s
p4_normal_20261006_205250,34.1239,1791286978832122880,1,-0.18499,-0.73480,0.033930,TRACKING,0.29140,0.40000,rad/s
p4_normal_20261006_205250,34.1595,1791286978865480448,1,-0.17461,-0.73638,0.032109,TRACKING,0.29140,0.40000,rad/s
p4_normal_20261006_205250,34.1930,1791286978898838016,1,-0.16816,-0.73930,0.030677,TRACKING,0.27748,0.40000,rad/s
p4_normal_20261006_205250,34.2253,1791286978932195584,1,-0.16242,-0.73426,0.027919,TRACKING,0.25224,0.40000,rad/s
p4_normal_20261006_205250,34.2604,1791286978965553152,1,-0.16043,-0.74047,0.026714,TRACKING,0.24364,0.40000,rad/s
p4_normal_20261006_205250,34.2928,1791286978998910976,1,-0.16547,-0.71893,0.022424,TRACKING,0.24364,0.40000,rad/s
p4_normal_20261006_205250,34.3252,1791286979032268544,1,-0.16529,-0.73659,0.022808,TRACKING,0.24820,0.40000,rad/s
p4_normal_20261006_205250,34.3599,1791286979065625856,1,-0.17689,-0.72389,0.019750,TRACKING,0.24820,0.40000,rad/s
p4_normal_20261006_205250,34.3926,1791286979098983680,1,-0.18848,-0.71260,0.017305,TRACKING,0.24794,0.40000,rad/s
p4_normal_20261006_205250,34.4249,1791286979132341248,1,-0.19561,-0.72364,0.016591,TRACKING,0.28272,0.40000,rad/s
p4_normal_20261006_205250,34.4598,1791286979165698816,1,-0.19670,-0.75790,0.018522,TRACKING,0.28272,0.40000,rad/s
p4_normal_20261006_205250,34.4932,1791286979199056128,1,-0.20407,-0.78629,0.019826,TRACKING,0.29341,0.40000,rad/s
p4_normal_20261006_205250,34.5250,1791286979232413696,1,-0.22061,-0.81440,0.022676,TRACKING,0.30611,0.40000,rad/s
p4_normal_20261006_205250,34.5604,1791286979265771264,1,-0.23033,-0.82230,0.021821,TRACKING,0.33091,0.40000,rad/s
p4_normal_20261006_205250,34.5933,1791286979299128576,1,-0.23620,-0.82545,0.021476,TRACKING,0.33091,0.40000,rad/s
p4_normal_20261006_205250,34.6246,1791286979332486144,1,-0.24085,-0.82571,0.021554,TRACKING,0.35429,0.40000,rad/s
p4_normal_20261006_205250,34.6609,1791286979365843712,1,-0.24296,-0.82368,0.021719,TRACKING,0.36128,0.40000,rad/s
p4_normal_20261006_205250,34.6929,1791286979399201280,1,-0.24265,-0.81827,0.021788,TRACKING,0.36128,0.40000,rad/s
p4_normal_20261006_205250,34.7266,1791286979432558592,1,-0.24751,-0.80543,0.020866,TRACKING,0.36398,0.40000,rad/s
p4_normal_20261006_205250,34.7604,1791286979465915904,1,-0.25419,-0.79162,0.019308,TRACKING,0.37127,0.40000,rad/s
p4_normal_20261006_205250,34.7930,1791286979499273728,1,-0.25929,-0.78369,0.017170,TRACKING,0.37127,0.40000,rad/s
p4_normal_20261006_205250,34.8242,1791286979532631040,1,-0.25812,-0.77451,0.016530,TRACKING,0.38893,0.40000,rad/s
p4_normal_20261006_205250,34.8611,1791286979565988608,1,-0.25370,-0.76782,0.016654,TRACKING,0.38718,0.40000,rad/s
p4_normal_20261006_205250,34.8927,1791286979599346176,1,-0.25366,-0.76392,0.015339,TRACKING,0.38718,0.40000,rad/s
p4_normal_20261006_205250,34.9241,1791286979632703488,1,-0.24573,-0.76633,0.015920,TRACKING,0.38049,0.40000,rad/s
p4_normal_20261006_205250,34.9604,1791286979666061056,1,-0.22954,-0.76812,0.018136,TRACKING,0.36860,0.40000,rad/s
p4_normal_20261006_205250,34.9929,1791286979699418368,1,-0.21333,-0.76982,0.020017,TRACKING,0.36860,0.40000,rad/s
p4_normal_20261006_205250,35.0244,1791286979732776192,1,-0.19320,-0.77305,0.022880,TRACKING,0.31999,0.40000,rad/s
p4_normal_20261006_205250,35.0623,1791286979766133504,1,-0.18108,-0.76765,0.024809,TRACKING,0.28980,0.40000,rad/s
p4_normal_20261006_205250,35.0920,1791286979799491072,1,-0.17359,-0.76043,0.025443,TRACKING,0.28980,0.40000,rad/s
p4_normal_20261006_205250,35.1258,1791286979832848384,1,-0.16735,-0.75160,0.025768,TRACKING,0.26039,0.40000,rad/s
p4_normal_20261006_205250,35.1609,1791286979866205696,1,-0.16075,-0.74013,0.026070,TRACKING,0.25102,0.40000,rad/s
p4_normal_20261006_205250,35.1932,1791286979899563520,1,-0.15467,-0.72805,0.026113,TRACKING,0.25102,0.40000,rad/s
p4_normal_20261006_205250,35.2261,1791286979932920832,1,-0.14904,-0.71866,0.025959,TRACKING,0.23201,0.40000,rad/s
p4_normal_20261006_205250,35.2618,1791286979966278400,1,-0.14383,-0.70640,0.025575,TRACKING,0.22356,0.40000,rad/s
p4_normal_20261006_205250,35.2930,1791286979999635712,1,-0.13941,-0.69506,0.025211,TRACKING,0.22356,0.40000,rad/s
p4_normal_20261006_205250,35.3262,1791286980032993536,1,-0.13491,-0.68185,0.024820,TRACKING,0.20911,0.40000,rad/s
p4_normal_20261006_205250,35.3613,1791286980066350848,1,-0.13043,-0.66814,0.024180,TRACKING,0.20236,0.40000,rad/s
p4_normal_20261006_205250,35.3932,1791286980099708160,1,-0.12760,-0.64841,0.023481,TRACKING,0.20236,0.40000,rad/s
p4_normal_20261006_205250,35.4269,1791286980133065472,1,-0.12388,-0.62793,0.022925,TRACKING,0.19140,0.40000,rad/s
p4_normal_20261006_205250,35.4613,1791286980166422528,1,-0.12026,-0.60272,0.022348,TRACKING,0.18582,0.40000,rad/s
p4_normal_20261006_205250,35.4931,1791286980199779840,1,-0.11508,-0.57258,0.021921,TRACKING,0.18582,0.40000,rad/s
p4_normal_20261006_205250,35.5273,1791286980233136896,1,-0.10899,-0.54545,0.021615,TRACKING,0.17262,0.40000,rad/s
p4_normal_20261006_205250,35.5636,1791286980266494208,1,-0.10147,-0.51745,0.021293,TRACKING,0.16348,0.40000,rad/s
p4_normal_20261006_205250,35.5931,1791286980299851264,1,-0.09397,-0.48576,0.020966,TRACKING,0.16348,0.40000,rad/s
p4_normal_20261006_205250,35.6260,1791286980333208576,1,-0.08669,-0.45817,0.020727,TRACKING,0.14095,0.38861,rad/s
p4_normal_20261006_205250,35.6599,1791286980366565632,1,-0.08163,-0.43313,0.020417,TRACKING,0.14095,0.38861,rad/s
p4_normal_20261006_205250,35.6932,1791286980399922944,1,-0.07698,-0.40845,0.019948,TRACKING,0.13004,0.36654,rad/s
p4_normal_20261006_205250,35.7263,1791286980433280000,1,-0.07101,-0.38127,0.019559,TRACKING,0.11548,0.32676,rad/s
p4_normal_20261006_205250,35.7601,1791286980466637312,1,-0.06354,-0.34783,0.019132,TRACKING,0.11548,0.32676,rad/s
p4_normal_20261006_205250,35.7931,1791286980499994368,1,-0.05458,-0.30472,0.018746,TRACKING,0.10651,0.30502,rad/s
p4_normal_20261006_205250,35.8253,1791286980533351680,1,-0.04423,-0.25492,0.018403,TRACKING,0.08187,0.24377,rad/s
p4_normal_20261006_205250,35.8613,1791286980566708736,1,-0.03372,-0.20026,0.018056,TRACKING,0.00000,0.20394,rad/s
p4_normal_20261006_205250,35.8930,1791286980600065792,1,-0.02269,-0.14348,0.017973,TRACKING,0.00000,0.20394,rad/s
p4_normal_20261006_205250,35.9245,1791286980633423104,1,-0.01031,-0.09083,0.017891,TRACKING,0.00000,0.11478,rad/s
p4_normal_20261006_205250,35.9617,1791286980666780160,1,0.00123,-0.04815,0.017969,TRACKING,0.00000,0.07267,rad/s
p4_normal_20261006_205250,35.9930,1791286980700137216,1,0.01036,-0.01129,0.017938,TRACKING,0.00000,0.07267,rad/s
p4_normal_20261006_205250,36.0264,1791286980733494272,1,0.01815,0.01940,0.017841,CENTERED,0.00000,0.00000,rad/s
p4_normal_20261006_205250,36.0613,1791286980766851584,1,0.02569,0.04427,0.017791,CENTERED,0.00000,0.00000,rad/s
p4_normal_20261006_205250,36.0933,1791286980800208640,1,0.03115,0.06881,0.017680,CENTERED,0.00000,0.00000,rad/s
p4_normal_20261006_205250,36.1267,1791286980833565696,1,0.03498,0.09259,0.017684,TRACKING,0.00000,-0.05505,rad/s
p4_normal_20261006_205250,36.1605,1791286980866922752,1,0.03893,0.11848,0.017541,TRACKING,0.00000,-0.07407,rad/s
p4_normal_20261006_205250,36.1930,1791286980900280064,1,0.04404,0.13717,0.017695,TRACKING,0.00000,-0.07407,rad/s
p4_normal_20261006_205250,36.2255,1791286980933637120,1,0.04890,0.14898,0.017745,TRACKING,0.00000,-0.10973,rad/s
p4_normal_20261006_205250,36.2612,1791286980966994176,1,0.05472,0.15015,0.017680,TRACKING,0.00000,-0.11918,rad/s
p4_normal_20261006_205250,36.2931,1791286981000351232,1,0.06386,0.14527,0.017569,TRACKING,0.00000,-0.11918,rad/s
p4_normal_20261006_205250,36.3268,1791286981033708544,1,0.07570,0.14397,0.017448,TRACKING,-0.09579,-0.11622,rad/s
p4_normal_20261006_205250,36.3612,1791286981067065344,1,0.08919,0.14873,0.017346,TRACKING,-0.11355,-0.11517,rad/s
p4_normal_20261006_205250,36.3932,1791286981100422656,1,0.10402,0.15733,0.017298,TRACKING,-0.11355,-0.11517,rad/s
p4_normal_20261006_205250,36.4273,1791286981133780480,1,0.11928,0.16894,0.017391,TRACKING,-0.15603,-0.12587,rad/s
p4_normal_20261006_205250,36.4608,1791286981167138304,1,0.13602,0.17533,0.017368,TRACKING,-0.15603,-0.12587,rad/s
p4_normal_20261006_205250,36.4931,1791286981200496384,1,0.15496,0.17046,0.017585,TRACKING,-0.17892,-0.13515,rad/s
p4_normal_20261006_205250,36.5261,1791286981233854208,1,0.17285,0.16503,0.017791,TRACKING,-0.23244,-0.13636,rad/s
p4_normal_20261006_205250,36.5627,1791286981267212032,1,0.19137,0.15577,0.017908,TRACKING,-0.25927,-0.13202,rad/s
p4_normal_20261006_205250,36.5931,1791286981300570112,1,0.21129,0.14729,0.017930,TRACKING,-0.25927,-0.13202,rad/s
p4_normal_20261006_205250,36.6274,1791286981333927936,1,0.23237,0.13790,0.018626,TRACKING,-0.31693,-0.11783,rad/s
p4_normal_20261006_205250,36.6616,1791286981367286016,1,0.25143,0.12438,0.018774,TRACKING,-0.34856,-0.11032,rad/s
p4_normal_20261006_205250,36.6931,1791286981400643840,1,0.26846,0.10728,0.018785,TRACKING,-0.34856,-0.11032,rad/s
p4_normal_20261006_205250,36.7262,1791286981434001664,1,0.28097,0.07852,0.018123,TRACKING,-0.40270,-0.08582,rad/s
p4_normal_20261006_205250,36.7602,1791286981467359744,1,0.29155,0.04594,0.017168,TRACKING,-0.40270,-0.08582,rad/s
p4_normal_20261006_205250,36.7949,1791286981500717568,1,0.30223,0.01127,0.016315,TRACKING,-0.42145,-0.06282,rad/s
p4_normal_20261006_205250,36.8265,1791286981534075648,1,0.31161,-0.02092,0.015690,TRACKING,-0.45334,0.00000,rad/s
p4_normal_20261006_205250,36.8608,1791286981567433472,1,0.31861,-0.05173,0.015610,TRACKING,-0.46741,0.00000,rad/s
p4_normal_20261006_205250,36.8962,1791286981600791552,1,0.32851,-0.08468,0.015206,TRACKING,-0.46741,0.00000,rad/s
p4_normal_20261006_205250,36.9268,1791286981634149376,1,0.33982,-0.11661,0.015139,TRACKING,-0.49276,0.06774,rad/s
p4_normal_20261006_205250,36.9603,1791286981667507200,1,0.35075,-0.14621,0.015054,TRACKING,-0.50972,0.09329,rad/s
p4_normal_20261006_205250,36.9962,1791286981700865280,1,0.36590,-0.17642,0.014863,TRACKING,-0.50972,0.09329,rad/s
p4_normal_20261006_205250,37.0260,1791286981734223360,1,0.38268,-0.19154,0.015247,TRACKING,-0.54885,0.14114,rad/s
p4_normal_20261006_205250,37.0619,1791286981767581184,1,0.39300,-0.16871,0.018639,TRACKING,-0.57401,0.15323,rad/s
p4_normal_20261006_205250,37.0957,1791286981800939264,1,0.40723,-0.15323,0.019755,TRACKING,-0.57401,0.15323,rad/s
p4_normal_20261006_205250,37.1274,1791286981834297088,1,0.42110,-0.15808,0.019401,TRACKING,-0.60000,0.12258,rad/s
p4_normal_20261006_205250,37.1626,1791286981867654912,1,0.43136,-0.14999,0.021024,TRACKING,-0.60000,0.12646,rad/s
p4_normal_20261006_205250,37.1931,1791286981901013248,1,0.44287,-0.16005,0.021400,TRACKING,-0.60000,0.12646,rad/s
p4_normal_20261006_205250,37.2249,1791286981934371072,1,0.45507,-0.17553,0.021712,TRACKING,-0.60000,0.12804,rad/s
p4_normal_20261006_205250,37.2628,1791286981967728896,1,0.46199,-0.18268,0.021936,TRACKING,-0.60000,0.14042,rad/s
p4_normal_20261006_205250,37.2952,1791286982001086976,1,0.46609,-0.18346,0.021786,TRACKING,-0.60000,0.14042,rad/s
p4_normal_20261006_205250,37.3250,1791286982034445056,1,0.46746,-0.18552,0.021871,TRACKING,-0.60000,0.14677,rad/s
p4_normal_20261006_205250,37.3643,1791286982067802880,1,0.46766,-0.18530,0.021717,TRACKING,-0.60000,0.14842,rad/s
p4_normal_20261006_205250,37.3929,1791286982101160960,1,0.46779,-0.18421,0.021810,TRACKING,-0.60000,0.14842,rad/s
p4_normal_20261006_205250,37.4285,1791286982134518784,1,0.47139,-0.17581,0.022205,TRACKING,-0.60000,0.14737,rad/s
p4_normal_20261006_205250,37.4639,1791286982167876864,1,0.47554,-0.16615,0.022561,TRACKING,-0.60000,0.14065,rad/s
p4_normal_20261006_205250,37.4929,1791286982201234944,1,0.47842,-0.15285,0.022836,TRACKING,-0.60000,0.14065,rad/s
p4_normal_20261006_205250,37.5283,1791286982234592768,1,0.48058,-0.13706,0.023461,TRACKING,-0.60000,0.12228,rad/s
p4_normal_20261006_205250,37.5638,1791286982267950592,1,0.48055,-0.12155,0.024034,TRACKING,-0.60000,0.10965,rad/s
p4_normal_20261006_205250,37.5951,1791286982301308928,1,0.48021,-0.10961,0.024677,TRACKING,-0.60000,0.10965,rad/s
p4_normal_20261006_205250,37.6263,1791286982334666752,1,0.47688,-0.09890,0.025471,TRACKING,-0.60000,0.08769,rad/s
p4_normal_20261006_205250,37.6631,1791286982368024576,1,0.47144,-0.09426,0.026411,TRACKING,-0.60000,0.07912,rad/s
p4_normal_20261006_205250,37.6963,1791286982401382656,1,0.46774,-0.09320,0.026890,TRACKING,-0.60000,0.07912,rad/s
p4_normal_20261006_205250,37.7263,1791286982434740736,1,0.46272,-0.09093,0.027109,TRACKING,-0.60000,0.07456,rad/s
p4_normal_20261006_205250,37.7637,1791286982468098560,1,0.45743,-0.09410,0.027320,TRACKING,-0.60000,0.07274,rad/s
p4_normal_20261006_205250,37.7933,1791286982501456640,1,0.45339,-0.09230,0.027476,TRACKING,-0.60000,0.07274,rad/s
p4_normal_20261006_205250,37.8291,1791286982534814720,1,0.44918,-0.09170,0.027166,TRACKING,-0.60000,0.07384,rad/s
p4_normal_20261006_205250,37.8612,1791286982568172544,1,0.44357,-0.09077,0.027105,TRACKING,-0.60000,0.07336,rad/s
p4_normal_20261006_205250,37.8936,1791286982601530624,1,0.43612,-0.08642,0.026625,TRACKING,-0.60000,0.07336,rad/s
p4_normal_20261006_205250,37.9278,1791286982634888704,1,0.42815,-0.07981,0.026135,TRACKING,-0.60000,0.06913,rad/s
p4_normal_20261006_205250,37.9621,1791286982668246528,1,0.42004,-0.07525,0.025486,TRACKING,-0.60000,0.06913,rad/s
p4_normal_20261006_205250,37.9951,1791286982701604608,1,0.40982,-0.07842,0.025171,TRACKING,-0.60000,0.06385,rad/s
p4_normal_20261006_205250,38.0266,1791286982734962688,1,0.40029,-0.06666,0.024887,TRACKING,-0.60000,0.06274,rad/s
p4_normal_20261006_205250,38.0640,1791286982768320512,1,0.39684,-0.04769,0.024668,TRACKING,-0.60000,0.05333,rad/s
p4_normal_20261006_205250,38.0962,1791286982801678592,1,0.39725,-0.04464,0.024807,TRACKING,-0.60000,0.05333,rad/s
p4_normal_20261006_205250,38.1272,1791286982835036672,1,0.39466,-0.02453,0.024295,TRACKING,-0.59588,0.00000,rad/s
p4_normal_20261006_205250,38.1619,1791286982868394496,1,0.39012,-0.00688,0.023891,TRACKING,-0.59199,0.00000,rad/s
p4_normal_20261006_205250,38.1967,1791286982901752576,1,0.39019,0.01028,0.023160,TRACKING,-0.59199,0.00000,rad/s
p4_normal_20261006_205250,38.2272,1791286982935110656,1,0.39161,0.03472,0.022743,TRACKING,-0.58528,0.00000,rad/s
p4_normal_20261006_205250,38.2646,1791286982968468736,1,0.39673,0.04690,0.022229,TRACKING,-0.58742,0.00000,rad/s
p4_normal_20261006_205250,38.2932,1791286983001826560,1,0.39876,0.06060,0.021686,TRACKING,-0.58742,0.00000,rad/s
p4_normal_20261006_205250,38.3285,1791286983035184640,1,0.39990,0.06558,0.021111,TRACKING,-0.59814,-0.04848,rad/s
p4_normal_20261006_205250,38.3637,1791286983068542720,1,0.39773,0.07147,0.020317,TRACKING,-0.59985,-0.05246,rad/s
p4_normal_20261006_205250,38.3948,1791286983101900544,1,0.39250,0.07262,0.019084,TRACKING,-0.59985,-0.05246,rad/s
p4_normal_20261006_205250,38.4264,1791286983135258112,1,0.38577,0.07159,0.017602,TRACKING,-0.58875,-0.05809,rad/s
p4_normal_20261006_205250,38.4614,1791286983168615424,1,0.37946,0.07060,0.016484,TRACKING,-0.58875,-0.05809,rad/s
p4_normal_20261006_205250,38.4958,1791286983201973248,1,0.37396,0.06577,0.015089,TRACKING,-0.57866,-0.05727,rad/s
p4_normal_20261006_205250,38.5284,1791286983235330560,1,0.36374,0.06378,0.013828,TRACKING,-0.56093,-0.05262,rad/s
p4_normal_20261006_205250,38.5636,1791286983268687872,1,0.35453,0.06372,0.012289,TRACKING,-0.54561,-0.05102,rad/s
p4_normal_20261006_205250,38.5950,1791286983302045440,1,0.34836,0.05843,0.011356,TRACKING,-0.54561,-0.05102,rad/s
p4_normal_20261006_205250,38.6266,1791286983335402752,1,0.34246,0.06236,0.010085,TRACKING,-0.52253,-0.04674,rad/s
p4_normal_20261006_205250,38.6646,1791286983368760320,1,0.33901,0.05170,0.008876,TRACKING,-0.51368,-0.04989,rad/s
p4_normal_20261006_205250,38.6952,1791286983402117632,1,0.33810,0.05668,0.008023,TRACKING,-0.51368,-0.04989,rad/s
p4_normal_20261006_205250,38.7271,1791286983435475200,1,0.33945,0.05219,0.006829,TRACKING,-0.50715,-0.04534,rad/s
p4_normal_20261006_205250,38.7620,1791286983468832512,1,0.34039,0.05513,0.005252,TRACKING,-0.50918,-0.04175,rad/s
p4_normal_20261006_205250,38.7982,1791286983502189824,0,,,0.000000,TRACKING,-0.50918,-0.04175,rad/s
p4_normal_20261006_205250,38.8274,1791286983535547392,0,,,0.000000,LOST,0.00000,0.00000,rad/s
p4_normal_20261006_205250,38.8611,1791286983568904704,0,,,0.000000,LOST,0.00000,0.00000,rad/s
p4_normal_20261006_205250,38.8959,1791286983602262272,0,,,0.000000,LOST,0.00000,0.00000,rad/s
p4_normal_20261006_205250,38.9277,1791286983635619584,0,,,0.000000,LOST,0.00000,0.00000,rad/s
p4_normal_20261006_205250,38.9609,1791286983668977152,0,,,0.000000,LOST,0.00000,0.00000,rad/s
p4_normal_20261006_205250,38.9943,1791286983702334464,0,,,0.000000,LOST,0.00000,0.00000,rad/s
p4_normal_20261006_205250,39.0269,1791286983735691776,0,,,0.000000,LOST,0.00000,0.00000,rad/s
p4_normal_20261006_205250,39.0622,1791286983769049344,0,,,0.000000,LOST,0.00000,0.00000,rad/s
p4_normal_20261006_205250,39.0961,1791286983802406656,0,,,0.000000,LOST,0.00000,0.00000,rad/s
p4_normal_20261006_205250,39.1301,1791286983835764224,0,,,0.000000,LOST,0.00000,0.00000,rad/s
p4_normal_20261006_205250,39.1643,1791286983869121536,0,,,0.000000,LOST,0.00000,0.00000,rad/s
p4_normal_20261006_205250,39.1965,1791286983902479104,0,,,0.000000,LOST,0.00000,0.00000,rad/s
p4_normal_20261006_205250,39.2315,1791286983935836416,0,,,0.000000,LOST,0.00000,0.00000,rad/s
p4_normal_20261006_205250,39.2640,1791286983969193728,1,0.62622,-0.09326,0.005135,LOST,0.00000,0.00000,rad/s
p4_normal_20261006_205250,39.2960,1791286984002551296,1,0.64630,-0.11152,0.006697,LOST,0.00000,0.00000,rad/s
p4_normal_20261006_205250,39.3283,1791286984035908608,1,0.65350,-0.13107,0.007617,LOST,0.00000,0.00000,rad/s
p4_normal_20261006_205250,39.3657,1791286984069266176,1,0.64504,-0.14887,0.007804,TRACKING,-0.60000,0.10485,rad/s
p4_normal_20261006_205250,39.3955,1791286984102623232,1,0.62431,-0.16110,0.007559,TRACKING,-0.60000,0.10485,rad/s
p4_normal_20261006_205250,39.4297,1791286984135981824,1,0.59789,-0.16628,0.007580,TRACKING,-0.60000,0.12888,rad/s
p4_normal_20261006_205250,39.4628,1791286984169340416,1,0.57059,-0.16866,0.007789,TRACKING,-0.60000,0.13303,rad/s
p4_normal_20261006_205250,39.4955,1791286984202698752,1,0.54347,-0.17445,0.008064,TRACKING,-0.60000,0.13303,rad/s
p4_normal_20261006_205250,39.5274,1791286984236057344,1,0.52030,-0.17572,0.008205,TRACKING,-0.60000,0.13956,rad/s
p4_normal_20261006_205250,39.5662,1791286984269415680,1,0.49848,-0.17681,0.008184,TRACKING,-0.60000,0.14057,rad/s
p4_normal_20261006_205250,39.5949,1791286984302774272,1,0.47640,-0.17673,0.008470,TRACKING,-0.60000,0.14057,rad/s
p4_normal_20261006_205250,39.6297,1791286984336132864,1,0.45520,-0.18107,0.008587,TRACKING,-0.60000,0.14138,rad/s
p4_normal_20261006_205250,39.6643,1791286984369491200,1,0.43730,-0.16883,0.008832,TRACKING,-0.60000,0.14485,rad/s
p4_normal_20261006_205250,39.6969,1791286984402849536,1,0.41547,-0.15420,0.008581,TRACKING,-0.60000,0.14485,rad/s
p4_normal_20261006_205250,39.7291,1791286984436208128,1,0.39636,-0.13866,0.008624,TRACKING,-0.60000,0.12336,rad/s
p4_normal_20261006_205250,39.7630,1791286984469566720,1,0.37573,-0.11487,0.008861,TRACKING,-0.59453,0.11093,rad/s
p4_normal_20261006_205250,39.7959,1791286984502925312,1,0.34996,-0.10191,0.008674,TRACKING,-0.59453,0.11093,rad/s
p4_normal_20261006_205250,39.8283,1791286984536283648,1,0.32601,-0.08589,0.008628,TRACKING,-0.52494,0.08153,rad/s
p4_normal_20261006_205250,39.8657,1791286984569642240,1,0.30605,-0.07586,0.009221,TRACKING,-0.48901,0.06872,rad/s
p4_normal_20261006_205250,39.8966,1791286984603000832,1,0.28500,-0.06986,0.008785,TRACKING,-0.48901,0.06872,rad/s
p4_normal_20261006_205250,39.9297,1791286984636359424,1,0.26501,-0.06811,0.008490,TRACKING,-0.42750,0.05589,rad/s
p4_normal_20261006_205250,39.9660,1791286984669717760,1,0.24391,-0.06369,0.008092,TRACKING,-0.39751,0.05449,rad/s
p4_normal_20261006_205250,39.9949,1791286984703076352,1,0.22493,-0.05607,0.008251,TRACKING,-0.39751,0.05449,rad/s
p4_normal_20261006_205250,40.0305,1791286984736434944,1,0.20361,-0.05781,0.007954,TRACKING,-0.33740,0.04485,rad/s
p4_normal_20261006_205250,40.0652,1791286984769793536,1,0.18257,-0.06506,0.007174,TRACKING,-0.30541,0.04625,rad/s
p4_normal_20261006_205250,40.0953,1791286984803152128,1,0.16439,-0.07226,0.006814,TRACKING,-0.30541,0.04625,rad/s
p4_normal_20261006_205250,40.1296,1791286984836510464,1,0.14739,-0.07594,0.006615,TRACKING,-0.24658,0.05781,rad/s
p4_normal_20261006_205250,40.1652,1791286984869869056,1,0.13379,-0.07856,0.006543,TRACKING,-0.22109,0.06075,rad/s
p4_normal_20261006_205250,40.1989,1791286984903227904,1,0.12356,-0.08570,0.006285,TRACKING,-0.22109,0.06075,rad/s
p4_normal_20261006_205250,40.2286,1791286984936586496,1,0.11077,-0.08439,0.005987,TRACKING,-0.18534,0.06856,rad/s
p4_normal_20261006_205250,40.2649,1791286984969944832,1,0.10235,-0.08172,0.005996,TRACKING,-0.16615,0.06751,rad/s
p4_normal_20261006_205250,40.2963,1791286985003303424,1,0.09210,-0.05602,0.005792,TRACKING,-0.16615,0.06751,rad/s
p4_normal_20261006_205250,40.3313,1791286985036662016,1,0.07354,-0.03130,0.005760,TRACKING,-0.13815,0.04482,rad/s
p4_normal_20261006_205250,40.3667,1791286985070020864,1,0.04460,0.02805,0.006372,TRACKING,-0.11031,0.00000,rad/s
p4_normal_20261006_205250,40.3960,1791286985103379200,1,0.01841,0.08968,0.006816,TRACKING,-0.11031,0.00000,rad/s
p4_normal_20261006_205250,40.4289,1791286985136737024,1,-0.01493,0.15521,0.005241,TRACKING,0.00000,-0.07175,rad/s
p4_normal_20261006_205250,40.4675,1791286985170094848,0,,,0.000000,TRACKING,0.00000,-0.12417,rad/s
p4_normal_20261006_205250,40.4960,1791286985203452672,0,,,0.000000,TRACKING,0.00000,-0.12417,rad/s
p4_normal_20261006_205250,40.5281,1791286985236810496,0,,,0.000000,LOST,0.00000,0.00000,rad/s
p4_normal_20261006_205250,40.5681,1791286985270168576,0,,,0.000000,LOST,0.00000,0.00000,rad/s
p4_normal_20261006_205250,40.5970,1791286985303526400,1,-0.18218,0.49585,0.003498,LOST,0.00000,0.00000,rad/s
p4_normal_20261006_205250,40.6315,1791286985336883968,1,-0.23929,0.57824,0.004501,LOST,0.00000,0.00000,rad/s
p4_normal_20261006_205250,40.6662,1791286985370242048,1,-0.29281,0.67790,0.005263,LOST,0.00000,0.00000,rad/s
p4_normal_20261006_205250,40.6974,1791286985403599872,1,-0.35089,0.79763,0.006354,LOST,0.00000,0.00000,rad/s
p4_normal_20261006_205250,40.7328,1791286985436957696,1,-0.40107,0.89329,0.005655,TRACKING,0.52633,-0.40000,rad/s
p4_normal_20261006_205250,40.7647,1791286985470315520,1,-0.44446,0.94623,0.002335,TRACKING,0.60000,-0.40000,rad/s
p4_normal_20261006_205250,40.7974,1791286985503673344,0,,,0.000000,TRACKING,0.60000,-0.40000,rad/s
p4_normal_20261006_205250,40.8311,1791286985537031168,0,,,0.000000,LOST,0.00000,0.00000,rad/s
p4_normal_20261006_205250,40.8642,1791286985570389248,0,,,0.000000,LOST,0.00000,0.00000,rad/s
p4_normal_20261006_205250,40.8959,1791286985603746816,0,,,0.000000,LOST,0.00000,0.00000,rad/s
p4_normal_20261006_205250,40.9275,1791286985637104640,0,,,0.000000,LOST,0.00000,0.00000,rad/s
p4_normal_20261006_205250,40.9637,1791286985670462720,0,,,0.000000,LOST,0.00000,0.00000,rad/s
p4_normal_20261006_205250,40.9969,1791286985703820544,0,,,0.000000,LOST,0.00000,0.00000,rad/s
p4_normal_20261006_205250,41.0278,1791286985737178368,0,,,0.000000,LOST,0.00000,0.00000,rad/s
p4_normal_20261006_205250,41.0640,1791286985770536192,0,,,0.000000,LOST,0.00000,0.00000,rad/s
p4_normal_20261006_205250,41.0968,1791286985803894016,0,,,0.000000,LOST,0.00000,0.00000,rad/s
p4_normal_20261006_205250,41.1308,1791286985837251840,0,,,0.000000,LOST,0.00000,0.00000,rad/s
p4_normal_20261006_205250,41.1649,1791286985870609920,0,,,0.000000,LOST,0.00000,0.00000,rad/s
p4_normal_20261006_205250,41.1956,1791286985903967744,0,,,0.000000,LOST,0.00000,0.00000,rad/s
p4_normal_20261006_205250,41.2317,1791286985937325312,0,,,0.000000,LOST,0.00000,0.00000,rad/s
p4_normal_20261006_205250,41.2634,1791286985970683392,0,,,0.000000,LOST,0.00000,0.00000,rad/s
p4_normal_20261006_205250,41.2997,1791286986004041216,0,,,0.000000,LOST,0.00000,0.00000,rad/s
p4_normal_20261006_205250,41.3306,1791286986037399296,0,,,0.000000,LOST,0.00000,0.00000,rad/s
p4_normal_20261006_205250,41.3663,1791286986070757120,0,,,0.000000,LOST,0.00000,0.00000,rad/s
p4_normal_20261006_205250,41.3990,1791286986104114688,0,,,0.000000,LOST,0.00000,0.00000,rad/s
p4_normal_20261006_205250,41.4306,1791286986137473024,0,,,0.000000,LOST,0.00000,0.00000,rad/s
p4_normal_20261006_205250,41.4660,1791286986170830848,0,,,0.000000,LOST,0.00000,0.00000,rad/s
p4_normal_20261006_205250,41.4980,1791286986204188928,0,,,0.000000,LOST,0.00000,0.00000,rad/s
p4_normal_20261006_205250,41.5314,1791286986237546752,1,-0.96625,0.93792,0.002014,LOST,0.00000,0.00000,rad/s
p4_normal_20261006_205250,41.5662,1791286986270905088,1,-0.95694,0.90271,0.003275,LOST,0.00000,0.00000,rad/s
p4_normal_20261006_205250,41.5973,1791286986304262912,1,-0.95212,0.87925,0.003483,LOST,0.00000,0.00000,rad/s
p4_normal_20261006_205250,41.6316,1791286986337620992,1,-0.95303,0.89514,0.003707,TRACKING,0.60000,-0.40000,rad/s
p4_normal_20261006_205250,41.6653,1791286986370979328,1,-0.95257,0.95096,0.002062,TRACKING,0.60000,-0.40000,rad/s
p4_normal_20261006_205250,41.6970,1791286986404337152,0,,,0.000000,TRACKING,0.60000,-0.40000,rad/s
p4_normal_20261006_205250,41.7299,1791286986437695232,0,,,0.000000,LOST,0.00000,0.00000,rad/s
p4_normal_20261006_205250,41.7664,1791286986471053568,0,,,0.000000,LOST,0.00000,0.00000,rad/s
p4_normal_20261006_205250,41.7969,1791286986504411392,0,,,0.000000,LOST,0.00000,0.00000,rad/s
p4_normal_20261006_205250,41.8320,1791286986537769472,0,,,0.000000,LOST,0.00000,0.00000,rad/s
p4_normal_20261006_205250,41.8652,1791286986571127808,0,,,0.000000,LOST,0.00000,0.00000,rad/s
p4_normal_20261006_205250,41.8962,1791286986604485632,0,,,0.000000,LOST,0.00000,0.00000,rad/s
p4_normal_20261006_205250,41.9325,1791286986637843712,0,,,0.000000,LOST,0.00000,0.00000,rad/s
p4_normal_20261006_205250,41.9645,1791286986671201792,0,,,0.000000,LOST,0.00000,0.00000,rad/s
p4_normal_20261006_205250,41.9964,1791286986704560128,0,,,0.000000,LOST,0.00000,0.00000,rad/s
p4_normal_20261006_205250,42.0318,1791286986737917952,0,,,0.000000,LOST,0.00000,0.00000,rad/s
p4_normal_20261006_205250,42.0666,1791286986771276032,0,,,0.000000,LOST,0.00000,0.00000,rad/s
p4_normal_20261006_205250,42.0967,1791286986804634368,0,,,0.000000,LOST,0.00000,0.00000,rad/s
p4_normal_20261006_205250,42.1309,1791286986837992448,0,,,0.000000,LOST,0.00000,0.00000,rad/s
p4_normal_20261006_205250,42.1664,1791286986871350528,0,,,0.000000,LOST,0.00000,0.00000,rad/s
p4_normal_20261006_205250,42.1958,1791286986904708864,0,,,0.000000,LOST,0.00000,0.00000,rad/s
p4_normal_20261006_205250,42.2302,1791286986938066944,0,,,0.000000,LOST,0.00000,0.00000,rad/s
p4_normal_20261006_205250,42.2650,1791286986971424768,0,,,0.000000,LOST,0.00000,0.00000,rad/s
p4_normal_20261006_205250,42.2980,1791286987004782848,0,,,0.000000,LOST,0.00000,0.00000,rad/s
p4_normal_20261006_205250,42.3310,1791286987038141184,0,,,0.000000,LOST,0.00000,0.00000,rad/s
p4_normal_20261006_205250,42.3647,1791286987071499264,0,,,0.000000,LOST,0.00000,0.00000,rad/s
p4_normal_20261006_205250,42.3984,1791286987104857344,0,,,0.000000,LOST,0.00000,0.00000,rad/s
p4_normal_20261006_205250,42.4300,1791286987138214912,0,,,0.000000,LOST,0.00000,0.00000,rad/s
p4_normal_20261006_205250,42.4655,1791286987171572224,0,,,0.000000,LOST,0.00000,0.00000,rad/s
p4_normal_20261006_205250,42.4974,1791286987204929792,0,,,0.000000,LOST,0.00000,0.00000,rad/s
p4_normal_20261006_205250,42.5309,1791286987238286848,0,,,0.000000,LOST,0.00000,0.00000,rad/s
p4_normal_20261006_205250,42.5663,1791286987271644160,0,,,0.000000,LOST,0.00000,0.00000,rad/s
p4_normal_20261006_205250,42.5971,1791286987305001728,0,,,0.000000,LOST,0.00000,0.00000,rad/s
p4_normal_20261006_205250,42.6314,1791286987338358784,0,,,0.000000,LOST,0.00000,0.00000,rad/s
p4_normal_20261006_205250,42.6676,1791286987371716352,0,,,0.000000,LOST,0.00000,0.00000,rad/s
p4_normal_20261006_205250,42.6965,1791286987405073408,0,,,0.000000,LOST,0.00000,0.00000,rad/s
p4_normal_20261006_205250,42.7283,1791286987438430976,0,,,0.000000,LOST,0.00000,0.00000,rad/s
p4_normal_20261006_205250,42.7662,1791286987471788032,0,,,0.000000,LOST,0.00000,0.00000,rad/s
p4_normal_20261006_205250,42.7976,1791286987505145600,0,,,0.000000,LOST,0.00000,0.00000,rad/s
p4_normal_20261006_205250,42.8311,1791286987538502656,0,,,0.000000,LOST,0.00000,0.00000,rad/s
p4_normal_20261006_205250,42.8660,1791286987571860224,0,,,0.000000,LOST,0.00000,0.00000,rad/s
p4_normal_20261006_205250,42.8980,1791286987605217280,0,,,0.000000,LOST,0.00000,0.00000,rad/s
p4_normal_20261006_205250,42.9309,1791286987638574592,0,,,0.000000,LOST,0.00000,0.00000,rad/s
p4_normal_20261006_205250,42.9646,1791286987671931904,0,,,0.000000,LOST,0.00000,0.00000,rad/s
p4_normal_20261006_205250,42.9963,1791286987705289216,0,,,0.000000,LOST,0.00000,0.00000,rad/s
p4_normal_20261006_205250,43.0320,1791286987738646528,0,,,0.000000,LOST,0.00000,0.00000,rad/s
p4_normal_20261006_205250,43.0657,1791286987772003584,0,,,0.000000,LOST,0.00000,0.00000,rad/s
p4_normal_20261006_205250,43.0979,1791286987805361152,0,,,0.000000,LOST,0.00000,0.00000,rad/s
p4_normal_20261006_205250,43.1313,1791286987838718208,0,,,0.000000,LOST,0.00000,0.00000,rad/s
p4_normal_20261006_205250,43.1652,1791286987872075520,0,,,0.000000,LOST,0.00000,0.00000,rad/s
p4_normal_20261006_205250,43.1985,1791286987905432832,0,,,0.000000,LOST,0.00000,0.00000,rad/s
p4_normal_20261006_205250,43.2309,1791286987938790144,0,,,0.000000,LOST,0.00000,0.00000,rad/s
p4_normal_20261006_205250,43.2630,1791286987972147200,0,,,0.000000,LOST,0.00000,0.00000,rad/s
p4_normal_20261006_205250,43.2966,1791286988005504512,0,,,0.000000,LOST,0.00000,0.00000,rad/s
p4_normal_20261006_205250,43.3317,1791286988038861824,0,,,0.000000,LOST,0.00000,0.00000,rad/s
p4_normal_20261006_205250,43.3662,1791286988072218880,0,,,0.000000,LOST,0.00000,0.00000,rad/s
p4_normal_20261006_205250,43.3975,1791286988105576192,0,,,0.000000,LOST,0.00000,0.00000,rad/s
p4_normal_20261006_205250,43.4320,1791286988138934016,0,,,0.000000,LOST,0.00000,0.00000,rad/s
p4_normal_20261006_205250,43.4653,1791286988172292096,0,,,0.000000,LOST,0.00000,0.00000,rad/s
p4_normal_20261006_205250,43.4980,1791286988205650176,0,,,0.000000,LOST,0.00000,0.00000,rad/s
p4_normal_20261006_205250,43.5318,1791286988239008000,0,,,0.000000,LOST,0.00000,0.00000,rad/s
p4_normal_20261006_205250,43.5677,1791286988272366080,0,,,0.000000,LOST,0.00000,0.00000,rad/s
p4_normal_20261006_205250,43.5970,1791286988305723904,0,,,0.000000,LOST,0.00000,0.00000,rad/s
p4_normal_20261006_205250,43.6290,1791286988339081728,0,,,0.000000,LOST,0.00000,0.00000,rad/s
p4_normal_20261006_205250,43.6661,1791286988372440064,0,,,0.000000,LOST,0.00000,0.00000,rad/s
p4_normal_20261006_205250,43.6973,1791286988405797888,0,,,0.000000,LOST,0.00000,0.00000,rad/s
p4_normal_20261006_205250,43.7301,1791286988439155712,0,,,0.000000,LOST,0.00000,0.00000,rad/s
p4_normal_20261006_205250,43.7629,1791286988472513792,0,,,0.000000,LOST,0.00000,0.00000,rad/s
p4_normal_20261006_205250,43.7972,1791286988505871616,0,,,0.000000,LOST,0.00000,0.00000,rad/s
p4_normal_20261006_205250,43.8314,1791286988539229696,0,,,0.000000,LOST,0.00000,0.00000,rad/s
p4_normal_20261006_205250,43.8658,1791286988572587520,0,,,0.000000,LOST,0.00000,0.00000,rad/s
p4_normal_20261006_205250,43.8979,1791286988605945600,0,,,0.000000,LOST,0.00000,0.00000,rad/s
p4_normal_20261006_205250,43.9327,1791286988639303424,0,,,0.000000,LOST,0.00000,0.00000,rad/s
p4_normal_20261006_205250,43.9641,1791286988672661504,0,,,0.000000,LOST,0.00000,0.00000,rad/s
p4_normal_20261006_205250,43.9968,1791286988706019584,0,,,0.000000,LOST,0.00000,0.00000,rad/s
p4_normal_20261006_205250,44.0300,1791286988739377408,0,,,0.000000,LOST,0.00000,0.00000,rad/s
p4_normal_20261006_205250,44.0657,1791286988772735232,0,,,0.000000,LOST,0.00000,0.00000,rad/s
p4_normal_20261006_205250,44.0987,1791286988806093568,0,,,0.000000,LOST,0.00000,0.00000,rad/s
p4_normal_20261006_205250,44.1326,1791286988839451392,0,,,0.000000,LOST,0.00000,0.00000,rad/s
p4_normal_20261006_205250,44.1650,1791286988872809216,0,,,0.000000,LOST,0.00000,0.00000,rad/s
p4_normal_20261006_205250,44.1980,1791286988906167552,0,,,0.000000,LOST,0.00000,0.00000,rad/s
p4_normal_20261006_205250,44.2299,1791286988939525376,0,,,0.000000,LOST,0.00000,0.00000,rad/s
p4_normal_20261006_205250,44.2648,1791286988972883200,0,,,0.000000,LOST,0.00000,0.00000,rad/s
p4_normal_20261006_205250,44.2980,1791286989006241280,0,,,0.000000,LOST,0.00000,0.00000,rad/s
p4_normal_20261006_205250,44.3299,1791286989039599360,0,,,0.000000,LOST,0.00000,0.00000,rad/s
p4_normal_20261006_205250,44.3650,1791286989072957184,0,,,0.000000,LOST,0.00000,0.00000,rad/s
p4_normal_20261006_205250,44.3982,1791286989106315264,0,,,0.000000,LOST,0.00000,0.00000,rad/s
p4_normal_20261006_205250,44.4330,1791286989139673600,0,,,0.000000,LOST,0.00000,0.00000,rad/s
p4_normal_20261006_205250,44.4648,1791286989173031936,0,,,0.000000,LOST,0.00000,0.00000,rad/s
p4_normal_20261006_205250,44.4976,1791286989206390016,0,,,0.000000,LOST,0.00000,0.00000,rad/s
p4_normal_20261006_205250,44.5321,1791286989239748608,0,,,0.000000,LOST,0.00000,0.00000,rad/s
p4_normal_20261006_205250,44.5662,1791286989273106944,0,,,0.000000,LOST,0.00000,0.00000,rad/s
p4_normal_20261006_205250,44.5975,1791286989306465280,0,,,0.000000,LOST,0.00000,0.00000,rad/s
p4_normal_20261006_205250,44.6317,1791286989339823360,0,,,0.000000,LOST,0.00000,0.00000,rad/s
p4_normal_20261006_205250,44.6665,1791286989373181952,0,,,0.000000,LOST,0.00000,0.00000,rad/s
p4_normal_20261006_205250,44.6972,1791286989406540288,0,,,0.000000,LOST,0.00000,0.00000,rad/s
p4_normal_20261006_205250,44.7301,1791286989439898624,0,,,0.000000,LOST,0.00000,0.00000,rad/s
p4_normal_20261006_205250,44.7654,1791286989473256960,0,,,0.000000,LOST,0.00000,0.00000,rad/s
p4_normal_20261006_205250,44.7977,1791286989506615552,0,,,0.000000,LOST,0.00000,0.00000,rad/s
p4_normal_20261006_205250,44.8310,1791286989539973888,0,,,0.000000,LOST,0.00000,0.00000,rad/s
p4_normal_20261006_205250,44.8651,1791286989573331968,0,,,0.000000,LOST,0.00000,0.00000,rad/s
p4_normal_20261006_205250,44.8984,1791286989606690304,0,,,0.000000,LOST,0.00000,0.00000,rad/s
p4_normal_20261006_205250,44.9321,1791286989640048896,0,,,0.000000,LOST,0.00000,0.00000,rad/s
p4_normal_20261006_205250,44.9649,1791286989673407232,0,,,0.000000,LOST,0.00000,0.00000,rad/s
p4_normal_20261006_205250,44.9979,1791286989706765568,0,,,0.000000,LOST,0.00000,0.00000,rad/s
