t,src,stamp,ex,ey,area,age,pan_cmd,tilt_cmd,status,pan_pos,tilt_pos
1.9101,cmd,,,,,,-0.46905,0.00000,,,
1.9609,cmd,,,,,,-0.46681,0.00000,,,
1.9619,status,,,,,,,,TRACKING,,
2.0107,cmd,,,,,,-0.46103,0.00000,,,
2.0108,status,,,,,,,,TRACKING,,
2.0597,cmd,,,,,,-0.45633,0.00000,,,
2.0614,status,,,,,,,,TRACKING,,
2.1109,cmd,,,,,,-0.44270,0.00000,,,
2.1119,status,,,,,,,,TRACKING,,
2.1598,cmd,,,,,,-0.43573,0.00000,,,
2.1623,status,,,,,,,,TRACKING,,
2.2116,cmd,,,,,,-0.42191,0.00000,,,
2.2118,status,,,,,,,,TRACKING,,
2.2598,cmd,,,,,,-0.41632,0.00000,,,
2.2605,status,,,,,,,,TRACKING,,
2.3132,cmd,,,,,,-0.41155,0.00000,,,
2.3184,status,,,,,,,,TRACKING,,
2.3605,cmd,,,,,,-0.40893,0.00000,,,
2.3644,status,,,,,,,,TRACKING,,
2.4113,cmd,,,,,,-0.40953,0.00000,,,
2.4114,status,,,,,,,,TRACKING,,
2.4634,cmd,,,,,,-0.41219,0.00000,,,
2.4635,status,,,,,,,,TRACKING,,
2.5140,cmd,,,,,,-0.41697,0.00000,,,
2.5147,status,,,,,,,,TRACKING,,
2.5372,target,1791286947242490112,0.27799,-0.04593,0.012600,626.1175,,,,,
2.5616,cmd,,,,,,-0.41699,0.00000,,,
2.5617,status,,,,,,,,TRACKING,,
2.5677,target,1791286947275847168,0.27810,-0.05007,0.012335,626.1147,,,,,
2.6030,target,1791286947309204224,0.28037,-0.05364,0.012533,626.1166,,,,,
2.6108,cmd,,,,,,-0.42055,0.04291,,,
2.6109,status,,,,,,,,TRACKING,,
2.6345,target,1791286947342561536,0.28008,-0.05951,0.012394,626.1147,,,,,
2.6601,cmd,,,,,,-0.42012,0.04760,,,
2.6625,status,,,,,,,,TRACKING,,
2.6686,target,1791286947375918336,0.27976,-0.06043,0.012454,626.1154,,,,,
2.7037,target,1791286947409275648,0.27629,-0.06279,0.011947,626.1172,,,,,
2.7115,cmd,,,,,,-0.41444,0.05023,,,
2.7116,status,,,,,,,,TRACKING,,
2.7354,target,1791286947442632704,0.27553,-0.06312,0.011886,626.1156,,,,,
2.7604,cmd,,,,,,-0.41329,0.05049,,,
2.7612,status,,,,,,,,TRACKING,,
2.7681,target,1791286947475990016,0.27524,-0.06147,0.012135,626.1149,,,,,
2.8029,target,1791286947509347072,0.27409,-0.06131,0.011864,626.1164,,,,,
2.8102,cmd,,,,,,-0.41114,0.04905,,,
2.8104,status,,,,,,,,TRACKING,,
2.8358,target,1791286947542704128,0.27353,-0.06021,0.011912,626.1159,,,,,
2.8596,cmd,,,,,,-0.41029,0.04817,,,
2.8597,status,,,,,,,,TRACKING,,
2.8700,target,1791286947576061184,0.27238,-0.05763,0.011866,626.1167,,,,,
2.9030,target,1791286947609418496,0.27238,-0.05004,0.011979,626.1164,,,,,
2.9114,cmd,,,,,,-0.40857,0.04003,,,
2.9116,status,,,,,,,,TRACKING,,
2.9117,joint,,,,,,,,,-0.57064,0.45252
2.9344,target,1791286947642775552,0.27253,-0.04314,0.012133,626.1145,,,,,
2.9603,cmd,,,,,,-0.40880,0.00000,,,
2.9604,status,,,,,,,,TRACKING,,
2.9689,target,1791286947676132608,0.27330,-0.03851,0.012157,626.1156,,,,,
3.0049,target,1791286947709489664,0.27496,-0.03343,0.012263,626.1182,,,,,
3.0105,cmd,,,,,,-0.41244,0.00000,,,
3.0134,status,,,,,,,,TRACKING,,
3.0353,target,1791286947742846976,0.27674,-0.02859,0.012266,626.1152,,,,,
3.0615,cmd,,,,,,-0.41511,0.00000,,,
3.0616,status,,,,,,,,TRACKING,,
3.0687,target,1791286947776203776,0.27794,-0.02731,0.012507,626.1154,,,,,
3.1040,target,1791286947809561088,0.27869,-0.02504,0.012639,626.1172,,,,,
3.1115,cmd,,,,,,-0.41803,0.00000,,,
3.1116,status,,,,,,,,TRACKING,,
3.1346,target,1791286947842918144,0.27834,-0.02949,0.012739,626.1145,,,,,
3.1601,cmd,,,,,,-0.41751,0.00000,,,
3.1602,status,,,,,,,,TRACKING,,
3.1693,target,1791286947876275200,0.27724,-0.03015,0.012778,626.1159,,,,,
3.2007,target,1791286947909632256,0.27550,-0.03416,0.012839,626.1139,,,,,
3.2105,cmd,,,,,,-0.41326,0.00000,,,
3.2120,status,,,,,,,,TRACKING,,
3.2355,target,1791286947942989568,0.27332,-0.03402,0.012875,626.1154,,,,,
3.2597,cmd,,,,,,-0.40998,0.00000,,,
3.2598,status,,,,,,,,TRACKING,,
3.2693,target,1791286947976346368,0.27026,-0.03686,0.012784,626.1158,,,,,
3.3038,target,1791286948009703680,0.26665,-0.03896,0.012808,626.1169,,,,,
3.3115,cmd,,,,,,-0.39998,0.00000,,,
3.3116,status,,,,,,,,TRACKING,,
3.3348,target,1791286948043060480,0.26250,-0.04195,0.012802,626.1146,,,,,
3.3600,cmd,,,,,,-0.39375,0.00000,,,
3.3601,status,,,,,,,,TRACKING,,
3.3695,target,1791286948076417792,0.25785,-0.04410,0.012732,626.1159,,,,,
3.4061,target,1791286948109775616,0.25312,-0.04648,0.012700,626.1191,,,,,
3.4094,cmd,,,,,,-0.37968,0.00000,,,
3.4109,status,,,,,,,,TRACKING,,
3.4157,joint,,,,,,,,,-0.77313,0.45866
3.4340,target,1791286948143133696,0.24708,-0.04790,0.012684,626.1137,,,,,
3.4597,cmd,,,,,,-0.37061,0.00000,,,
3.4599,status,,,,,,,,TRACKING,,
3.4694,target,1791286948176491776,0.24161,-0.05035,0.012641,626.1158,,,,,
3.5050,target,1791286948209849600,0.23555,-0.05442,0.012569,626.1180,,,,,
3.5094,cmd,,,,,,-0.35332,0.04354,,,
3.5095,status,,,,,,,,TRACKING,,
3.5338,target,1791286948243207424,0.22979,-0.06057,0.012524,626.1134,,,,,
3.5608,cmd,,,,,,-0.34468,0.04846,,,
3.5620,status,,,,,,,,TRACKING,,
3.5683,target,1791286948276565760,0.22272,-0.06746,0.012561,626.1145,,,,,
3.6043,target,1791286948309923584,0.21689,-0.07838,0.012493,626.1172,,,,,
3.6101,cmd,,,,,,-0.32534,0.06271,,,
3.6102,status,,,,,,,,TRACKING,,
3.6349,target,1791286948343281664,0.21011,-0.09017,0.012543,626.1144,,,,,
3.6597,cmd,,,,,,-0.31517,0.07214,,,
3.6607,status,,,,,,,,TRACKING,,
3.6691,target,1791286948376639744,0.20297,-0.10170,0.012459,626.1153,,,,,
3.7036,target,1791286948409997568,0.19348,-0.11121,0.012426,626.1164,,,,,
3.7094,cmd,,,,,,-0.29021,0.08897,,,
3.7097,status,,,,,,,,TRACKING,,
3.7354,target,1791286948443355648,0.18217,-0.12180,0.012329,626.1149,,,,,
3.7635,cmd,,,,,,-0.27326,0.09744,,,
3.7636,status,,,,,,,,TRACKING,,
3.7680,target,1791286948476713728,0.16733,-0.12806,0.012324,626.1141,,,,,
3.8043,target,1791286948510071552,0.15077,-0.13124,0.012300,626.1170,,,,,
3.8094,cmd,,,,,,-0.22615,0.10500,,,
3.8097,status,,,,,,,,TRACKING,,
3.8376,target,1791286948543429632,0.13345,-0.13077,0.012246,626.1170,,,,,
3.8597,cmd,,,,,,-0.20018,0.10462,,,
3.8604,status,,,,,,,,TRACKING,,
3.8692,target,1791286948576787712,0.11649,-0.12876,0.012318,626.1153,,,,,
3.9041,target,1791286948610145792,0.10057,-0.13330,0.012279,626.1168,,,,,
3.9096,cmd,,,,,,-0.15085,0.10664,,,
3.9098,status,,,,,,,,TRACKING,,
3.9157,joint,,,,,,,,,-0.96948,0.46480
3.9357,target,1791286948643503616,0.08594,-0.14346,0.012374,626.1150,,,,,
3.9596,cmd,,,,,,-0.12891,0.11477,,,
3.9597,status,,,,,,,,TRACKING,,
3.9706,target,1791286948676861696,0.07158,-0.15315,0.012444,626.1165,,,,,
4.0056,target,1791286948710219776,0.05711,-0.16265,0.012480,626.1182,,,,,
4.0093,cmd,,,,,,-0.08566,0.13012,,,
4.0094,status,,,,,,,,TRACKING,,
4.0348,target,1791286948743577856,0.04453,-0.17920,0.012745,626.1140,,,,,
4.0597,cmd,,,,,,0.00000,0.14336,,,
4.0628,status,,,,,,,,TRACKING,,
4.0691,target,1791286948776935680,0.03441,-0.19622,0.012865,626.1150,,,,,
4.1032,target,1791286948810293760,0.02576,-0.21800,0.012977,626.1157,,,,,
4.1092,cmd,,,,,,0.00000,0.17440,,,
4.1093,status,,,,,,,,TRACKING,,
4.1356,target,1791286948843651840,0.01865,-0.24401,0.013140,626.1147,,,,,
4.1597,cmd,,,,,,0.00000,0.19521,,,
4.1598,status,,,,,,,,TRACKING,,
4.1696,target,1791286948877009664,0.01246,-0.27118,0.013388,626.1154,,,,,
4.2060,target,1791286948910368000,0.00710,-0.29454,0.013678,626.1185,,,,,
4.2093,cmd,,,,,,0.00000,0.23563,,,
4.2096,status,,,,,,,,TRACKING,,
4.2336,target,1791286948943726080,0.00263,-0.31472,0.013813,626.1127,,,,,
4.2596,cmd,,,,,,0.00000,0.25178,,,
4.2597,status,,,,,,,,TRACKING,,
4.2699,target,1791286948977083904,-0.00030,-0.33539,0.014039,626.1156,,,,,
4.3047,target,1791286949010442240,-0.00109,-0.35701,0.014269,626.1170,,,,,
4.3093,cmd,,,,,,0.00000,0.28561,,,
4.3094,status,,,,,,,,TRACKING,,
4.3354,target,1791286949043800064,-0.00023,-0.37979,0.014451,626.1144,,,,,
4.3596,cmd,,,,,,0.00000,0.30383,,,
4.3597,status,,,,,,,,TRACKING,,
4.3707,target,1791286949077158144,0.00281,-0.39659,0.014696,626.1164,,,,,
4.4059,target,1791286949110514688,0.00510,-0.41529,0.014985,626.1182,,,,,
4.4092,cmd,,,,,,0.00000,0.33224,,,
4.4093,status,,,,,,,,TRACKING,,
4.4115,joint,,,,,,,,,-1.04924,0.51388
4.4349,target,1791286949143871232,0.00876,-0.42980,0.015336,626.1138,,,,,
4.4596,cmd,,,,,,0.00000,0.34384,,,
4.4597,status,,,,,,,,TRACKING,,
4.4699,target,1791286949177228032,0.01251,-0.44154,0.015341,626.1155,,,,,
4.5067,target,1791286949210584832,0.01600,-0.45819,0.015736,626.1189,,,,,
4.5097,cmd,,,,,,0.00000,0.36655,,,
4.5098,status,,,,,,,,TRACKING,,
4.5338,target,1791286949243941120,0.01951,-0.46817,0.016029,626.1127,,,,,
4.5597,cmd,,,,,,0.00000,0.37454,,,
4.5625,status,,,,,,,,TRACKING,,
4.5692,target,1791286949277297920,0.02252,-0.47676,0.016504,626.1147,,,,,
4.6024,target,1791286949310654464,0.02306,-0.47906,0.016873,626.1146,,,,,
4.6096,cmd,,,,,,0.00000,0.38325,,,
4.6096,status,,,,,,,,TRACKING,,
4.6374,target,1791286949344011008,0.02287,-0.48422,0.017107,626.1162,,,,,
4.6596,cmd,,,,,,0.00000,0.38738,,,
4.6597,status,,,,,,,,TRACKING,,
4.6697,target,1791286949377367552,0.02144,-0.48133,0.017407,626.1152,,,,,
4.7055,target,1791286949410724096,0.02123,-0.48030,0.017561,626.1176,,,,,
4.7094,cmd,,,,,,0.00000,0.38424,,,
4.7097,status,,,,,,,,TRACKING,,
4.7357,target,1791286949444080896,0.01962,-0.48577,0.017676,626.1144,,,,,
4.7596,cmd,,,,,,0.00000,0.38862,,,
4.7597,status,,,,,,,,TRACKING,,
4.7706,target,1791286949477437184,0.01758,-0.48537,0.017832,626.1160,,,,,
4.8044,target,1791286949510793984,0.01469,-0.48630,0.018040,626.1164,,,,,
4.8092,cmd,,,,,,0.00000,0.38904,,,
4.8094,status,,,,,,,,TRACKING,,
4.8346,target,1791286949544150272,0.00970,-0.48086,0.018043,626.1133,,,,,
4.8597,cmd,,,,,,0.00000,0.38469,,,
4.8598,status,,,,,,,,TRACKING,,
4.8704,target,1791286949577507072,0.00383,-0.47765,0.018166,626.1157,,,,,
4.9033,target,1791286949610863616,-0.00352,-0.47038,0.018344,626.1152,,,,,
4.9095,cmd,,,,,,0.00000,0.37631,,,
4.9096,status,,,,,,,,TRACKING,,
4.9315,joint,,,,,,,,,-1.03390,0.65041
4.9359,target,1791286949644219904,-0.01070,-0.46136,0.018824,626.1145,,,,,
4.9597,cmd,,,,,,0.00000,0.36909,,,
4.9598,status,,,,,,,,TRACKING,,
4.9706,target,1791286949677576704,-0.02012,-0.45053,0.019332,626.1158,,,,,
5.0044,target,1791286949710932992,-0.03156,-0.44112,0.019833,626.1162,,,,,
5.0110,cmd,,,,,,0.00000,0.35290,,,
5.0111,status,,,,,,,,TRACKING,,
5.0360,target,1791286949744289536,-0.04533,-0.42367,0.020195,626.1145,,,,,
5.0597,cmd,,,,,,0.00000,0.33894,,,
5.0598,status,,,,,,,,TRACKING,,
5.0706,target,1791286949777646080,-0.06198,-0.40260,0.020482,626.1157,,,,,
5.1023,target,1791286949811002368,-0.07940,-0.37954,0.021128,626.1141,,,,,
5.1093,cmd,,,,,,0.11910,0.30363,,,
5.1094,status,,,,,,,,TRACKING,,
5.1361,target,1791286949844359168,-0.09724,-0.34482,0.021571,626.1146,,,,,
5.1597,cmd,,,,,,0.14585,0.27585,,,
5.1598,status,,,,,,,,TRACKING,,
5.1700,target,1791286949877715456,-0.11640,-0.31464,0.022038,626.1151,,,,,
5.2066,target,1791286949911072000,-0.13535,-0.27854,0.022446,626.1183,,,,,
5.2092,cmd,,,,,,0.20303,0.22283,,,
5.2093,status,,,,,,,,TRACKING,,
5.2357,target,1791286949944428544,-0.15420,-0.24216,0.022741,626.1140,,,,,
5.2596,cmd,,,,,,0.23131,0.19373,,,
5.2597,status,,,,,,,,TRACKING,,
5.2704,target,1791286949977784832,-0.17466,-0.20717,0.022893,626.1155,,,,,
5.3024,target,1791286950011141376,-0.19667,-0.17717,0.022743,626.1141,,,,,
5.3096,cmd,,,,,,0.29500,0.14174,,,
5.3098,status,,,,,,,,TRACKING,,
5.3357,target,1791286950044497920,-0.21912,-0.14648,0.022103,626.1140,,,,,
5.3597,cmd,,,,,,0.32868,0.11718,,,
5.3598,status,,,,,,,,TRACKING,,
5.3732,target,1791286950077854208,-0.24133,-0.11902,0.021330,626.1181,,,,,
5.4057,target,1791286950111212544,-0.26446,-0.09024,0.020258,626.1173,,,,,
5.4092,cmd,,,,,,0.39668,0.07219,,,
5.4093,status,,,,,,,,TRACKING,,
5.4367,target,1791286950144570880,-0.28686,-0.06416,0.019614,626.1150,,,,,
5.4522,joint,,,,,,,,,-1.02010,0.83755
5.4596,cmd,,,,,,0.43030,0.05133,,,
5.4597,status,,,,,,,,TRACKING,,
5.4717,target,1791286950177929216,-0.30970,-0.03959,0.017222,626.1165,,,,,
5.5071,target,1791286950211287552,-0.32620,-0.01547,0.014006,626.1187,,,,,
5.5095,cmd,,,,,,0.48930,0.00000,,,
5.5096,status,,,,,,,,TRACKING,,
5.5350,target,1791286950244645632,-0.34210,-0.00337,0.010293,626.1132,,,,,
5.5597,cmd,,,,,,0.51315,0.00000,,,
5.5614,status,,,,,,,,TRACKING,,
5.5716,target,1791286950278004224,-0.35668,-0.04723,0.004965,626.1164,,,,,
5.6026,target,1791286950311362560,0.00000,0.00000,0.000000,626.1140,,,,,
5.6098,cmd,,,,,,0.00000,0.00000,,,
5.6099,status,,,,,,,,LOST,,
5.6352,target,1791286950344720896,0.00000,0.00000,0.000000,626.1132,,,,,
5.6596,cmd,,,,,,0.00000,0.00000,,,
5.6597,status,,,,,,,,LOST,,
5.6691,target,1791286950378078976,0.00000,0.00000,0.000000,626.1138,,,,,
5.7059,target,1791286950411437568,0.00000,0.00000,0.000000,626.1173,,,,,
5.7093,cmd,,,,,,0.00000,0.00000,,,
5.7094,status,,,,,,,,LOST,,
5.7334,target,1791286950444795904,0.00000,0.00000,0.000000,626.1114,,,,,
5.7597,cmd,,,,,,0.00000,0.00000,,,
5.7598,status,,,,,,,,LOST,,
5.7706,target,1791286950478154240,0.00000,0.00000,0.000000,626.1152,,,,,
5.8054,target,1791286950511512576,0.00000,0.00000,0.000000,626.1167,,,,,
5.8104,cmd,,,,,,0.00000,0.00000,,,
5.8105,status,,,,,,,,LOST,,
5.8356,target,1791286950544871168,0.00000,0.00000,0.000000,626.1135,,,,,
5.8600,cmd,,,,,,0.00000,0.00000,,,
5.8602,status,,,,,,,,LOST,,
5.8714,target,1791286950578229504,0.00000,0.00000,0.000000,626.1160,,,,,
5.9053,target,1791286950611587840,0.00000,0.00000,0.000000,626.1166,,,,,
5.9094,cmd,,,,,,0.00000,0.00000,,,
5.9097,status,,,,,,,,LOST,,
5.9374,target,1791286950644946176,0.00000,0.00000,0.000000,626.1152,,,,,
5.9522,joint,,,,,,,,,-0.96334,0.88971
5.9596,cmd,,,,,,0.00000,0.00000,,,
5.9599,status,,,,,,,,LOST,,
5.9715,target,1791286950678304768,0.00000,0.00000,0.000000,626.1160,,,,,
6.0066,target,1791286950711663104,0.00000,0.00000,0.000000,626.1178,,,,,
6.0093,cmd,,,,,,0.00000,0.00000,,,
6.0096,status,,,,,,,,LOST,,
6.0336,target,1791286950745021440,0.00000,0.00000,0.000000,626.1114,,,,,
6.0597,cmd,,,,,,0.00000,0.00000,,,
6.0618,status,,,,,,,,LOST,,
6.0688,target,1791286950778379776,0.00000,0.00000,0.000000,626.1133,,,,,
6.1032,target,1791286950811738368,0.00000,0.00000,0.000000,626.1143,,,,,
6.1101,cmd,,,,,,0.00000,0.00000,,,
6.1108,status,,,,,,,,LOST,,
6.1376,target,1791286950845096704,0.00000,0.00000,0.000000,626.1153,,,,,
6.1597,cmd,,,,,,0.00000,0.00000,,,
6.1598,status,,,,,,,,LOST,,
6.1689,target,1791286950878455040,0.00000,0.00000,0.000000,626.1132,,,,,
6.2032,target,1791286950911813376,0.00000,0.00000,0.000000,626.1142,,,,,
6.2098,cmd,,,,,,0.00000,0.00000,,,
6.2101,status,,,,,,,,LOST,,
6.2339,target,1791286950945171968,0.00000,0.00000,0.000000,626.1115,,,,,
6.2596,cmd,,,,,,0.00000,0.00000,,,
6.2598,status,,,,,,,,LOST,,
6.2702,target,1791286950978530560,0.00000,0.00000,0.000000,626.1145,,,,,
6.3059,target,1791286951011888896,0.00000,0.00000,0.000000,626.1168,,,,,
6.3093,cmd,,,,,,0.00000,0.00000,,,
6.3094,status,,,,,,,,LOST,,
6.3357,target,1791286951045247232,0.00000,0.00000,0.000000,626.1132,,,,,
6.3611,cmd,,,,,,0.00000,0.00000,,,
6.3612,status,,,,,,,,LOST,,
6.3688,target,1791286951078605824,0.00000,0.00000,0.000000,626.1130,,,,,
6.4059,target,1791286951111962624,0.00000,0.00000,0.000000,626.1167,,,,,
6.4093,cmd,,,,,,0.00000,0.00000,,,
6.4094,status,,,,,,,,LOST,,
6.4363,target,1791286951145319680,0.00000,0.00000,0.000000,626.1138,,,,,
6.4527,joint,,,,,,,,,-0.96794,0.88971
6.4596,cmd,,,,,,0.00000,0.00000,,,
6.4597,status,,,,,,,,LOST,,
6.4723,target,1791286951178676480,0.00000,0.00000,0.000000,626.1165,,,,,
6.5061,target,1791286951212033536,0.00000,0.00000,0.000000,626.1169,,,,,
6.5092,cmd,,,,,,0.00000,0.00000,,,
6.5093,status,,,,,,,,LOST,,
6.5360,target,1791286951245390336,0.00000,0.00000,0.000000,626.1134,,,,,
6.5597,cmd,,,,,,0.00000,0.00000,,,
6.5598,status,,,,,,,,LOST,,
6.5725,target,1791286951278747392,0.00000,0.00000,0.000000,626.1166,,,,,
6.6064,target,1791286951312104192,0.00000,0.00000,0.000000,626.1171,,,,,
6.6093,cmd,,,,,,0.00000,0.00000,,,
6.6094,status,,,,,,,,LOST,,
6.6365,target,1791286951345461248,0.00000,0.00000,0.000000,626.1138,,,,,
6.6596,cmd,,,,,,0.00000,0.00000,,,
6.6597,status,,,,,,,,LOST,,
6.6703,target,1791286951378818048,0.00000,0.00000,0.000000,626.1143,,,,,
6.7079,target,1791286951412175104,0.00000,0.00000,0.000000,626.1185,,,,,
6.7102,cmd,,,,,,0.00000,0.00000,,,
6.7105,status,,,,,,,,LOST,,
6.7361,target,1791286951445531904,-0.35005,0.16639,0.004859,626.1134,,,,,
6.7597,cmd,,,,,,0.00000,0.00000,,,
6.7604,status,,,,,,,,LOST,,
6.7726,target,1791286951478888960,-0.32702,0.18665,0.007678,626.1165,,,,,
6.8071,target,1791286951512245760,-0.31362,0.18854,0.008943,626.1177,,,,,
6.8099,cmd,,,,,,0.47043,-0.15083,,,
6.8102,status,,,,,,,,TRACKING,,
6.8381,target,1791286951545602816,-0.30257,0.20585,0.011706,626.1153,,,,,
6.8596,cmd,,,,,,0.45386,-0.16468,,,
6.8614,status,,,,,,,,TRACKING,,
6.8723,target,1791286951578959616,-0.29783,0.19931,0.012454,626.1161,,,,,
6.9061,target,1791286951612316672,-0.29446,0.18552,0.012188,626.1166,,,,,
6.9103,cmd,,,,,,0.44169,-0.14842,,,
6.9104,status,,,,,,,,TRACKING,,
6.9370,target,1791286951645673472,-0.29298,0.16485,0.012133,626.1141,,,,,
6.9596,cmd,,,,,,0.43948,-0.13188,,,
6.9597,status,,,,,,,,TRACKING,,
6.9713,joint,,,,,,,,,-0.96794,0.88971
6.9729,target,1791286951679030272,-0.29401,0.14186,0.011517,626.1167,,,,,
7.0076,target,1791286951712387328,-0.29420,0.11920,0.011838,626.1180,,,,,
7.0098,cmd,,,,,,0.44131,-0.09536,,,
7.0100,status,,,,,,,,TRACKING,,
7.0389,target,1791286951745744128,-0.30128,0.06356,0.010406,626.1160,,,,,
7.0597,cmd,,,,,,0.45192,-0.05085,,,
7.0598,status,,,,,,,,TRACKING,,
7.0728,target,1791286951779101184,-0.30544,0.03251,0.010421,626.1165,,,,,
7.1056,target,1791286951812457728,-0.30797,0.00412,0.010043,626.1159,,,,,
7.1093,cmd,,,,,,0.46195,0.00000,,,
7.1094,status,,,,,,,,TRACKING,,
7.1373,target,1791286951845814784,-0.30983,-0.03399,0.009399,626.1143,,,,,
7.1596,cmd,,,,,,0.46475,0.00000,,,
7.1617,status,,,,,,,,TRACKING,,
7.1716,target,1791286951879171584,-0.31313,-0.07453,0.009891,626.1152,,,,,
7.2082,target,1791286951912528640,-0.31482,-0.10961,0.010154,626.1184,,,,,
7.2105,cmd,,,,,,0.47223,0.08769,,,
7.2106,status,,,,,,,,TRACKING,,
7.2356,target,1791286951945885184,-0.31245,-0.14072,0.009379,626.1125,,,,,
7.2597,cmd,,,,,,0.46868,0.11258,,,
7.2598,status,,,,,,,,TRACKING,,
7.2710,target,1791286951979242240,-0.31313,-0.17814,0.009774,626.1145,,,,,
7.3052,target,1791286952012599040,-0.31088,-0.19088,0.009761,626.1154,,,,,
7.3094,cmd,,,,,,0.46632,0.15271,,,
7.3095,status,,,,,,,,TRACKING,,
7.3366,target,1791286952045955840,-0.31019,-0.20195,0.009792,626.1135,,,,,
7.3596,cmd,,,,,,0.46529,0.16156,,,
7.3597,status,,,,,,,,TRACKING,,
7.3720,target,1791286952079312640,-0.30891,-0.20476,0.008984,626.1155,,,,,
7.4059,target,1791286952112670464,-0.30707,-0.20415,0.007619,626.1161,,,,,
7.4092,cmd,,,,,,0.46060,0.16332,,,
7.4093,status,,,,,,,,TRACKING,,
7.4367,target,1791286952146028032,0.00000,0.00000,0.000000,626.1135,,,,,
7.4596,cmd,,,,,,0.00000,0.00000,,,
7.4597,status,,,,,,,,LOST,,
7.4710,joint,,,,,,,,,-0.83755,0.87437
7.4719,target,1791286952179385856,0.00000,0.00000,0.000000,626.1153,,,,,
7.5080,target,1791286952212743680,0.00000,0.00000,0.000000,626.1181,,,,,
7.5104,cmd,,,,,,0.00000,0.00000,,,
7.5105,status,,,,,,,,LOST,,
7.5359,target,1791286952246101248,0.00000,0.00000,0.000000,626.1126,,,,,
7.5597,cmd,,,,,,0.00000,0.00000,,,
7.5604,status,,,,,,,,LOST,,
7.5704,target,1791286952279459072,0.00000,0.00000,0.000000,626.1138,,,,,
7.6075,target,1791286952312816640,0.00000,0.00000,0.000000,626.1174,,,,,
7.6099,cmd,,,,,,0.00000,0.00000,,,
7.6100,status,,,,,,,,LOST,,
7.6360,target,1791286952346174208,0.00000,0.00000,0.000000,626.1127,,,,,
7.6597,cmd,,,,,,0.00000,0.00000,,,
7.6598,status,,,,,,,,LOST,,
7.6735,target,1791286952379532032,0.00000,0.00000,0.000000,626.1168,,,,,
7.7043,target,1791286952412889600,0.00000,0.00000,0.000000,626.1142,,,,,
7.7094,cmd,,,,,,0.00000,0.00000,,,
7.7097,status,,,,,,,,LOST,,
7.7364,target,1791286952446247424,0.00000,0.00000,0.000000,626.1130,,,,,
7.7596,cmd,,,,,,0.00000,0.00000,,,
7.7597,status,,,,,,,,LOST,,
7.7688,target,1791286952479605248,0.00000,0.00000,0.000000,626.1120,,,,,
7.8073,target,1791286952512962816,0.00000,0.00000,0.000000,626.1172,,,,,
7.8096,cmd,,,,,,0.00000,0.00000,,,
7.8101,status,,,,,,,,LOST,,
7.8348,target,1791286952546320640,0.00000,0.00000,0.000000,626.1113,,,,,
7.8596,cmd,,,,,,0.00000,0.00000,,,
7.8597,status,,,,,,,,LOST,,
7.8696,target,1791286952579678208,0.00000,0.00000,0.000000,626.1127,,,,,
7.9055,target,1791286952613035776,0.00000,0.00000,0.000000,626.1152,,,,,
7.9093,cmd,,,,,,0.00000,0.00000,,,
7.9095,status,,,,,,,,LOST,,
7.9356,target,1791286952646393600,0.00000,0.00000,0.000000,626.1120,,,,,
7.9596,cmd,,,,,,0.00000,0.00000,,,
7.9597,status,,,,,,,,LOST,,
7.9706,target,1791286952679751168,0.00000,0.00000,0.000000,626.1137,,,,,
7.9916,joint,,,,,,,,,-0.82068,0.87744
8.0070,target,1791286952713108992,0.00000,0.00000,0.000000,626.1167,,,,,
8.0093,cmd,,,,,,0.00000,0.00000,,,
8.0096,status,,,,,,,,LOST,,
8.0355,target,1791286952746466816,0.00000,0.00000,0.000000,626.1119,,,,,
8.0597,cmd,,,,,,0.00000,0.00000,,,
8.0614,status,,,,,,,,LOST,,
8.0706,target,1791286952779824384,0.00000,0.00000,0.000000,626.1135,,,,,
8.1077,target,1791286952813182208,0.00000,0.00000,0.000000,626.1174,,,,,
8.1100,cmd,,,,,,0.00000,0.00000,,,
8.1101,status,,,,,,,,LOST,,
8.1377,target,1791286952846539776,-0.34275,-0.07883,0.007611,626.1139,,,,,
8.1597,cmd,,,,,,0.00000,0.00000,,,
8.1598,status,,,,,,,,LOST,,
8.1726,target,1791286952879897344,-0.28965,0.06466,0.005627,626.1155,,,,,
8.2081,target,1791286952913255168,0.00000,0.00000,0.000000,626.1177,,,,,
8.2107,cmd,,,,,,0.00000,0.00000,,,
8.2110,status,,,,,,,,LOST,,
8.2370,target,1791286952946612736,0.00000,0.00000,0.000000,626.1132,,,,,
8.2596,cmd,,,,,,0.00000,0.00000,,,
8.2598,status,,,,,,,,LOST,,
8.2727,target,1791286952979970560,0.00000,0.00000,0.000000,626.1156,,,,,
8.3070,target,1791286953013328384,0.00000,0.00000,0.000000,626.1165,,,,,
8.3093,cmd,,,,,,0.00000,0.00000,,,
8.3094,status,,,,,,,,LOST,,
8.3401,target,1791286953046685952,0.00000,0.00000,0.000000,626.1162,,,,,
8.3597,cmd,,,,,,0.00000,0.00000,,,
8.3598,status,,,,,,,,LOST,,
8.3713,target,1791286953080043776,-0.14633,0.18579,0.008466,626.1141,,,,,
8.4072,target,1791286953113401600,-0.13473,0.20875,0.010425,626.1166,,,,,
8.4093,cmd,,,,,,0.00000,0.00000,,,
8.4096,status,,,,,,,,LOST,,
8.4386,target,1791286953146759680,-0.12263,0.22076,0.011658,626.1146,,,,,
8.4596,cmd,,,,,,0.18395,-0.17661,,,
8.4597,status,,,,,,,,TRACKING,,
8.4732,target,1791286953180117760,-0.11702,0.21978,0.012728,626.1159,,,,,
8.4913,joint,,,,,,,,,-0.82068,0.87744
8.5068,target,1791286953213475840,-0.10826,0.21840,0.013129,626.1161,,,,,
8.5095,cmd,,,,,,0.16238,-0.17472,,,
8.5096,status,,,,,,,,TRACKING,,
8.5412,target,1791286953246833664,-0.10053,0.21855,0.013937,626.1172,,,,,
8.5597,cmd,,,,,,0.15079,-0.17484,,,
8.5598,status,,,,,,,,TRACKING,,
8.5726,target,1791286953280192000,-0.09529,0.21112,0.015020,626.1152,,,,,
8.6093,target,1791286953313549824,-0.08540,0.20521,0.016979,626.1185,,,,,
8.6096,cmd,,,,,,0.14294,-0.16890,,,
8.6097,status,,,,,,,,TRACKING,,
8.6366,target,1791286953346907904,-0.07744,0.19637,0.017817,626.1125,,,,,
8.6597,cmd,,,,,,0.11616,-0.15710,,,
8.6598,status,,,,,,,,TRACKING,,
8.6718,target,1791286953380265984,-0.06789,0.17783,0.019685,626.1143,,,,,
8.7080,target,1791286953413624064,-0.06297,0.16617,0.020818,626.1172,,,,,
8.7102,cmd,,,,,,0.09446,-0.13294,,,
8.7103,status,,,,,,,,TRACKING,,
8.7401,target,1791286953446981888,-0.05610,0.13204,0.022157,626.1160,,,,,
8.7597,cmd,,,,,,0.08416,-0.10563,,,
8.7598,status,,,,,,,,TRACKING,,
8.7731,target,1791286953480339968,-0.04866,0.10233,0.024251,626.1155,,,,,
8.8104,target,1791286953513698048,-0.04294,0.08345,0.024683,626.1195,,,,,
8.8105,cmd,,,,,,0.00000,-0.08187,,,
8.8106,status,,,,,,,,TRACKING,,
8.8377,target,1791286953547056128,-0.03766,0.06898,0.025226,626.1135,,,,,
8.8596,cmd,,,,,,0.00000,-0.05518,,,
8.8598,status,,,,,,,,TRACKING,,
8.8730,target,1791286953580413952,-0.03504,0.05581,0.025977,626.1154,,,,,
8.9067,target,1791286953613772288,-0.03121,0.04242,0.026035,626.1157,,,,,
8.9097,cmd,,,,,,0.00000,0.00000,,,
8.9098,status,,,,,,,,CENTERED,,
8.9382,target,1791286953647130112,-0.02852,0.02943,0.026493,626.1139,,,,,
8.9597,cmd,,,,,,0.00000,0.00000,,,
8.9600,status,,,,,,,,CENTERED,,
8.9747,target,1791286953680488192,-0.02746,0.01744,0.026727,626.1170,,,,,
8.9912,joint,,,,,,,,,-0.79920,0.84522
9.0072,target,1791286953713846272,-0.02846,0.00901,0.027057,626.1162,,,,,
9.0097,cmd,,,,,,0.00000,0.00000,,,
9.0098,status,,,,,,,,CENTERED,,
9.0380,target,1791286953747204352,-0.03023,0.00867,0.026217,626.1136,,,,,
9.0597,cmd,,,,,,0.00000,0.00000,,,
9.0598,status,,,,,,,,CENTERED,,
9.0733,target,1791286953780562176,-0.03554,0.00033,0.026306,626.1156,,,,,
9.1058,target,1791286953813920512,-0.04048,0.00116,0.025516,626.1147,,,,,
9.1092,cmd,,,,,,0.00000,0.00000,,,
9.1094,status,,,,,,,,CENTERED,,
9.1384,target,1791286953847278336,-0.04558,0.00060,0.024711,626.1140,,,,,
9.1596,cmd,,,,,,0.00000,0.00000,,,
9.1597,status,,,,,,,,CENTERED,,
9.1736,target,1791286953880636416,-0.04606,0.01692,0.021558,626.1157,,,,,
9.2061,target,1791286953913994496,-0.04609,0.00777,0.018116,626.1149,,,,,
9.2092,cmd,,,,,,0.00000,0.00000,,,
9.2093,status,,,,,,,,CENTERED,,
9.2409,target,1791286953947352576,-0.05708,-0.00315,0.017387,626.1163,,,,,
9.2597,cmd,,,,,,0.08563,0.00000,,,
9.2618,status,,,,,,,,TRACKING,,
9.2737,target,1791286953980710400,-0.07121,-0.02064,0.016918,626.1158,,,,,
9.3097,target,1791286954014068480,-0.08875,-0.03791,0.017092,626.1184,,,,,
9.3098,cmd,,,,,,0.10682,0.00000,,,
9.3102,status,,,,,,,,TRACKING,,
9.3386,target,1791286954047426560,-0.11014,-0.04924,0.018079,626.1140,,,,,
9.3596,cmd,,,,,,0.16521,0.00000,,,
9.3617,status,,,,,,,,TRACKING,,
9.3716,target,1791286954080784640,-0.13165,-0.05788,0.018837,626.1136,,,,,
9.4075,target,1791286954114142976,-0.15308,-0.07042,0.018952,626.1162,,,,,
9.4099,cmd,,,,,,0.22962,0.05634,,,
9.4102,status,,,,,,,,TRACKING,,
9.4387,target,1791286954147501568,-0.17804,-0.08430,0.019939,626.1140,,,,,
9.4599,cmd,,,,,,0.26706,0.06744,,,
9.4600,status,,,,,,,,TRACKING,,
9.4741,target,1791286954180859904,-0.20350,-0.09260,0.020679,626.1161,,,,,
9.5072,target,1791286954214218240,-0.22983,-0.10087,0.021766,626.1158,,,,,
9.5095,cmd,,,,,,0.34474,0.08070,,,
9.5096,status,,,,,,,,TRACKING,,
9.5107,joint,,,,,,,,,-0.79767,0.84215
9.5375,target,1791286954247576576,-0.25389,-0.10200,0.022791,626.1127,,,,,
9.5603,cmd,,,,,,0.38084,0.08160,,,
9.5604,status,,,,,,,,TRACKING,,
9.5721,target,1791286954280935168,-0.27856,-0.10647,0.023778,626.1139,,,,,
9.6080,target,1791286954314293760,-0.30148,-0.11534,0.024735,626.1165,,,,,
9.6103,cmd,,,,,,0.45222,0.09227,,,
9.6104,status,,,,,,,,TRACKING,,
9.6389,target,1791286954347652096,-0.32382,-0.11176,0.025799,626.1140,,,,,
9.6599,cmd,,,,,,0.48573,0.08941,,,
9.6600,status,,,,,,,,TRACKING,,
9.6746,target,1791286954381010432,-0.34641,-0.11405,0.026521,626.1164,,,,,
9.7079,target,1791286954414369024,-0.37076,-0.12137,0.024983,626.1163,,,,,
9.7102,cmd,,,,,,0.55613,0.09709,,,
9.7103,status,,,,,,,,TRACKING,,
9.7390,target,1791286954447727360,-0.38837,-0.11506,0.023828,626.1141,,,,,
9.7609,cmd,,,,,,0.58255,0.09205,,,
9.7610,status,,,,,,,,TRACKING,,
9.7757,target,1791286954481085952,-0.40112,-0.09580,0.022452,626.1174,,,,,
9.8080,target,1791286954514444288,-0.41211,-0.08294,0.021704,626.1164,,,,,
9.8101,cmd,,,,,,0.60000,0.06635,,,
9.8105,status,,,,,,,,TRACKING,,
9.8389,target,1791286954547802624,-0.41894,-0.06666,0.020844,626.1139,,,,,
9.8597,cmd,,,,,,0.60000,0.05333,,,
9.8598,status,,,,,,,,TRACKING,,
9.8740,target,1791286954581161216,-0.42354,-0.02540,0.019987,626.1156,,,,,
9.9086,target,1791286954614519552,-0.42140,0.02444,0.018364,626.1169,,,,,
9.9096,cmd,,,,,,0.60000,0.00000,,,
9.9097,status,,,,,,,,TRACKING,,
9.9416,target,1791286954647878144,-0.42600,0.06554,0.019032,626.1165,,,,,
9.9598,cmd,,,,,,0.60000,-0.05243,,,
9.9599,status,,,,,,,,TRACKING,,
9.9744,target,1791286954681236480,-0.43030,0.13841,0.017003,626.1160,,,,,
9.9927,joint,,,,,,,,,-0.68569,0.86363
10.0084,target,1791286954714595072,-0.42535,0.33283,0.010807,626.1166,,,,,
10.0096,cmd,,,,,,0.60000,-0.11073,,,
10.0098,status,,,,,,,,TRACKING,,
10.0404,target,1791286954747953408,-0.41383,0.42208,0.009338,626.1152,,,,,
10.0604,cmd,,,,,,0.60000,-0.33766,,,
10.0605,status,,,,,,,,TRACKING,,
10.0751,target,1791286954781312000,0.00000,0.00000,0.000000,626.1166,,,,,
10.1085,target,1791286954814670336,0.00000,0.00000,0.000000,626.1166,,,,,
10.1097,cmd,,,,,,0.00000,0.00000,,,
10.1100,status,,,,,,,,LOST,,
10.1371,target,1791286954848028928,0.00000,0.00000,0.000000,626.1118,,,,,
10.1598,cmd,,,,,,0.00000,0.00000,,,
10.1599,status,,,,,,,,LOST,,
10.1712,target,1791286954881387520,0.00000,0.00000,0.000000,626.1126,,,,,
10.2067,target,1791286954914745856,0.00000,0.00000,0.000000,626.1147,,,,,
10.2093,cmd,,,,,,0.00000,0.00000,,,
10.2096,status,,,,,,,,LOST,,
10.2375,target,1791286954948104192,0.00000,0.00000,0.000000,626.1122,,,,,
10.2597,cmd,,,,,,0.00000,0.00000,,,
10.2601,status,,,,,,,,LOST,,
10.2727,target,1791286954981462784,0.00000,0.00000,0.000000,626.1140,,,,,
10.3069,target,1791286955014821376,0.00000,0.00000,0.000000,626.1148,,,,,
10.3096,cmd,,,,,,0.00000,0.00000,,,
10.3097,status,,,,,,,,LOST,,
10.3391,target,1791286955048179712,0.00000,0.00000,0.000000,626.1137,,,,,
10.3598,cmd,,,,,,0.00000,0.00000,,,
10.3599,status,,,,,,,,LOST,,
10.3732,target,1791286955081538048,0.00000,0.00000,0.000000,626.1145,,,,,
10.4061,target,1791286955114894848,0.00000,0.00000,0.000000,626.1140,,,,,
10.4092,cmd,,,,,,0.00000,0.00000,,,
10.4095,status,,,,,,,,LOST,,
10.4384,target,1791286955148251392,0.00000,0.00000,0.000000,626.1130,,,,,
10.4595,cmd,,,,,,0.00000,0.00000,,,
10.4596,status,,,,,,,,LOST,,
10.4720,target,1791286955181608192,0.00000,0.00000,0.000000,626.1132,,,,,
10.4926,joint,,,,,,,,,-0.56757,0.86363
10.5081,target,1791286955214964480,0.00000,0.00000,0.000000,626.1160,,,,,
10.5102,cmd,,,,,,0.00000,0.00000,,,
10.5105,status,,,,,,,,LOST,,
10.5416,target,1791286955248321280,0.00000,0.00000,0.000000,626.1160,,,,,
10.5598,cmd,,,,,,0.00000,0.00000,,,
10.5619,status,,,,,,,,LOST,,
10.5735,target,1791286955281678080,0.00000,0.00000,0.000000,626.1146,,,,,
10.6099,target,1791286955315034368,0.00000,0.00000,0.000000,626.1177,,,,,
10.6102,cmd,,,,,,0.00000,0.00000,,,
10.6104,status,,,,,,,,LOST,,
10.6386,target,1791286955348391168,0.00000,0.00000,0.000000,626.1130,,,,,
10.6597,cmd,,,,,,0.00000,0.00000,,,
10.6613,status,,,,,,,,LOST,,
10.6730,target,1791286955381747712,0.00000,0.00000,0.000000,626.1140,,,,,
10.7072,target,1791286955415104256,0.00000,0.00000,0.000000,626.1149,,,,,
10.7093,cmd,,,,,,0.00000,0.00000,,,
10.7096,status,,,,,,,,LOST,,
10.7389,target,1791286955448461056,0.00000,0.00000,0.000000,626.1132,,,,,
10.7596,cmd,,,,,,0.00000,0.00000,,,
10.7597,status,,,,,,,,LOST,,
10.7729,target,1791286955481817600,0.00000,0.00000,0.000000,626.1139,,,,,
10.8071,target,1791286955515174144,0.00000,0.00000,0.000000,626.1147,,,,,
10.8095,cmd,,,,,,0.00000,0.00000,,,
10.8097,status,,,,,,,,LOST,,
10.8403,target,1791286955548530688,0.00000,0.00000,0.000000,626.1146,,,,,
10.8597,cmd,,,,,,0.00000,0.00000,,,
10.8613,status,,,,,,,,LOST,,
10.8733,target,1791286955581887232,0.00000,0.00000,0.000000,626.1142,,,,,
10.9099,target,1791286955615243776,0.00000,0.00000,0.000000,626.1175,,,,,
10.9102,cmd,,,,,,0.00000,0.00000,,,
10.9104,status,,,,,,,,LOST,,
10.9380,target,1791286955648600576,0.00000,0.00000,0.000000,626.1122,,,,,
10.9599,cmd,,,,,,0.00000,0.00000,,,
10.9600,status,,,,,,,,LOST,,
10.9728,target,1791286955681957120,0.00000,0.00000,0.000000,626.1136,,,,,
11.0106,cmd,,,,,,0.00000,0.00000,,,
11.0107,status,,,,,,,,LOST,,
11.0116,target,1791286955715313664,0.00000,0.00000,0.000000,626.1191,,,,,
11.0120,joint,,,,,,,,,-0.58752,0.86363
11.0377,target,1791286955748670208,0.00000,0.00000,0.000000,626.1118,,,,,
11.0597,cmd,,,,,,0.00000,0.00000,,,
11.0598,status,,,,,,,,LOST,,
11.0735,target,1791286955782026752,0.00000,0.00000,0.000000,626.1143,,,,,
11.1102,cmd,,,,,,0.00000,0.00000,,,
11.1105,status,,,,,,,,LOST,,
11.1112,target,1791286955815383296,0.00000,0.00000,0.000000,626.1186,,,,,
11.1412,target,1791286955848740096,0.00000,0.00000,0.000000,626.1152,,,,,
11.1602,cmd,,,,,,0.00000,0.00000,,,
11.1603,status,,,,,,,,LOST,,
11.1753,target,1791286955882096384,-0.27544,0.38222,0.005864,626.1161,,,,,
11.2101,cmd,,,,,,0.00000,0.00000,,,
11.2114,target,1791286955915453184,-0.24256,0.22447,0.010317,626.1187,,,,,
11.2115,status,,,,,,,,LOST,,
11.2428,target,1791286955948809472,-0.19403,0.19353,0.012695,626.1168,,,,,
11.2597,cmd,,,,,,0.29105,-0.15483,,,
11.2598,status,,,,,,,,TRACKING,,
11.2731,target,1791286955982166016,-0.15441,0.17771,0.014193,626.1137,,,,,
11.3096,target,1791286956015522816,-0.12130,0.15633,0.014863,626.1168,,,,,
11.3097,cmd,,,,,,0.23161,-0.14217,,,
11.3098,status,,,,,,,,TRACKING,,
11.3423,target,1791286956048879104,-0.09791,0.13702,0.014147,626.1162,,,,,
11.3597,cmd,,,,,,0.14687,-0.10962,,,
11.3598,status,,,,,,,,TRACKING,,
11.3744,target,1791286956082235904,-0.08025,0.11341,0.013147,626.1149,,,,,
11.4092,target,1791286956115592960,-0.07137,0.09596,0.013006,626.1164,,,,,
11.4094,cmd,,,,,,0.12038,-0.09073,,,
11.4098,status,,,,,,,,TRACKING,,
11.4426,target,1791286956148950528,-0.06701,0.07386,0.013058,626.1165,,,,,
11.4598,cmd,,,,,,0.10051,-0.05909,,,
11.4599,status,,,,,,,,TRACKING,,
11.4752,target,1791286956182307840,-0.06475,0.05640,0.013086,626.1157,,,,,
11.5099,cmd,,,,,,0.09712,-0.04512,,,
11.5100,status,,,,,,,,TRACKING,,
11.5112,target,1791286956215665408,-0.06478,0.04618,0.012982,626.1183,,,,,
11.5434,target,1791286956249022720,-0.06818,0.03626,0.012995,626.1171,,,,,
11.5513,joint,,,,,,,,,-0.58445,0.86210
11.5596,cmd,,,,,,0.10226,0.00000,,,
11.5597,status,,,,,,,,TRACKING,,
11.5733,target,1791286956282379776,-0.07280,0.03143,0.013305,626.1137,,,,,
11.6106,cmd,,,,,,0.10919,0.00000,,,
11.6109,status,,,,,,,,TRACKING,,
11.6119,target,1791286956315737344,-0.07861,0.02356,0.013333,626.1190,,,,,
11.6416,target,1791286956349094656,-0.08627,0.01382,0.013572,626.1153,,,,,
11.6604,cmd,,,,,,0.12941,0.00000,,,
11.6605,status,,,,,,,,TRACKING,,
11.6752,target,1791286956382452224,-0.09502,0.00755,0.013913,626.1155,,,,,
11.7087,target,1791286956415809536,-0.10464,0.00392,0.014149,626.1157,,,,,
11.7096,cmd,,,,,,0.14252,0.00000,,,
11.7097,status,,,,,,,,TRACKING,,
11.7427,target,1791286956449166848,-0.11643,0.00360,0.014586,626.1163,,,,,
11.7611,cmd,,,,,,0.17464,0.00000,,,
11.7618,status,,,,,,,,TRACKING,,
11.7766,target,1791286956482524160,-0.12939,-0.00606,0.014462,626.1169,,,,,
11.8099,target,1791286956515881472,-0.14437,-0.02269,0.013895,626.1168,,,,,
11.8100,cmd,,,,,,0.19409,0.00000,,,
11.8100,status,,,,,,,,TRACKING,,
11.8430,target,1791286956549239040,-0.15775,-0.03884,0.012873,626.1166,,,,,
11.8608,cmd,,,,,,0.23663,0.00000,,,
11.8609,status,,,,,,,,TRACKING,,
11.8761,target,1791286956582596352,-0.17028,-0.05352,0.011630,626.1164,,,,,
11.9103,cmd,,,,,,0.25542,0.04281,,,
11.9104,status,,,,,,,,TRACKING,,
11.9130,target,1791286956615953920,-0.18579,-0.06771,0.010920,626.1198,,,,,
11.9424,target,1791286956649310976,-0.20507,-0.08749,0.011046,626.1159,,,,,
11.9614,cmd,,,,,,0.30760,0.06999,,,
11.9615,status,,,,,,,,TRACKING,,
11.9760,target,1791286956682668544,-0.22508,-0.08967,0.011684,626.1161,,,,,
12.0113,cmd,,,,,,0.33762,0.07174,,,
12.0114,status,,,,,,,,TRACKING,,
12.0123,target,1791286956716025856,-0.24622,-0.08987,0.012852,626.1190,,,,,
12.0428,target,1791286956749383424,-0.26770,-0.08381,0.013978,626.1163,,,,,
12.0512,joint,,,,,,,,,-0.53536,0.85750
12.0614,cmd,,,,,,0.40155,0.06705,,,
12.0615,status,,,,,,,,TRACKING,,
12.0755,target,1791286956782740736,-0.29022,-0.08512,0.014590,626.1155,,,,,
12.1100,cmd,,,,,,0.43533,0.06809,,,
12.1101,status,,,,,,,,TRACKING,,
12.1127,target,1791286956816098048,-0.30974,-0.08621,0.013663,626.1194,,,,,
12.1419,target,1791286956849455616,-0.32929,-0.08793,0.012483,626.1152,,,,,
12.1605,cmd,,,,,,0.49394,0.07034,,,
12.1606,status,,,,,,,,TRACKING,,
12.1757,target,1791286956882812928,-0.34941,-0.06753,0.010341,626.1156,,,,,
12.2105,target,1791286956916170496,-0.37180,-0.00639,0.007448,626.1171,,,,,
12.2106,cmd,,,,,,0.52412,0.05403,,,
12.2107,status,,,,,,,,TRACKING,,
12.2427,target,1791286956949527808,0.00000,0.00000,0.000000,626.1160,,,,,
12.2604,cmd,,,,,,0.00000,0.00000,,,
12.2618,status,,,,,,,,LOST,,
12.2752,target,1791286956982885376,0.00000,0.00000,0.000000,626.1151,,,,,
12.3113,target,1791286957016242688,0.00000,0.00000,0.000000,626.1179,,,,,
12.3115,cmd,,,,,,0.00000,0.00000,,,
12.3115,status,,,,,,,,LOST,,
12.3410,target,1791286957049600000,0.00000,0.00000,0.000000,626.1142,,,,,
12.3613,cmd,,,,,,0.00000,0.00000,,,
12.3615,status,,,,,,,,LOST,,
12.3760,target,1791286957082957568,0.00000,0.00000,0.000000,626.1159,,,,,
12.4100,cmd,,,,,,0.00000,0.00000,,,
12.4106,status,,,,,,,,LOST,,
12.4111,target,1791286957116314112,0.00000,0.00000,0.000000,626.1175,,,,,
12.4428,target,1791286957149670912,0.00000,0.00000,0.000000,626.1159,,,,,
12.4613,cmd,,,,,,0.00000,0.00000,,,
12.4614,status,,,,,,,,LOST,,
12.4759,target,1791286957183027712,0.00000,0.00000,0.000000,626.1157,,,,,
12.5114,cmd,,,,,,0.00000,0.00000,,,
12.5115,status,,,,,,,,LOST,,
12.5122,target,1791286957216384256,0.00000,0.00000,0.000000,626.1186,,,,,
12.5417,target,1791286957249741056,0.00000,0.00000,0.000000,626.1148,,,,,
12.5610,cmd,,,,,,0.00000,0.00000,,,
12.5631,status,,,,,,,,LOST,,
12.5725,joint,,,,,,,,,-0.47553,0.86823
12.5759,target,1791286957283097600,0.00000,0.00000,0.000000,626.1156,,,,,
12.6107,cmd,,,,,,0.00000,0.00000,,,
12.6108,status,,,,,,,,LOST,,
12.6110,target,1791286957316454400,0.00000,0.00000,0.000000,626.1174,,,,,
12.6411,target,1791286957349810944,0.00000,0.00000,0.000000,626.1141,,,,,
12.6615,cmd,,,,,,0.00000,0.00000,,,
12.6616,status,,,,,,,,LOST,,
12.6760,target,1791286957383167744,0.00000,0.00000,0.000000,626.1156,,,,,
12.7099,cmd,,,,,,0.00000,0.00000,,,
12.7101,status,,,,,,,,LOST,,
12.7122,target,1791286957416524288,0.00000,0.00000,0.000000,626.1185,,,,,
12.7409,target,1791286957449881088,0.00000,0.00000,0.000000,626.1139,,,,,
12.7611,cmd,,,,,,0.00000,0.00000,,,
12.7612,status,,,,,,,,LOST,,
12.7757,target,1791286957483237888,0.00000,0.00000,0.000000,626.1153,,,,,
12.8114,target,1791286957516594432,0.00000,0.00000,0.000000,626.1176,,,,,
12.8115,cmd,,,,,,0.00000,0.00000,,,
12.8116,status,,,,,,,,LOST,,
12.8416,target,1791286957549951232,0.00000,0.00000,0.000000,626.1145,,,,,
12.8609,cmd,,,,,,0.00000,0.00000,,,
12.8610,status,,,,,,,,LOST,,
12.8767,target,1791286957583307776,0.00000,0.00000,0.000000,626.1162,,,,,
12.9104,cmd,,,,,,0.00000,0.00000,,,
12.9105,status,,,,,,,,LOST,,
12.9121,target,1791286957616664576,0.00000,0.00000,0.000000,626.1182,,,,,
12.9413,target,1791286957650021120,0.00000,0.00000,0.000000,626.1141,,,,,
12.9599,cmd,,,,,,0.00000,0.00000,,,
12.9619,status,,,,,,,,LOST,,
12.9726,target,1791286957683377664,0.00000,0.00000,0.000000,626.1120,,,,,
13.0104,cmd,,,,,,0.00000,0.00000,,,
13.0105,status,,,,,,,,LOST,,
13.0122,target,1791286957716734464,0.00000,0.00000,0.000000,626.1182,,,,,
13.0443,target,1791286957750091008,-0.31623,-0.16647,0.009377,626.1171,,,,,
13.0607,cmd,,,,,,0.00000,0.00000,,,
13.0608,status,,,,,,,,LOST,,
13.0760,target,1791286957783447808,-0.26830,-0.15247,0.013453,626.1153,,,,,
13.0927,joint,,,,,,,,,-0.48014,0.86823
13.1095,target,1791286957816804096,-0.22718,-0.15738,0.013210,626.1155,,,,,
13.1096,cmd,,,,,,0.00000,0.00000,,,
13.1097,status,,,,,,,,LOST,,
13.1426,target,1791286957850160896,-0.19059,-0.17773,0.010870,626.1152,,,,,
13.1609,cmd,,,,,,0.28588,0.14218,,,
13.1610,status,,,,,,,,TRACKING,,
13.1775,target,1791286957883517696,-0.16100,-0.17370,0.010013,626.1168,,,,,
13.2104,cmd,,,,,,0.24150,0.13896,,,
13.2105,status,,,,,,,,TRACKING,,
13.2131,target,1791286957916874240,-0.13743,-0.16427,0.009633,626.1191,,,,,
13.2426,target,1791286957950230784,-0.12103,-0.15503,0.009842,626.1152,,,,,
13.2622,cmd,,,,,,0.18155,0.12403,,,
13.2623,status,,,,,,,,TRACKING,,
13.2746,target,1791286957983587328,-0.10923,-0.14306,0.010109,626.1138,,,,,
13.3103,cmd,,,,,,0.16385,0.11445,,,
13.3105,status,,,,,,,,TRACKING,,
13.3113,target,1791286958016944128,-0.10276,-0.13957,0.010087,626.1171,,,,,
13.3447,target,1791286958050300416,-0.10113,-0.13375,0.010336,626.1172,,,,,
13.3599,cmd,,,,,,0.15169,0.10700,,,
13.3601,status,,,,,,,,TRACKING,,
13.3737,target,1791286958083657216,-0.10351,-0.14307,0.010052,626.1128,,,,,
13.4103,cmd,,,,,,0.15527,0.11445,,,
13.4104,status,,,,,,,,TRACKING,,
13.4145,target,1791286958117015296,-0.10794,-0.14615,0.010204,626.1203,,,,,
13.4428,target,1791286958150373632,-0.11239,-0.13897,0.010158,626.1152,,,,,
13.4612,cmd,,,,,,0.16858,0.11117,,,
13.4637,status,,,,,,,,TRACKING,,
13.4796,target,1791286958183731712,-0.11885,-0.14267,0.010130,626.1186,,,,,
13.5115,target,1791286958217089792,-0.12324,-0.13670,0.010122,626.1172,,,,,
13.5116,cmd,,,,,,0.17827,0.11414,,,
13.5116,status,,,,,,,,TRACKING,,
13.5433,target,1791286958250447872,-0.12907,-0.13666,0.010195,626.1156,,,,,
13.5606,cmd,,,,,,0.19361,0.10933,,,
13.5614,status,,,,,,,,TRACKING,,
13.5754,target,1791286958283805952,-0.13642,-0.13520,0.010278,626.1144,,,,,
13.5943,joint,,,,,,,,,-0.45559,0.88971
13.6100,cmd,,,,,,0.20463,0.10816,,,
13.6101,status,,,,,,,,TRACKING,,
13.6127,target,1791286958317164032,-0.14546,-0.12464,0.011263,626.1184,,,,,
13.6450,target,1791286958350522112,-0.15553,-0.11422,0.011851,626.1172,,,,,
13.6610,cmd,,,,,,0.23329,0.09137,,,
13.6611,status,,,,,,,,TRACKING,,
13.6766,target,1791286958383880448,-0.16615,-0.09940,0.013082,626.1156,,,,,
13.7100,cmd,,,,,,0.24923,0.07952,,,
13.7103,status,,,,,,,,TRACKING,,
13.7130,target,1791286958417238528,-0.17924,-0.07698,0.014464,626.1186,,,,,
13.7448,target,1791286958450596608,-0.19285,-0.07085,0.014796,626.1170,,,,,
13.7611,cmd,,,,,,0.28927,0.05668,,,
13.7612,status,,,,,,,,TRACKING,,
13.7773,target,1791286958483954944,-0.20596,-0.06604,0.015061,626.1161,,,,,
13.8104,cmd,,,,,,0.30894,0.05283,,,
13.8105,status,,,,,,,,TRACKING,,
13.8141,target,1791286958517312768,-0.21991,-0.07179,0.014820,626.1196,,,,,
13.8430,target,1791286958550670848,-0.23415,-0.06815,0.014555,626.1151,,,,,
13.8610,cmd,,,,,,0.35123,0.05452,,,
13.8611,status,,,,,,,,TRACKING,,
13.8790,target,1791286958584028928,-0.24640,-0.06869,0.014143,626.1178,,,,,
13.9099,cmd,,,,,,0.36960,0.05495,,,
13.9129,status,,,,,,,,TRACKING,,
13.9145,target,1791286958617387264,-0.25764,-0.07278,0.013351,626.1199,,,,,
13.9428,target,1791286958650745344,-0.26886,-0.06935,0.013121,626.1149,,,,,
13.9604,cmd,,,,,,0.40329,0.05548,,,
13.9607,status,,,,,,,,TRACKING,,
13.9757,target,1791286958684103168,-0.28034,-0.06850,0.011994,626.1144,,,,,
14.0097,cmd,,,,,,0.42051,0.05480,,,
14.0098,status,,,,,,,,TRACKING,,
14.0141,target,1791286958717461504,-0.29091,-0.06738,0.012170,626.1194,,,,,
14.0426,target,1791286958750819584,-0.30048,-0.06885,0.010456,626.1146,,,,,
14.0605,cmd,,,,,,0.45071,0.05508,,,
14.0612,status,,,,,,,,TRACKING,,
14.0760,target,1791286958784177664,-0.31239,-0.05722,0.010894,626.1146,,,,,
14.1099,cmd,,,,,,0.46858,0.04578,,,
14.1100,status,,,,,,,,TRACKING,,
14.1116,joint,,,,,,,,,-0.36048,0.92806
14.1149,target,1791286958817536000,-0.32381,-0.06602,0.009230,626.1202,,,,,
14.1449,target,1791286958850893824,-0.33076,-0.07647,0.007611,626.1168,,,,,
14.1611,cmd,,,,,,0.49615,0.06117,,,
14.1612,status,,,,,,,,TRACKING,,
14.1768,target,1791286958884251904,-0.33519,-0.03921,0.008767,626.1153,,,,,
14.2099,cmd,,,,,,0.50279,0.00000,,,
14.2102,status,,,,,,,,TRACKING,,
14.2145,target,1791286958917609984,-0.33842,-0.03052,0.011152,626.1197,,,,,
14.2428,target,1791286958950968320,-0.34508,-0.01807,0.013112,626.1147,,,,,
14.2608,cmd,,,,,,0.51762,0.00000,,,
14.2609,status,,,,,,,,TRACKING,,
14.2784,target,1791286958984326144,-0.34992,-0.00707,0.013633,626.1169,,,,,
14.3098,cmd,,,,,,0.52488,0.00000,,,
14.3100,status,,,,,,,,TRACKING,,
14.3135,target,1791286959017684224,-0.35280,0.00201,0.015228,626.1187,,,,,
14.3433,target,1791286959051042560,-0.35914,0.01202,0.016558,626.1150,,,,,
14.3617,cmd,,,,,,0.53871,0.00000,,,
14.3625,status,,,,,,,,TRACKING,,
14.3791,target,1791286959084400640,-0.36299,0.01819,0.017424,626.1175,,,,,
14.4105,cmd,,,,,,0.54449,0.00000,,,
14.4106,status,,,,,,,,TRACKING,,
14.4137,target,1791286959117758464,-0.36820,0.01851,0.018388,626.1188,,,,,
14.4432,target,1791286959151116800,-0.37543,0.01795,0.019351,626.1149,,,,,
14.4620,cmd,,,,,,0.56314,0.00000,,,
14.4622,status,,,,,,,,TRACKING,,
14.4789,target,1791286959184474624,-0.37936,0.02355,0.019614,626.1172,,,,,
14.5114,cmd,,,,,,0.56904,0.00000,,,
14.5117,target,1791286959217832704,-0.38239,0.03247,0.019807,626.1167,,,,,
14.5118,status,,,,,,,,TRACKING,,
14.5453,target,1791286959251190784,-0.38772,0.03366,0.019959,626.1169,,,,,
14.5612,cmd,,,,,,0.58157,0.00000,,,
14.5615,status,,,,,,,,TRACKING,,
14.5769,target,1791286959284548864,-0.39139,0.05098,0.020649,626.1151,,,,,
14.6113,cmd,,,,,,0.58708,-0.04079,,,
14.6115,status,,,,,,,,TRACKING,,
14.6116,joint,,,,,,,,,-0.17641,0.93419
14.6118,target,1791286959317906688,-0.39657,0.06462,0.021122,626.1168,,,,,
14.6458,target,1791286959351264768,-0.40611,0.07584,0.021200,626.1173,,,,,
14.6608,cmd,,,,,,0.60000,-0.06067,,,
14.6609,status,,,,,,,,TRACKING,,
14.6764,target,1791286959384622848,-0.41674,0.08940,0.022133,626.1146,,,,,
14.7098,cmd,,,,,,0.60000,-0.07152,,,
14.7099,status,,,,,,,,TRACKING,,
14.7143,target,1791286959417980928,-0.42445,0.10265,0.022389,626.1191,,,,,
14.7428,target,1791286959451338752,-0.43106,0.10872,0.022385,626.1143,,,,,
14.7608,cmd,,,,,,0.60000,-0.08698,,,
14.7630,status,,,,,,,,TRACKING,,
14.7777,target,1791286959484696832,-0.43468,0.11552,0.022166,626.1158,,,,,
14.8124,cmd,,,,,,0.60000,-0.09242,,,
14.8125,status,,,,,,,,TRACKING,,
14.8128,target,1791286959518054912,-0.43405,0.12548,0.021882,626.1176,,,,,
14.8432,target,1791286959551412736,-0.42828,0.13603,0.021515,626.1146,,,,,
14.8611,cmd,,,,,,0.60000,-0.10882,,,
14.8623,status,,,,,,,,TRACKING,,
14.8787,target,1791286959584771072,-0.41708,0.13979,0.021092,626.1167,,,,,
14.9100,cmd,,,,,,0.60000,-0.11184,,,
14.9101,status,,,,,,,,TRACKING,,
14.9146,target,1791286959618128896,-0.40203,0.14894,0.020749,626.1193,,,,,
14.9433,target,1791286959651486720,-0.38651,0.15311,0.020393,626.1146,,,,,
14.9609,cmd,,,,,,0.57976,-0.12249,,,
14.9610,status,,,,,,,,TRACKING,,
14.9765,target,1791286959684845056,-0.36667,0.16402,0.019950,626.1144,,,,,
15.0125,cmd,,,,,,0.55001,-0.13122,,,
15.0126,status,,,,,,,,TRACKING,,
15.0147,target,1791286959718202880,-0.34750,0.17303,0.020017,626.1193,,,,,
15.0443,target,1791286959751560960,-0.33333,0.19243,0.020497,626.1156,,,,,
15.0613,cmd,,,,,,0.49999,-0.15395,,,
15.0639,status,,,,,,,,TRACKING,,
15.0778,target,1791286959784919040,-0.33097,0.21220,0.020280,626.1156,,,,,
15.1109,cmd,,,,,,0.49646,-0.16976,,,
15.1112,status,,,,,,,,TRACKING,,
15.1121,target,1791286959818276864,-0.31164,0.23810,0.019497,626.1166,,,,,
15.1443,target,1791286959851634688,-0.29244,0.26747,0.019896,626.1154,,,,,
15.1506,joint,,,,,,,,,0.11812,0.91425
15.1611,cmd,,,,,,0.43865,-0.21398,,,
15.1631,status,,,,,,,,TRACKING,,
15.1764,target,1791286959884993024,-0.27293,0.30426,0.019855,626.1142,,,,,
15.2114,cmd,,,,,,0.40939,-0.24341,,,
15.2116,status,,,,,,,,TRACKING,,
15.2139,target,1791286959918350848,-0.25229,0.34100,0.019731,626.1184,,,,,
15.2431,target,1791286959951708672,-0.22991,0.38045,0.019959,626.1142,,,,,
15.2612,cmd,,,,,,0.34487,-0.30436,,,
15.2632,status,,,,,,,,TRACKING,,
15.2764,target,1791286959985067008,-0.20840,0.41676,0.020011,626.1141,,,,,
15.3100,cmd,,,,,,0.31259,-0.33340,,,
15.3101,status,,,,,,,,TRACKING,,
15.3142,target,1791286960018424832,-0.18399,0.45726,0.019978,626.1186,,,,,
15.3431,target,1791286960051782656,-0.15824,0.49590,0.020239,626.1141,,,,,
15.3616,cmd,,,,,,0.23736,-0.39672,,,
15.3633,status,,,,,,,,TRACKING,,
15.3769,target,1791286960085140736,-0.13316,0.53608,0.020412,626.1146,,,,,
15.4113,cmd,,,,,,0.19973,-0.40000,,,
15.4114,status,,,,,,,,TRACKING,,
15.4135,target,1791286960118498304,-0.10686,0.57894,0.020779,626.1178,,,,,
15.4429,target,1791286960151855872,-0.08126,0.61752,0.020985,626.1138,,,,,
15.4616,cmd,,,,,,0.12189,-0.40000,,,
15.4618,status,,,,,,,,TRACKING,,
15.4772,target,1791286960185213696,-0.05689,0.65237,0.021274,626.1148,,,,,
15.5101,cmd,,,,,,0.08533,-0.40000,,,
15.5110,status,,,,,,,,TRACKING,,
15.5158,target,1791286960218571264,-0.03248,0.68374,0.021545,626.1201,,,,,
15.5449,target,1791286960251928832,-0.00801,0.70907,0.021595,626.1158,,,,,
15.5618,cmd,,,,,,0.00000,-0.40000,,,
15.5619,status,,,,,,,,TRACKING,,
15.5776,target,1791286960285286656,0.01322,0.72539,0.021350,626.1151,,,,,
15.6099,cmd,,,,,,0.00000,-0.40000,,,
15.6100,status,,,,,,,,TRACKING,,
15.6132,target,1791286960318644224,0.03168,0.73744,0.020872,626.1174,,,,,
15.6305,joint,,,,,,,,,0.35128,0.83142
15.6444,target,1791286960352002304,0.04841,0.74484,0.020534,626.1152,,,,,
15.6612,cmd,,,,,,0.00000,-0.40000,,,
15.6624,status,,,,,,,,TRACKING,,
15.6773,target,1791286960385359872,0.06413,0.74757,0.020291,626.1147,,,,,
15.7102,cmd,,,,,,-0.09620,-0.40000,,,
15.7106,status,,,,,,,,TRACKING,,
15.7148,target,1791286960418717440,0.07762,0.74577,0.020595,626.1189,,,,,
15.7428,target,1791286960452075264,0.08539,0.74284,0.020911,626.1135,,,,,
15.7620,cmd,,,,,,-0.12809,-0.40000,,,
15.7633,status,,,,,,,,TRACKING,,
15.7773,target,1791286960485432832,0.08952,0.74071,0.021024,626.1147,,,,,
15.8104,cmd,,,,,,-0.13428,-0.40000,,,
15.8105,status,,,,,,,,TRACKING,,
15.8118,target,1791286960518790400,0.09050,0.73724,0.021263,626.1158,,,,,
15.8474,target,1791286960552148224,0.08718,0.73515,0.021332,626.1180,,,,,
15.8616,cmd,,,,,,-0.13077,-0.40000,,,
15.8619,status,,,,,,,,TRACKING,,
15.8765,target,1791286960585505792,0.08228,0.73431,0.021278,626.1138,,,,,
15.9106,cmd,,,,,,-0.12342,-0.40000,,,
15.9107,status,,,,,,,,TRACKING,,
15.9146,target,1791286960618863616,0.07656,0.73410,0.021270,626.1185,,,,,
15.9443,target,1791286960652221184,0.07189,0.73002,0.021465,626.1149,,,,,
15.9612,cmd,,,,,,-0.10783,-0.40000,,,
15.9620,status,,,,,,,,TRACKING,,
15.9795,target,1791286960685578752,0.06685,0.73106,0.021341,626.1167,,,,,
16.0104,cmd,,,,,,-0.10028,-0.40000,,,
16.0105,status,,,,,,,,TRACKING,,
16.0130,target,1791286960718936576,0.06261,0.73084,0.021202,626.1169,,,,,
16.0466,target,1791286960752294144,0.05774,0.73454,0.020846,626.1171,,,,,
16.0612,cmd,,,,,,-0.08661,-0.40000,,,
16.0625,status,,,,,,,,TRACKING,,
16.0765,target,1791286960785651968,0.05410,0.73704,0.020525,626.1137,,,,,
16.1103,cmd,,,,,,-0.08115,-0.40000,,,
16.1109,status,,,,,,,,TRACKING,,
16.1139,target,1791286960819009536,0.05232,0.74129,0.020093,626.1177,,,,,
16.1466,target,1791286960852367360,0.05024,0.74267,0.019842,626.1171,,,,,
16.1508,joint,,,,,,,,,0.32674,0.63047
16.1618,cmd,,,,,,-0.07536,-0.40000,,,
16.1619,status,,,,,,,,TRACKING,,
16.1766,target,1791286960885725184,0.04915,0.74520,0.019542,626.1137,,,,,
16.2104,cmd,,,,,,0.00000,-0.40000,,,
16.2105,status,,,,,,,,TRACKING,,
16.2144,target,1791286960919082752,0.05029,0.74440,0.019479,626.1181,,,,,
16.2464,target,1791286960952440320,0.05086,0.74318,0.019477,626.1168,,,,,
16.2620,cmd,,,,,,-0.07629,-0.40000,,,
16.2621,status,,,,,,,,TRACKING,,
16.2766,target,1791286960985798144,0.05242,0.73949,0.019664,626.1136,,,,,
16.3100,cmd,,,,,,-0.07863,-0.40000,,,
16.3101,status,,,,,,,,TRACKING,,
16.3149,target,1791286961019155712,0.05189,0.73604,0.019807,626.1186,,,,,
16.3446,target,1791286961052513536,0.05434,0.73193,0.019948,626.1149,,,,,
16.3615,cmd,,,,,,-0.08152,-0.40000,,,
16.3617,status,,,,,,,,TRACKING,,
16.3784,target,1791286961085871104,0.05523,0.72462,0.020354,626.1154,,,,,
16.4106,cmd,,,,,,-0.08284,-0.40000,,,
16.4107,status,,,,,,,,TRACKING,,
16.4149,target,1791286961119228928,0.05996,0.71825,0.020449,626.1185,,,,,
16.4457,target,1791286961152587008,0.06696,0.70258,0.020493,626.1159,,,,,
16.4620,cmd,,,,,,-0.10044,-0.40000,,,
16.4620,status,,,,,,,,TRACKING,,
16.4767,target,1791286961185944832,0.06977,0.67588,0.020145,626.1136,,,,,
16.5100,cmd,,,,,,-0.10466,-0.40000,,,
16.5101,status,,,,,,,,TRACKING,,
16.5133,target,1791286961219302912,0.07099,0.65029,0.020128,626.1168,,,,,
16.5470,target,1791286961252660992,0.07586,0.62597,0.019820,626.1171,,,,,
16.5626,cmd,,,,,,-0.11379,-0.40000,,,
16.5627,status,,,,,,,,TRACKING,,
16.5784,target,1791286961286018816,0.07817,0.60216,0.019937,626.1152,,,,,
16.6109,cmd,,,,,,-0.11726,-0.40000,,,
16.6111,status,,,,,,,,TRACKING,,
16.6156,target,1791286961319376640,0.08086,0.58678,0.019809,626.1190,,,,,
16.6443,target,1791286961352734720,0.08434,0.57012,0.019813,626.1144,,,,,
16.6507,joint,,,,,,,,,0.29606,0.44025
16.6608,cmd,,,,,,-0.12651,-0.40000,,,
16.6617,status,,,,,,,,TRACKING,,
16.6788,target,1791286961386092544,0.08677,0.55720,0.019609,626.1155,,,,,
16.7099,cmd,,,,,,-0.13015,-0.40000,,,
16.7100,status,,,,,,,,TRACKING,,
16.7131,target,1791286961419450624,0.09044,0.53929,0.019618,626.1165,,,,,
16.7461,target,1791286961452808704,0.09426,0.52351,0.019559,626.1161,,,,,
16.7613,cmd,,,,,,-0.14139,-0.40000,,,
16.7623,status,,,,,,,,TRACKING,,
16.7784,target,1791286961486166528,0.09862,0.50451,0.019546,626.1150,,,,,
16.8104,cmd,,,,,,-0.14792,-0.40000,,,
16.8105,status,,,,,,,,TRACKING,,
16.8146,target,1791286961519524352,0.10211,0.48624,0.019622,626.1179,,,,,
16.8443,target,1791286961552882688,0.10427,0.46653,0.019635,626.1143,,,,,
16.8617,cmd,,,,,,-0.15640,-0.37322,,,
16.8637,status,,,,,,,,TRACKING,,
16.8790,target,1791286961586240512,0.10479,0.44730,0.019813,626.1156,,,,,
16.9111,cmd,,,,,,-0.15719,-0.35784,,,
16.9112,status,,,,,,,,TRACKING,,
16.9151,target,1791286961619598336,0.10216,0.42950,0.019651,626.1183,,,,,
16.9447,target,1791286961652956416,0.09765,0.41110,0.019575,626.1146,,,,,
16.9619,cmd,,,,,,-0.14648,-0.32888,,,
16.9642,status,,,,,,,,TRACKING,,
16.9798,target,1791286961686314496,0.09222,0.39185,0.019464,626.1163,,,,,
17.0103,cmd,,,,,,-0.13833,-0.31348,,,
17.0107,status,,,,,,,,TRACKING,,
17.0151,target,1791286961719672320,0.08380,0.37071,0.019388,626.1182,,,,,
17.0458,target,1791286961753030400,0.07322,0.35562,0.019175,626.1156,,,,,
17.0611,cmd,,,,,,-0.10983,-0.28450,,,
17.0642,status,,,,,,,,TRACKING,,
17.0789,target,1791286961786388480,0.06035,0.33238,0.019013,626.1153,,,,,
17.1115,cmd,,,,,,-0.09053,-0.26590,,,
17.1116,status,,,,,,,,TRACKING,,
17.1156,target,1791286961819746560,0.04701,0.31244,0.018817,626.1186,,,,,
17.1457,target,1791286961853104384,0.03071,0.28651,0.018585,626.1154,,,,,
17.1610,cmd,,,,,,0.00000,-0.22921,,,
17.1626,status,,,,,,,,TRACKING,,
17.1715,joint,,,,,,,,,0.23623,0.23470
17.1794,target,1791286961886462720,0.01259,0.26132,0.018414,626.1157,,,,,
17.2102,cmd,,,,,,0.00000,-0.20905,,,
17.2109,status,,,,,,,,TRACKING,,
17.2153,target,1791286961919820544,-0.00743,0.23505,0.018349,626.1183,,,,,
17.2459,target,1791286961953178624,-0.02862,0.21174,0.018184,626.1155,,,,,
17.2609,cmd,,,,,,0.00000,-0.16939,,,
17.2637,status,,,,,,,,TRACKING,,
17.2795,target,1791286961986536960,-0.05116,0.19087,0.018058,626.1157,,,,,
17.3100,cmd,,,,,,0.07674,-0.15270,,,
17.3102,status,,,,,,,,TRACKING,,
17.3145,target,1791286962019894784,-0.07478,0.16815,0.017956,626.1174,,,,,
17.3473,target,1791286962053252864,-0.09589,0.14578,0.017954,626.1168,,,,,
17.3609,cmd,,,,,,0.14383,-0.11663,,,
17.3612,status,,,,,,,,TRACKING,,
17.3798,target,1791286962086610944,-0.11407,0.11907,0.017997,626.1160,,,,,
17.4110,cmd,,,,,,0.17110,-0.09526,,,
17.4112,status,,,,,,,,TRACKING,,
17.4165,target,1791286962119968512,-0.13328,0.09291,0.017873,626.1194,,,,,
17.4459,target,1791286962153326080,-0.15162,0.06597,0.018032,626.1154,,,,,
17.4610,cmd,,,,,,0.22744,-0.05278,,,
17.4647,status,,,,,,,,TRACKING,,
17.4794,target,1791286962186683648,-0.16941,0.03971,0.017932,626.1155,,,,,
17.5101,cmd,,,,,,0.25412,0.00000,,,
17.5104,status,,,,,,,,TRACKING,,
17.5155,target,1791286962220041216,-0.18579,0.01353,0.018045,626.1183,,,,,
17.5466,target,1791286962253399040,-0.19927,-0.01270,0.018177,626.1160,,,,,
17.5618,cmd,,,,,,0.29890,0.00000,,,
17.5648,status,,,,,,,,TRACKING,,
17.5786,target,1791286962286756352,-0.20896,-0.02997,0.018665,626.1146,,,,,
17.6099,cmd,,,,,,0.31344,0.00000,,,
17.6100,status,,,,,,,,TRACKING,,
17.6166,target,1791286962320113920,-0.21124,-0.03837,0.020213,626.1193,,,,,
17.6465,target,1791286962353471744,-0.21813,-0.04831,0.021645,626.1158,,,,,
17.6641,cmd,,,,,,0.32720,0.00000,,,
17.6642,status,,,,,,,,TRACKING,,
17.6707,joint,,,,,,,,,0.23930,0.11198
17.6798,target,1791286962386829312,-0.22346,-0.05875,0.023105,626.1158,,,,,
17.7110,cmd,,,,,,0.33519,0.04700,,,
17.7114,status,,,,,,,,TRACKING,,
17.7163,target,1791286962420186880,-0.22800,-0.06331,0.024238,626.1189,,,,,
17.7461,target,1791286962453544448,-0.23190,-0.07321,0.025807,626.1154,,,,,
17.7614,cmd,,,,,,0.34786,0.05857,,,
17.7633,status,,,,,,,,TRACKING,,
17.7788,target,1791286962486902016,-0.23716,-0.08711,0.027368,626.1147,,,,,
17.8133,cmd,,,,,,0.35574,0.06969,,,
17.8161,status,,,,,,,,TRACKING,,
17.8169,target,1791286962520259840,-0.23772,-0.09430,0.027713,626.1195,,,,,
17.8461,target,1791286962553617408,-0.23755,-0.10039,0.027797,626.1153,,,,,
17.8621,cmd,,,,,,0.35633,0.08031,,,
17.8625,status,,,,,,,,TRACKING,,
17.8787,target,1791286962586974976,-0.23788,-0.11033,0.027901,626.1146,,,,,
17.9106,cmd,,,,,,0.35682,0.08827,,,
17.9107,status,,,,,,,,TRACKING,,
17.9167,target,1791286962620332544,-0.23757,-0.11746,0.028342,626.1191,,,,,
17.9457,target,1791286962653690112,-0.23554,-0.12774,0.028418,626.1148,,,,,
17.9616,cmd,,,,,,0.35331,0.10219,,,
17.9626,status,,,,,,,,TRACKING,,
17.9798,target,1791286962687047936,-0.23284,-0.13164,0.028346,626.1155,,,,,
18.0100,cmd,,,,,,0.34925,0.10531,,,
18.0103,status,,,,,,,,TRACKING,,
18.0157,target,1791286962720405504,-0.23015,-0.14143,0.028937,626.1181,,,,,
18.0458,target,1791286962753763072,-0.22568,-0.14456,0.028954,626.1148,,,,,
18.0611,cmd,,,,,,0.33851,0.11565,,,
18.0633,status,,,,,,,,TRACKING,,
18.0786,target,1791286962787120896,-0.22149,-0.14836,0.029518,626.1143,,,,,
18.1099,cmd,,,,,,0.33223,0.11868,,,
18.1101,status,,,,,,,,TRACKING,,
18.1182,target,1791286962820478464,-0.21955,-0.15613,0.029373,626.1205,,,,,
18.1460,target,1791286962853836288,-0.21694,-0.17081,0.029755,626.1149,,,,,
18.1620,cmd,,,,,,0.32541,0.13665,,,
18.1623,status,,,,,,,,TRACKING,,
18.1799,target,1791286962887193856,-0.21471,-0.18803,0.029789,626.1155,,,,,
18.1940,joint,,,,,,,,,0.36816,0.12885
18.2112,cmd,,,,,,0.32207,0.15042,,,
18.2115,status,,,,,,,,TRACKING,,
18.2145,target,1791286962920551424,-0.21338,-0.20536,0.030273,626.1167,,,,,
18.2481,target,1791286962953909248,-0.21183,-0.22032,0.030503,626.1170,,,,,
18.2626,cmd,,,,,,0.31774,0.17626,,,
18.2644,status,,,,,,,,TRACKING,,
18.2795,target,1791286962987266816,-0.20998,-0.23292,0.030747,626.1150,,,,,
18.3112,cmd,,,,,,0.31497,0.18634,,,
18.3119,status,,,,,,,,TRACKING,,
18.3152,target,1791286963020624384,-0.20763,-0.24404,0.030935,626.1174,,,,,
18.3465,target,1791286963053982208,-0.20619,-0.25184,0.031447,626.1153,,,,,
18.3626,cmd,,,,,,0.30929,0.20147,,,
18.3641,status,,,,,,,,TRACKING,,
18.3800,target,1791286963087339776,-0.20709,-0.25867,0.031669,626.1154,,,,,
18.4102,cmd,,,,,,0.31063,0.20694,,,
18.4103,status,,,,,,,,TRACKING,,
18.4179,target,1791286963120697344,-0.20690,-0.26670,0.032064,626.1200,,,,,
18.4461,target,1791286963154054656,-0.20461,-0.27586,0.032266,626.1148,,,,,
18.4613,cmd,,,,,,0.30691,0.22069,,,
18.4624,status,,,,,,,,TRACKING,,
18.4791,target,1791286963187411968,-0.20096,-0.28155,0.032546,626.1145,,,,,
18.5105,cmd,,,,,,0.30144,0.22524,,,
18.5107,status,,,,,,,,TRACKING,,
18.5163,target,1791286963220769280,-0.19739,-0.28538,0.032717,626.1183,,,,,
18.5477,target,1791286963254126592,-0.19405,-0.28011,0.033268,626.1163,,,,,
18.5608,cmd,,,,,,0.29107,0.22409,,,
18.5611,status,,,,,,,,TRACKING,,
18.5796,target,1791286963287484160,-0.18923,-0.26704,0.033240,626.1149,,,,,
18.6110,cmd,,,,,,0.28385,0.21363,,,
18.6112,status,,,,,,,,TRACKING,,
18.6171,target,1791286963320841216,-0.18619,-0.25089,0.033045,626.1191,,,,,
18.6461,target,1791286963354198784,-0.18514,-0.23480,0.032869,626.1147,,,,,
18.6615,cmd,,,,,,0.27771,0.18784,,,
18.6622,status,,,,,,,,TRACKING,,
18.6794,target,1791286963387556096,-0.18078,-0.21678,0.031832,626.1146,,,,,
18.7113,joint,,,,,,,,,0.52922,0.19175
18.7131,cmd,,,,,,0.27117,0.17342,,,
18.7135,status,,,,,,,,TRACKING,,
18.7165,target,1791286963420913408,-0.18142,-0.20421,0.032986,626.1184,,,,,
18.7460,target,1791286963454270720,-0.18063,-0.18598,0.033279,626.1145,,,,,
18.7609,cmd,,,,,,0.27094,0.14878,,,
18.7636,status,,,,,,,,TRACKING,,
18.7794,target,1791286963487628288,-0.17951,-0.16476,0.033314,626.1146,,,,,
18.8108,cmd,,,,,,0.26926,0.13180,,,
18.8109,status,,,,,,,,TRACKING,,
18.8151,target,1791286963520985344,-0.18120,-0.14105,0.033524,626.1169,,,,,
18.8481,target,1791286963554342656,-0.18290,-0.12215,0.033830,626.1166,,,,,
18.8611,cmd,,,,,,0.27434,0.09772,,,
18.8614,status,,,,,,,,TRACKING,,
18.8805,target,1791286963587700224,-0.18621,-0.10525,0.033793,626.1156,,,,,
18.9102,cmd,,,,,,0.27932,0.08420,,,
18.9110,status,,,,,,,,TRACKING,,
18.9156,target,1791286963621057280,-0.19127,-0.08948,0.033841,626.1174,,,,,
18.9477,target,1791286963654414848,-0.19580,-0.07656,0.033885,626.1161,,,,,
18.9613,cmd,,,,,,0.29370,0.06125,,,
18.9622,status,,,,,,,,TRACKING,,
18.9794,target,1791286963687771904,-0.20347,-0.06765,0.034015,626.1145,,,,,
19.0106,cmd,,,,,,0.30520,0.05412,,,
19.0107,status,,,,,,,,TRACKING,,
19.0156,target,1791286963721129472,-0.21304,-0.06238,0.034338,626.1172,,,,,
19.0479,target,1791286963754486528,-0.22157,-0.06214,0.034848,626.1162,,,,,
19.0615,cmd,,,,,,0.33235,0.04971,,,
19.0629,status,,,,,,,,TRACKING,,
19.0797,target,1791286963787844096,-0.22787,-0.06286,0.035043,626.1147,,,,,
19.1104,cmd,,,,,,0.34181,0.05029,,,
19.1108,status,,,,,,,,TRACKING,,
19.1154,target,1791286963821201408,-0.23594,-0.06645,0.035608,626.1170,,,,,
19.1483,target,1791286963854558720,-0.24507,-0.06566,0.035946,626.1165,,,,,
19.1618,cmd,,,,,,0.36760,0.05252,,,
19.1628,status,,,,,,,,TRACKING,,
19.1805,target,1791286963887916032,-0.25569,-0.06797,0.036024,626.1154,,,,,
19.2099,cmd,,,,,,0.38353,0.05438,,,
19.2102,status,,,,,,,,TRACKING,,
19.2154,target,1791286963921273088,-0.26625,-0.07022,0.035909,626.1169,,,,,
19.2329,joint,,,,,,,,,0.67035,0.27152
19.2486,target,1791286963954630656,-0.27181,-0.07675,0.035109,626.1168,,,,,
19.2610,cmd,,,,,,0.40772,0.06140,,,
19.2632,status,,,,,,,,TRACKING,,
19.2801,target,1791286963987987712,-0.27687,-0.08987,0.034249,626.1149,,,,,
19.3118,cmd,,,,,,0.41531,0.07189,,,
19.3119,status,,,,,,,,TRACKING,,
19.3157,target,1791286964021345280,-0.28221,-0.10739,0.033908,626.1171,,,,,
19.3458,target,1791286964054702336,-0.28540,-0.12352,0.032997,626.1139,,,,,
19.3635,cmd,,,,,,0.42810,0.09881,,,
19.3665,status,,,,,,,,TRACKING,,
19.3795,target,1791286964088059648,-0.28961,-0.13855,0.032318,626.1142,,,,,
19.4101,cmd,,,,,,0.43442,0.11084,,,
19.4102,status,,,,,,,,TRACKING,,
19.4150,target,1791286964121416704,-0.29205,-0.15093,0.031536,626.1164,,,,,
19.4483,target,1791286964154774016,-0.29411,-0.16107,0.031046,626.1164,,,,,
19.4610,cmd,,,,,,0.44117,0.12886,,,
19.4621,status,,,,,,,,TRACKING,,
19.4803,target,1791286964188130816,-0.29662,-0.16565,0.030948,626.1150,,,,,
19.5100,cmd,,,,,,0.44493,0.13252,,,
19.5102,status,,,,,,,,TRACKING,,
19.5146,target,1791286964221488128,-0.29333,-0.18035,0.030812,626.1159,,,,,
19.5490,target,1791286964254845184,-0.28686,-0.18479,0.030640,626.1170,,,,,
19.5610,cmd,,,,,,0.43029,0.14783,,,
19.5618,status,,,,,,,,TRACKING,,
19.5808,target,1791286964288202496,-0.27722,-0.18912,0.030384,626.1154,,,,,
19.6104,cmd,,,,,,0.41582,0.15130,,,
19.6111,status,,,,,,,,TRACKING,,
19.6156,target,1791286964321559296,-0.26689,-0.18609,0.030195,626.1169,,,,,
19.6523,target,1791286964354916608,-0.25581,-0.18174,0.030102,626.1202,,,,,
19.6614,cmd,,,,,,0.38371,0.14539,,,
19.6645,status,,,,,,,,TRACKING,,
19.6792,target,1791286964388273664,-0.24543,-0.17621,0.029798,626.1137,,,,,
19.7104,cmd,,,,,,0.36814,0.14097,,,
19.7108,status,,,,,,,,TRACKING,,
19.7150,target,1791286964421630720,-0.23707,-0.16175,0.029345,626.1162,,,,,
19.7321,joint,,,,,,,,,0.84062,0.30066
19.7471,target,1791286964454987776,-0.22626,-0.14594,0.028813,626.1150,,,,,
19.7616,cmd,,,,,,0.33939,0.11675,,,
19.7627,status,,,,,,,,TRACKING,,
19.7808,target,1791286964488345088,-0.21391,-0.12338,0.028843,626.1152,,,,,
19.8119,cmd,,,,,,0.32086,0.09870,,,
19.8120,status,,,,,,,,TRACKING,,
19.8190,target,1791286964521701888,-0.20316,-0.09950,0.028366,626.1201,,,,,
19.8485,target,1791286964555059200,-0.19271,-0.07287,0.028140,626.1163,,,,,
19.8615,cmd,,,,,,0.28906,0.05829,,,
19.8647,status,,,,,,,,TRACKING,,
19.8800,target,1791286964588416256,-0.18263,-0.04632,0.027808,626.1143,,,,,
19.9102,cmd,,,,,,0.27394,0.00000,,,
19.9103,status,,,,,,,,TRACKING,,
19.9156,target,1791286964621773312,-0.17221,-0.02364,0.027237,626.1166,,,,,
19.9496,target,1791286964655130368,-0.16425,-0.00281,0.027103,626.1173,,,,,
19.9611,cmd,,,,,,0.24637,0.00000,,,
19.9619,status,,,,,,,,TRACKING,,
19.9798,target,1791286964688487424,-0.15605,0.01356,0.026944,626.1141,,,,,
20.0109,cmd,,,,,,0.23408,0.00000,,,
20.0110,status,,,,,,,,TRACKING,,
20.0169,target,1791286964721844480,-0.15083,0.02884,0.026871,626.1179,,,,,
20.0470,target,1791286964755201536,-0.14596,0.03960,0.026506,626.1146,,,,,
20.0610,cmd,,,,,,0.21894,0.00000,,,
20.0612,status,,,,,,,,TRACKING,,
20.0811,target,1791286964788558848,-0.14118,0.04431,0.026430,626.1153,,,,,
20.1104,cmd,,,,,,0.21177,0.00000,,,
20.1104,status,,,,,,,,TRACKING,,
20.1156,target,1791286964821915648,-0.13805,0.04255,0.025903,626.1165,,,,,
20.1497,target,1791286964855272960,-0.13614,0.03071,0.026343,626.1172,,,,,
20.1609,cmd,,,,,,0.20421,0.00000,,,
20.1612,status,,,,,,,,TRACKING,,
20.1801,target,1791286964888630016,-0.13005,0.03105,0.025050,626.1142,,,,,
20.2104,cmd,,,,,,0.19507,0.00000,,,
20.2107,status,,,,,,,,TRACKING,,
20.2163,target,1791286964921987328,-0.12603,0.02658,0.024813,626.1171,,,,,
20.2327,joint,,,,,,,,,1.02470,0.34054
20.2481,target,1791286964955344128,-0.12404,0.02046,0.024557,626.1155,,,,,
20.2612,cmd,,,,,,0.18605,0.00000,,,
20.2617,status,,,,,,,,TRACKING,,
20.2815,target,1791286964988701440,-0.11846,0.01654,0.023974,626.1156,,,,,
20.3101,cmd,,,,,,0.17769,0.00000,,,
20.3103,status,,,,,,,,TRACKING,,
20.3143,target,1791286965022058496,-0.11653,0.01605,0.023848,626.1150,,,,,
20.3496,target,1791286965055415552,-0.11638,0.00732,0.024549,626.1170,,,,,
20.3619,cmd,,,,,,0.17457,0.00000,,,
20.3645,status,,,,,,,,TRACKING,,
20.3806,target,1791286965088772608,-0.11431,0.00043,0.024542,626.1146,,,,,
20.4142,cmd,,,,,,0.17147,0.00000,,,
20.4149,status,,,,,,,,TRACKING,,
20.4157,target,1791286965122130432,-0.10647,0.00644,0.023832,626.1164,,,,,
20.4481,target,1791286965155488000,-0.10337,0.00366,0.023898,626.1155,,,,,
20.4610,cmd,,,,,,0.15506,0.00000,,,
20.4621,status,,,,,,,,TRACKING,,
20.4816,target,1791286965188845824,-0.10133,0.00033,0.023943,626.1156,,,,,
20.5126,cmd,,,,,,0.15200,0.00000,,,
20.5127,status,,,,,,,,TRACKING,,
20.5162,target,1791286965222203648,-0.09933,-0.01010,0.023915,626.1168,,,,,
20.5503,target,1791286965255561216,-0.09880,-0.02177,0.024701,626.1176,,,,,
20.5606,cmd,,,,,,0.14821,0.00000,,,
20.5609,status,,,,,,,,TRACKING,,
20.5813,target,1791286965288919040,-0.09888,-0.03249,0.025473,626.1152,,,,,
20.6104,cmd,,,,,,0.14833,0.00000,,,
20.6105,status,,,,,,,,TRACKING,,
20.6150,target,1791286965322276608,-0.09659,-0.03992,0.026233,626.1156,,,,,
20.6488,target,1791286965355634176,-0.09185,-0.04445,0.026936,626.1159,,,,,
20.6608,cmd,,,,,,0.13777,0.00000,,,
20.6619,status,,,,,,,,TRACKING,,
20.6815,target,1791286965388992000,-0.08243,-0.03118,0.026424,626.1153,,,,,
20.7114,cmd,,,,,,0.12365,0.00000,,,
20.7115,status,,,,,,,,TRACKING,,
20.7188,target,1791286965422349568,-0.07113,-0.02137,0.026365,626.1193,,,,,
20.7475,target,1791286965455707392,-0.06066,-0.00717,0.026391,626.1146,,,,,
20.7505,joint,,,,,,,,,1.12901,0.33594
20.7607,cmd,,,,,,0.09098,0.00000,,,
20.7610,status,,,,,,,,TRACKING,,
20.7809,target,1791286965489064960,-0.05188,0.00579,0.026369,626.1146,,,,,
20.8144,cmd,,,,,,0.07782,0.00000,,,
20.8145,status,,,,,,,,TRACKING,,
20.8186,target,1791286965522422528,-0.04349,0.01574,0.026363,626.1190,,,,,
20.8474,target,1791286965555780352,-0.03401,0.02236,0.026202,626.1144,,,,,
20.8647,cmd,,,,,,0.00000,0.00000,,,
20.8650,status,,,,,,,,CENTERED,,
20.8827,target,1791286965589138176,-0.02641,0.01897,0.026189,626.1164,,,,,
20.9102,cmd,,,,,,0.00000,0.00000,,,
20.9106,status,,,,,,,,CENTERED,,
20.9156,target,1791286965622495744,-0.01892,0.01469,0.026176,626.1159,,,,,
20.9487,target,1791286965655853568,-0.01284,0.00493,0.026391,626.1157,,,,,
20.9610,cmd,,,,,,0.00000,0.00000,,,
20.9614,status,,,,,,,,CENTERED,,
20.9821,target,1791286965689211136,-0.00729,-0.00597,0.026437,626.1157,,,,,
21.0104,cmd,,,,,,0.00000,0.00000,,,
21.0105,status,,,,,,,,CENTERED,,
21.0150,target,1791286965722568960,-0.00072,-0.01710,0.026265,626.1152,,,,,
21.0468,target,1791286965755926528,0.00588,-0.03618,0.026270,626.1137,,,,,
21.0611,cmd,,,,,,0.00000,0.00000,,,
21.0629,status,,,,,,,,CENTERED,,
21.0820,target,1791286965789283840,0.00854,-0.06192,0.026634,626.1155,,,,,
21.1102,cmd,,,,,,0.00000,0.04954,,,
21.1103,status,,,,,,,,TRACKING,,
21.1157,target,1791286965822641664,0.01087,-0.08896,0.026825,626.1159,,,,,
21.1493,target,1791286965855999232,0.01317,-0.12042,0.027292,626.1161,,,,,
21.1611,cmd,,,,,,0.00000,0.09633,,,
21.1631,status,,,,,,,,TRACKING,,
21.1817,target,1791286965889357056,0.01720,-0.15110,0.027517,626.1152,,,,,
21.2100,cmd,,,,,,0.00000,0.12088,,,
21.2101,status,,,,,,,,TRACKING,,
21.2151,target,1791286965922714624,0.02160,-0.18365,0.027326,626.1152,,,,,
21.2501,target,1791286965956072192,0.02448,-0.21907,0.027635,626.1168,,,,,
21.2627,cmd,,,,,,0.00000,0.17526,,,
21.2641,status,,,,,,,,TRACKING,,
21.2706,joint,,,,,,,,,1.15816,0.33594
21.2807,target,1791286965989430016,0.02920,-0.26052,0.027769,626.1141,,,,,
21.3105,cmd,,,,,,0.00000,0.20842,,,
21.3112,status,,,,,,,,TRACKING,,
21.3166,target,1791286966022787584,0.03730,-0.30294,0.028049,626.1166,,,,,
21.3496,target,1791286966056145152,0.04402,-0.35282,0.028776,626.1162,,,,,
21.3610,cmd,,,,,,0.00000,0.28226,,,
21.3612,status,,,,,,,,TRACKING,,
21.3808,target,1791286966089502976,0.05344,-0.40161,0.029201,626.1141,,,,,
21.4114,cmd,,,,,,-0.08016,0.32129,,,
21.4115,status,,,,,,,,TRACKING,,
21.4159,target,1791286966122860032,0.06086,-0.45265,0.029757,626.1159,,,,,
21.4483,target,1791286966156217344,0.06673,-0.50576,0.031243,626.1149,,,,,
21.4610,cmd,,,,,,-0.10010,0.40000,,,
21.4631,status,,,,,,,,TRACKING,,
21.4822,target,1791286966189574400,0.07502,-0.55600,0.032728,626.1154,,,,,
21.5127,cmd,,,,,,-0.11253,0.40000,,,
21.5128,status,,,,,,,,TRACKING,,
21.5158,target,1791286966222931968,0.08505,-0.60128,0.033544,626.1157,,,,,
21.5490,target,1791286966256289024,0.09518,-0.63913,0.033982,626.1155,,,,,
21.5605,cmd,,,,,,-0.14277,0.40000,,,
21.5614,status,,,,,,,,TRACKING,,
21.5831,target,1791286966289646336,0.11014,-0.65656,0.033175,626.1163,,,,,
21.6101,cmd,,,,,,-0.16522,0.40000,,,
21.6102,status,,,,,,,,TRACKING,,
21.6150,target,1791286966323003392,0.12541,-0.67427,0.032012,626.1148,,,,,
21.6500,target,1791286966356360960,0.14289,-0.68988,0.030718,626.1164,,,,,
21.6609,cmd,,,,,,-0.21434,0.40000,,,
21.6620,status,,,,,,,,TRACKING,,
21.6823,target,1791286966389718016,0.16126,-0.70410,0.029533,626.1154,,,,,
21.7112,cmd,,,,,,-0.24189,0.40000,,,
21.7113,status,,,,,,,,TRACKING,,
21.7174,target,1791286966423075072,0.17931,-0.71536,0.028509,626.1171,,,,,
21.7495,target,1791286966456432640,0.19456,-0.72424,0.027565,626.1158,,,,,
21.7609,cmd,,,,,,-0.29183,0.40000,,,
21.7614,status,,,,,,,,TRACKING,,
21.7815,target,1791286966489789696,0.21013,-0.73213,0.026790,626.1145,,,,,
21.7917,joint,,,,,,,,,1.14435,0.40651
21.8102,cmd,,,,,,-0.31519,0.40000,,,
21.8103,status,,,,,,,,TRACKING,,
21.8147,target,1791286966523147008,0.22342,-0.74112,0.025757,626.1143,,,,,
21.8502,target,1791286966556504064,0.23872,-0.75220,0.024533,626.1165,,,,,
21.8601,cmd,,,,,,-0.35808,0.40000,,,
21.8603,status,,,,,,,,TRACKING,,
21.8826,target,1791286966589861632,0.24947,-0.75081,0.024455,626.1155,,,,,
21.9101,cmd,,,,,,-0.37421,0.40000,,,
21.9102,status,,,,,,,,TRACKING,,
21.9151,target,1791286966623218688,0.25787,-0.74491,0.024861,626.1147,,,,,
21.9496,target,1791286966656576000,0.26488,-0.73602,0.025538,626.1159,,,,,
21.9603,cmd,,,,,,-0.39732,0.40000,,,
21.9607,status,,,,,,,,TRACKING,,
21.9818,target,1791286966689933056,0.26914,-0.72640,0.026222,626.1147,,,,,
22.0116,cmd,,,,,,-0.40372,0.40000,,,
22.0120,status,,,,,,,,TRACKING,,
22.0172,target,1791286966723290624,0.27382,-0.71619,0.026849,626.1167,,,,,
22.0506,target,1791286966756647680,0.27811,-0.70709,0.027381,626.1168,,,,,
22.0605,cmd,,,,,,-0.41716,0.40000,,,
22.0609,status,,,,,,,,TRACKING,,
22.0825,target,1791286966790004992,0.28252,-0.69992,0.027598,626.1153,,,,,
22.1123,cmd,,,,,,-0.42378,0.40000,,,
22.1125,status,,,,,,,,TRACKING,,
22.1163,target,1791286966823362048,0.28409,-0.69015,0.027951,626.1158,,,,,
22.1503,target,1791286966856719360,0.28409,-0.67886,0.028427,626.1164,,,,,
22.1608,cmd,,,,,,-0.42613,0.40000,,,
22.1610,status,,,,,,,,TRACKING,,
22.1827,target,1791286966890076672,0.28348,-0.66541,0.029104,626.1155,,,,,
22.2105,cmd,,,,,,-0.42523,0.40000,,,
22.2106,status,,,,,,,,TRACKING,,
22.2196,target,1791286966923433728,0.28173,-0.65117,0.029685,626.1189,,,,,
22.2489,target,1791286966956791040,0.28110,-0.62354,0.029334,626.1149,,,,,
22.2605,cmd,,,,,,-0.42165,0.40000,,,
22.2612,status,,,,,,,,TRACKING,,
22.2848,target,1791286966990148352,0.28015,-0.58826,0.028522,626.1175,,,,,
22.3102,cmd,,,,,,-0.42023,0.40000,,,
22.3110,status,,,,,,,,TRACKING,,
22.3113,joint,,,,,,,,,1.03237,0.60132
22.3156,target,1791286967023505664,0.27856,-0.55277,0.028086,626.1149,,,,,
22.3514,target,1791286967056862720,0.27879,-0.52068,0.027507,626.1174,,,,,
22.3607,cmd,,,,,,-0.41818,0.40000,,,
22.3618,status,,,,,,,,TRACKING,,
22.3837,target,1791286967090220288,0.27882,-0.48397,0.027103,626.1163,,,,,
22.4100,cmd,,,,,,-0.41822,0.38717,,,
22.4101,status,,,,,,,,TRACKING,,
22.4174,target,1791286967123577600,0.27967,-0.44707,0.026651,626.1166,,,,,
22.4501,target,1791286967156935168,0.28154,-0.41260,0.026237,626.1160,,,,,
22.4604,cmd,,,,,,-0.42230,0.33008,,,
22.4614,status,,,,,,,,TRACKING,,
22.4825,target,1791286967190292480,0.28265,-0.37536,0.025901,626.1150,,,,,
22.5114,cmd,,,,,,-0.42398,0.30028,,,
22.5115,status,,,,,,,,TRACKING,,
22.5268,target,1791286967223649792,0.28473,-0.33248,0.025480,626.1259,,,,,
22.5514,target,1791286967257007360,0.28652,-0.29228,0.025228,626.1172,,,,,
22.5615,cmd,,,,,,-0.42977,0.23382,,,
22.5616,status,,,,,,,,TRACKING,,
22.5822,target,1791286967290364928,0.28844,-0.24521,0.025145,626.1146,,,,,
22.6112,cmd,,,,,,-0.43266,0.19617,,,
22.6113,status,,,,,,,,TRACKING,,
22.6168,target,1791286967323722496,0.28954,-0.20744,0.025234,626.1158,,,,,
22.6488,target,1791286967357079808,0.29251,-0.16824,0.025184,626.1146,,,,,
22.6607,cmd,,,,,,-0.43876,0.13459,,,
22.6615,status,,,,,,,,TRACKING,,
22.6836,target,1791286967390437376,0.29600,-0.13807,0.025770,626.1160,,,,,
22.7124,cmd,,,,,,-0.44400,0.11046,,,
22.7125,status,,,,,,,,TRACKING,,
22.7172,target,1791286967423794688,0.29955,-0.11165,0.026725,626.1162,,,,,
22.7516,target,1791286967457152000,0.29967,-0.09063,0.029429,626.1172,,,,,
22.7606,cmd,,,,,,-0.44950,0.07251,,,
22.7608,status,,,,,,,,TRACKING,,
22.7839,target,1791286967490509568,0.30127,-0.06818,0.032897,626.1162,,,,,
22.8104,cmd,,,,,,-0.45191,0.05455,,,
22.8105,status,,,,,,,,TRACKING,,
22.8124,joint,,,,,,,,,0.83295,0.79000
22.8163,target,1791286967523866880,0.30553,-0.04010,0.035955,626.1153,,,,,
22.8488,target,1791286967557224448,0.31500,-0.01614,0.036597,626.1144,,,,,
22.8610,cmd,,,,,,-0.47249,0.00000,,,
22.8612,status,,,,,,,,TRACKING,,
22.8839,target,1791286967590581760,0.32283,-0.00024,0.036018,626.1161,,,,,
22.9104,cmd,,,,,,-0.48425,0.00000,,,
22.9105,status,,,,,,,,TRACKING,,
22.9152,target,1791286967623939328,0.33001,0.01453,0.035365,626.1141,,,,,
22.9513,target,1791286967657296896,0.33767,0.02607,0.034208,626.1168,,,,,
22.9602,cmd,,,,,,-0.50651,0.00000,,,
22.9609,status,,,,,,,,TRACKING,,
22.9819,target,1791286967690654208,0.34560,0.03572,0.033164,626.1141,,,,,
23.0108,cmd,,,,,,-0.51840,0.00000,,,
23.0109,status,,,,,,,,TRACKING,,
23.0176,target,1791286967724011776,0.35418,0.04384,0.032025,626.1164,,,,,
23.0500,target,1791286967757369088,0.36485,0.05113,0.031189,626.1155,,,,,
23.0611,cmd,,,,,,-0.54727,-0.04090,,,
23.0612,status,,,,,,,,TRACKING,,
23.0833,target,1791286967790726656,0.37615,0.05683,0.030740,626.1154,,,,,
23.1116,cmd,,,,,,-0.56423,-0.04547,,,
23.1117,status,,,,,,,,TRACKING,,
23.1188,target,1791286967824083968,0.38901,0.05611,0.030093,626.1175,,,,,
23.1504,target,1791286967857441280,0.40163,0.04830,0.030286,626.1158,,,,,
23.1608,cmd,,,,,,-0.60000,0.00000,,,
23.1615,status,,,,,,,,TRACKING,,
23.1857,target,1791286967890798848,0.41427,0.04291,0.030419,626.1177,,,,,
23.2124,cmd,,,,,,-0.60000,0.00000,,,
23.2125,status,,,,,,,,TRACKING,,
23.2152,target,1791286967924156160,0.42689,0.03389,0.030896,626.1138,,,,,
23.2505,target,1791286967957513472,0.43864,0.02632,0.031612,626.1158,,,,,
23.2603,cmd,,,,,,-0.60000,0.00000,,,
23.2638,status,,,,,,,,TRACKING,,
23.2813,target,1791286967990870784,0.44878,0.01878,0.031541,626.1133,,,,,
23.3106,cmd,,,,,,-0.60000,0.00000,,,
23.3119,status,,,,,,,,TRACKING,,
23.3169,target,1791286968024228352,0.45730,0.01105,0.032606,626.1155,,,,,
23.3333,joint,,,,,,,,,0.61359,0.82528
23.3511,target,1791286968057585664,0.46288,0.00706,0.032370,626.1163,,,,,
23.3603,cmd,,,,,,-0.60000,0.00000,,,
23.3609,status,,,,,,,,TRACKING,,
23.3831,target,1791286968090943232,0.46856,0.00377,0.033012,626.1150,,,,,
23.4115,cmd,,,,,,-0.60000,0.00000,,,
23.4116,status,,,,,,,,TRACKING,,
23.4152,target,1791286968124301312,0.47245,0.00164,0.032882,626.1137,,,,,
23.4516,target,1791286968157659648,0.47493,-0.00105,0.033273,626.1167,,,,,
23.4607,cmd,,,,,,-0.60000,0.00000,,,
23.4610,status,,,,,,,,TRACKING,,
23.4833,target,1791286968191017728,0.47586,-0.00316,0.032930,626.1150,,,,,
23.5115,cmd,,,,,,-0.60000,0.00000,,,
23.5116,status,,,,,,,,TRACKING,,
23.5196,target,1791286968224376064,0.47744,-0.00242,0.032936,626.1180,,,,,
23.5530,target,1791286968257734144,0.47581,-0.00354,0.031936,626.1181,,,,,
23.5608,cmd,,,,,,-0.60000,0.00000,,,
23.5609,status,,,,,,,,TRACKING,,
23.5825,target,1791286968291092480,0.47267,-0.00172,0.031057,626.1142,,,,,
23.6112,cmd,,,,,,-0.60000,0.00000,,,
23.6138,status,,,,,,,,TRACKING,,
23.6182,target,1791286968324450560,0.46782,0.00002,0.029382,626.1166,,,,,
23.6506,target,1791286968357808896,0.45513,-0.00661,0.026181,626.1155,,,,,
23.6609,cmd,,,,,,-0.60000,0.00000,,,
23.6611,status,,,,,,,,TRACKING,,
23.6849,target,1791286968391167232,0.44470,-0.00431,0.023066,626.1165,,,,,
23.7122,cmd,,,,,,-0.60000,0.00000,,,
23.7130,status,,,,,,,,TRACKING,,
23.7159,target,1791286968424525312,0.43602,0.00286,0.019989,626.1142,,,,,
23.7506,target,1791286968457883648,0.42937,0.01152,0.017355,626.1155,,,,,
23.7614,cmd,,,,,,-0.60000,0.00000,,,
23.7615,status,,,,,,,,TRACKING,,
23.7834,target,1791286968491241984,0.42470,0.01573,0.015493,626.1150,,,,,
23.8101,cmd,,,,,,-0.60000,0.00000,,,
23.8105,status,,,,,,,,TRACKING,,
23.8196,target,1791286968524600064,0.42544,0.02938,0.014948,626.1178,,,,,
23.8508,target,1791286968557958400,0.42468,0.03918,0.014167,626.1156,,,,,
23.8509,joint,,,,,,,,,0.31600,0.82682
23.8601,cmd,,,,,,-0.60000,0.00000,,,
23.8621,status,,,,,,,,TRACKING,,
23.8833,target,1791286968591316736,0.42438,0.05053,0.013010,626.1147,,,,,
23.9100,cmd,,,,,,-0.60000,-0.04043,,,
23.9101,status,,,,,,,,TRACKING,,
23.9195,target,1791286968624675072,0.42529,0.06809,0.012298,626.1176,,,,,
23.9516,target,1791286968658033152,0.42507,0.08495,0.010929,626.1164,,,,,
23.9602,cmd,,,,,,-0.60000,-0.06796,,,
23.9619,status,,,,,,,,TRACKING,,
23.9831,target,1791286968691391488,0.42489,0.10208,0.009204,626.1145,,,,,
24.0115,cmd,,,,,,-0.60000,-0.08166,,,
24.0116,status,,,,,,,,TRACKING,,
24.0198,target,1791286968724750080,0.42970,0.14450,0.006309,626.1178,,,,,
24.0536,target,1791286968758108160,0.00000,0.00000,0.000000,626.1183,,,,,
24.0602,cmd,,,,,,0.00000,0.00000,,,
24.0626,status,,,,,,,,LOST,,
24.0825,target,1791286968791466496,0.00000,0.00000,0.000000,626.1139,,,,,
24.1115,cmd,,,,,,0.00000,0.00000,,,
24.1116,status,,,,,,,,LOST,,
24.1184,target,1791286968824824832,0.00000,0.00000,0.000000,626.1163,,,,,
24.1516,target,1791286968858183168,0.00000,0.00000,0.000000,626.1162,,,,,
24.1602,cmd,,,,,,0.00000,0.00000,,,
24.1603,status,,,,,,,,LOST,,
24.1854,target,1791286968891541504,0.00000,0.00000,0.000000,626.1166,,,,,
24.2121,cmd,,,,,,0.00000,0.00000,,,
24.2122,status,,,,,,,,LOST,,
24.2168,target,1791286968924899840,0.00000,0.00000,0.000000,626.1147,,,,,
24.2518,target,1791286968958258176,0.00000,0.00000,0.000000,626.1163,,,,,
24.2600,cmd,,,,,,0.00000,0.00000,,,
24.2628,status,,,,,,,,LOST,,
24.2847,target,1791286968991616512,0.00000,0.00000,0.000000,626.1159,,,,,
24.3104,cmd,,,,,,0.00000,0.00000,,,
24.3115,status,,,,,,,,LOST,,
24.3190,target,1791286969024974848,0.00000,0.00000,0.000000,626.1168,,,,,
24.3511,joint,,,,,,,,,0.10738,0.82682
24.3514,target,1791286969058333184,0.00000,0.00000,0.000000,626.1159,,,,,
24.3604,cmd,,,,,,0.00000,0.00000,,,
24.3607,status,,,,,,,,LOST,,
24.3845,target,1791286969091691776,0.00000,0.00000,0.000000,626.1156,,,,,
24.4102,cmd,,,,,,0.00000,0.00000,,,
24.4103,status,,,,,,,,LOST,,
24.4185,target,1791286969125048832,0.00000,0.00000,0.000000,626.1163,,,,,
24.4523,target,1791286969158406144,0.00000,0.00000,0.000000,626.1167,,,,,
24.4601,cmd,,,,,,0.00000,0.00000,,,
24.4602,status,,,,,,,,LOST,,
24.4855,target,1791286969191763712,0.60155,0.07440,0.003683,626.1165,,,,,
24.5124,cmd,,,,,,0.00000,0.00000,,,
24.5125,status,,,,,,,,LOST,,
24.5160,target,1791286969225120768,0.62682,0.07278,0.004503,626.1137,,,,,
24.5547,target,1791286969258478336,0.63968,0.05116,0.004382,626.1190,,,,,
24.5600,cmd,,,,,,-0.60000,-0.04093,,,
24.5601,status,,,,,,,,TRACKING,,
24.5830,target,1791286969291835648,0.65086,0.03889,0.004384,626.1139,,,,,
24.6098,cmd,,,,,,-0.60000,0.00000,,,
24.6099,status,,,,,,,,TRACKING,,
24.6193,target,1791286969325192960,0.65204,0.02703,0.004282,626.1169,,,,,
24.6546,target,1791286969358550272,0.65372,0.03409,0.004768,626.1189,,,,,
24.6601,cmd,,,,,,-0.60000,0.00000,,,
24.6602,status,,,,,,,,TRACKING,,
24.6833,target,1791286969391907840,0.65208,0.04482,0.004900,626.1142,,,,,
24.7110,cmd,,,,,,-0.60000,0.00000,,,
24.7113,status,,,,,,,,TRACKING,,
24.7172,target,1791286969425265152,0.64684,0.06886,0.005269,626.1147,,,,,
24.7531,target,1791286969458622208,0.63297,0.09140,0.004907,626.1173,,,,,
24.7600,cmd,,,,,,-0.60000,-0.07312,,,
24.7601,status,,,,,,,,TRACKING,,
24.7853,target,1791286969491979776,0.61042,0.12816,0.004642,626.1161,,,,,
24.8102,cmd,,,,,,-0.60000,-0.10253,,,
24.8105,status,,,,,,,,TRACKING,,
24.8197,target,1791286969525337088,0.00000,0.00000,0.000000,626.1172,,,,,
24.8541,target,1791286969558694400,0.00000,0.00000,0.000000,626.1182,,,,,
24.8601,cmd,,,,,,0.00000,0.00000,,,
24.8602,status,,,,,,,,LOST,,
24.8712,joint,,,,,,,,,0.11965,0.82682
24.8855,target,1791286969592051712,0.00000,0.00000,0.000000,626.1163,,,,,
24.9115,cmd,,,,,,0.00000,0.00000,,,
24.9116,status,,,,,,,,LOST,,
24.9187,target,1791286969625409280,0.00000,0.00000,0.000000,626.1161,,,,,
24.9529,target,1791286969658766592,0.00000,0.00000,0.000000,626.1169,,,,,
24.9601,cmd,,,,,,0.00000,0.00000,,,
24.9602,status,,,,,,,,LOST,,
24.9835,target,1791286969692123904,0.00000,0.00000,0.000000,626.1142,,,,,
25.0114,cmd,,,,,,0.00000,0.00000,,,
25.0115,status,,,,,,,,LOST,,
25.0188,target,1791286969725481216,0.00000,0.00000,0.000000,626.1161,,,,,
25.0534,target,1791286969758838528,0.32118,0.26885,0.006398,626.1173,,,,,
25.0602,cmd,,,,,,0.00000,0.00000,,,
25.0603,status,,,,,,,,LOST,,
25.0838,target,1791286969792195840,0.31338,0.25683,0.007415,626.1144,,,,,
25.1114,cmd,,,,,,0.00000,0.00000,,,
25.1115,status,,,,,,,,LOST,,
25.1190,target,1791286969825553152,0.31554,0.24274,0.007507,626.1163,,,,,
25.1525,target,1791286969858910720,0.32705,0.24380,0.006740,626.1164,,,,,
25.1616,cmd,,,,,,-0.49057,-0.19504,,,
25.1617,status,,,,,,,,TRACKING,,
25.1849,target,1791286969892268032,0.00000,0.00000,0.000000,626.1155,,,,,
25.2114,cmd,,,,,,0.00000,0.00000,,,
25.2119,status,,,,,,,,LOST,,
25.2182,target,1791286969925625344,0.00000,0.00000,0.000000,626.1154,,,,,
25.2517,target,1791286969958982656,0.00000,0.00000,0.000000,626.1155,,,,,
25.2601,cmd,,,,,,0.00000,0.00000,,,
25.2603,status,,,,,,,,LOST,,
25.2860,target,1791286969992339968,0.00000,0.00000,0.000000,626.1164,,,,,
25.3102,cmd,,,,,,0.00000,0.00000,,,
25.3110,status,,,,,,,,LOST,,
25.3181,target,1791286970025697536,0.00000,0.00000,0.000000,626.1152,,,,,
25.3527,target,1791286970059054592,0.00000,0.00000,0.000000,626.1165,,,,,
25.3601,cmd,,,,,,0.00000,0.00000,,,
25.3612,status,,,,,,,,LOST,,
25.3708,joint,,,,,,,,,0.10431,0.82682
25.3845,target,1791286970092412160,0.00000,0.00000,0.000000,626.1149,,,,,
25.4125,cmd,,,,,,0.00000,0.00000,,,
25.4128,status,,,,,,,,LOST,,
25.4180,target,1791286970125769728,0.00000,0.00000,0.000000,626.1151,,,,,
25.4555,target,1791286970159127296,0.00000,0.00000,0.000000,626.1192,,,,,
25.4599,cmd,,,,,,0.00000,0.00000,,,
25.4600,status,,,,,,,,LOST,,
25.4835,target,1791286970192484864,0.00000,0.00000,0.000000,626.1138,,,,,
25.5124,cmd,,,,,,0.00000,0.00000,,,
25.5125,status,,,,,,,,LOST,,
25.5179,target,1791286970225842176,0.00000,0.00000,0.000000,626.1149,,,,,
25.5545,target,1791286970259200000,0.00000,0.00000,0.000000,626.1181,,,,,
25.5599,cmd,,,,,,0.00000,0.00000,,,
25.5602,status,,,,,,,,LOST,,
25.5839,target,1791286970292557312,0.00000,0.00000,0.000000,626.1141,,,,,
25.6134,cmd,,,,,,0.00000,0.00000,,,
25.6135,status,,,,,,,,LOST,,
25.6182,target,1791286970325915136,0.00000,0.00000,0.000000,626.1151,,,,,
25.6527,target,1791286970359272448,0.00000,0.00000,0.000000,626.1162,,,,,
25.6614,cmd,,,,,,0.00000,0.00000,,,
25.6615,status,,,,,,,,LOST,,
25.6845,target,1791286970392630016,0.00000,0.00000,0.000000,626.1146,,,,,
25.7113,cmd,,,,,,0.00000,0.00000,,,
25.7114,status,,,,,,,,LOST,,
25.7180,target,1791286970425987584,0.00000,0.00000,0.000000,626.1148,,,,,
25.7509,target,1791286970459345152,0.00000,0.00000,0.000000,626.1143,,,,,
25.7606,cmd,,,,,,0.00000,0.00000,,,
25.7614,status,,,,,,,,LOST,,
25.7864,target,1791286970492702976,0.00000,0.00000,0.000000,626.1165,,,,,
25.8112,cmd,,,,,,0.00000,0.00000,,,
25.8126,status,,,,,,,,LOST,,
25.8184,target,1791286970526060288,0.00000,0.00000,0.000000,626.1151,,,,,
25.8543,target,1791286970559417856,0.00000,0.00000,0.000000,626.1177,,,,,
25.8601,cmd,,,,,,0.00000,0.00000,,,
25.8608,status,,,,,,,,LOST,,
25.8846,target,1791286970592775424,0.00000,0.00000,0.000000,626.1146,,,,,
25.8908,joint,,,,,,,,,0.10431,0.82682
25.9101,cmd,,,,,,0.00000,0.00000,,,
25.9102,status,,,,,,,,LOST,,
25.9216,target,1791286970626132992,0.00000,0.00000,0.000000,626.1182,,,,,
25.9530,target,1791286970659490816,0.00000,0.00000,0.000000,626.1163,,,,,
25.9598,cmd,,,,,,0.00000,0.00000,,,
25.9600,status,,,,,,,,LOST,,
25.9838,target,1791286970692848128,0.40993,0.20788,0.006797,626.1137,,,,,
26.0098,cmd,,,,,,0.00000,0.00000,,,
26.0099,status,,,,,,,,LOST,,
26.0197,target,1791286970726205696,0.36059,0.20826,0.007370,626.1163,,,,,
26.0552,target,1791286970759563264,0.32377,0.21371,0.008294,626.1185,,,,,
26.0595,cmd,,,,,,-0.48566,-0.17097,,,
26.0627,status,,,,,,,,TRACKING,,
26.0838,target,1791286970792920832,0.29389,0.20315,0.011204,626.1137,,,,,
26.1114,cmd,,,,,,-0.44084,-0.16252,,,
26.1115,status,,,,,,,,TRACKING,,
26.1194,target,1791286970826278656,0.27085,0.20069,0.013600,626.1159,,,,,
26.1514,target,1791286970859635968,0.25793,0.23181,0.014640,626.1146,,,,,
26.1598,cmd,,,,,,-0.38690,-0.18545,,,
26.1600,status,,,,,,,,TRACKING,,
26.1838,target,1791286970892993536,0.25438,0.29790,0.014588,626.1136,,,,,
26.2115,cmd,,,,,,-0.38158,-0.23832,,,
26.2116,status,,,,,,,,TRACKING,,
26.2190,target,1791286970926351360,0.25255,0.34779,0.017298,626.1155,,,,,
26.2522,target,1791286970959708928,0.25281,0.42374,0.017888,626.1153,,,,,
26.2598,cmd,,,,,,-0.37922,-0.33899,,,
26.2635,status,,,,,,,,TRACKING,,
26.2866,target,1791286970993066496,0.25316,0.48095,0.020924,626.1163,,,,,
26.3115,cmd,,,,,,-0.37974,-0.38476,,,
26.3116,status,,,,,,,,TRACKING,,
26.3195,target,1791286971026424064,0.25170,0.53910,0.023648,626.1158,,,,,
26.3536,target,1791286971059781632,0.24831,0.59692,0.025098,626.1166,,,,,
26.3594,cmd,,,,,,-0.37246,-0.40000,,,
26.3606,status,,,,,,,,TRACKING,,
26.3850,target,1791286971093139200,0.24147,0.65839,0.026701,626.1147,,,,,
26.4098,cmd,,,,,,-0.36220,-0.40000,,,
26.4117,status,,,,,,,,TRACKING,,
26.4127,joint,,,,,,,,,0.07210,0.81301
26.4208,target,1791286971126496512,0.23252,0.69253,0.026274,626.1171,,,,,
26.4529,target,1791286971159853824,0.21898,0.71147,0.024816,626.1159,,,,,
26.4615,cmd,,,,,,-0.32847,-0.40000,,,
26.4616,status,,,,,,,,TRACKING,,
26.4864,target,1791286971193211136,0.20759,0.73182,0.023064,626.1160,,,,,
26.5108,cmd,,,,,,-0.31139,-0.40000,,,
26.5109,status,,,,,,,,TRACKING,,
26.5192,target,1791286971226568448,0.19559,0.74942,0.021632,626.1154,,,,,
26.5566,target,1791286971259925760,0.18532,0.76388,0.020369,626.1195,,,,,
26.5592,cmd,,,,,,-0.27798,-0.40000,,,
26.5593,status,,,,,,,,TRACKING,,
26.5836,target,1791286971293283072,0.17458,0.77612,0.019221,626.1131,,,,,
26.6114,cmd,,,,,,-0.26187,-0.40000,,,
26.6115,status,,,,,,,,TRACKING,,
26.6194,target,1791286971326640128,0.16101,0.78655,0.018260,626.1156,,,,,
26.6544,target,1791286971359997440,0.14701,0.79612,0.017524,626.1172,,,,,
26.6591,cmd,,,,,,-0.22052,-0.40000,,,
26.6592,status,,,,,,,,TRACKING,,
26.6843,target,1791286971393354752,0.13344,0.80177,0.017088,626.1137,,,,,
26.7102,cmd,,,,,,-0.20016,-0.40000,,,
26.7136,status,,,,,,,,TRACKING,,
26.7186,target,1791286971426712064,0.11992,0.80749,0.016554,626.1146,,,,,
26.7520,target,1791286971460069376,0.10477,0.80930,0.016450,626.1148,,,,,
26.7594,cmd,,,,,,-0.15715,-0.40000,,,
26.7605,status,,,,,,,,TRACKING,,
26.7853,target,1791286971493426432,0.09051,0.80996,0.016417,626.1147,,,,,
26.8115,cmd,,,,,,-0.13576,-0.40000,,,
26.8116,status,,,,,,,,TRACKING,,
26.8192,target,1791286971526783744,0.07687,0.81237,0.016198,626.1152,,,,,
26.8519,target,1791286971560141056,0.06445,0.81500,0.016003,626.1145,,,,,
26.8593,cmd,,,,,,-0.09668,-0.40000,,,
26.8593,status,,,,,,,,TRACKING,,
26.8863,target,1791286971593498368,0.05151,0.81646,0.015864,626.1156,,,,,
26.9098,cmd,,,,,,-0.07727,-0.40000,,,
26.9099,status,,,,,,,,TRACKING,,
26.9111,joint,,,,,,,,,-0.07363,0.66882
26.9206,target,1791286971626855424,0.04004,0.81957,0.015686,626.1165,,,,,
26.9528,target,1791286971660212736,0.02992,0.82532,0.015141,626.1154,,,,,
26.9593,cmd,,,,,,0.00000,-0.40000,,,
26.9594,status,,,,,,,,TRACKING,,
26.9862,target,1791286971693569792,0.01923,0.83028,0.014781,626.1155,,,,,
27.0116,cmd,,,,,,0.00000,-0.40000,,,
27.0117,status,,,,,,,,TRACKING,,
27.0190,target,1791286971726927360,0.00986,0.83712,0.014186,626.1149,,,,,
27.0560,target,1791286971760284416,0.00106,0.84133,0.013815,626.1185,,,,,
27.0593,cmd,,,,,,0.00000,-0.40000,,,
27.0594,status,,,,,,,,TRACKING,,
27.0844,target,1791286971793641728,-0.00682,0.84649,0.013401,626.1136,,,,,
27.1106,cmd,,,,,,0.00000,-0.40000,,,
27.1107,status,,,,,,,,TRACKING,,
27.1201,target,1791286971826998784,-0.01118,0.84908,0.013207,626.1159,,,,,
27.1549,target,1791286971860355840,-0.01650,0.85215,0.012862,626.1174,,,,,
27.1595,cmd,,,,,,0.00000,-0.40000,,,
27.1596,status,,,,,,,,TRACKING,,
27.1847,target,1791286971893713152,-0.01935,0.85353,0.012743,626.1138,,,,,
27.2098,cmd,,,,,,0.00000,-0.40000,,,
27.2099,status,,,,,,,,TRACKING,,
27.2197,target,1791286971927070208,-0.01927,0.85540,0.012539,626.1154,,,,,
27.2523,target,1791286971960427520,-0.01918,0.85587,0.012535,626.1147,,,,,
27.2592,cmd,,,,,,0.00000,-0.40000,,,
27.2593,status,,,,,,,,TRACKING,,
27.2867,target,1791286971993784576,-0.01935,0.85426,0.012689,626.1158,,,,,
27.3114,cmd,,,,,,0.00000,-0.40000,,,
27.3115,status,,,,,,,,TRACKING,,
27.3193,target,1791286972027141888,-0.01605,0.85316,0.012819,626.1150,,,,,
27.3559,target,1791286972060498944,-0.01018,0.85252,0.012928,626.1182,,,,,
27.3593,cmd,,,,,,0.00000,-0.40000,,,
27.3594,status,,,,,,,,TRACKING,,
27.3838,target,1791286972093856256,-0.00705,0.85139,0.013045,626.1127,,,,,
27.4098,cmd,,,,,,0.00000,-0.40000,,,
27.4099,status,,,,,,,,TRACKING,,
27.4195,target,1791286972127213568,-0.00688,0.85021,0.013247,626.1151,,,,,
27.4318,joint,,,,,,,,,-0.10124,0.46480
27.4569,target,1791286972160570880,-0.00486,0.85139,0.013303,626.1192,,,,,
27.4592,cmd,,,,,,0.00000,-0.40000,,,
27.4593,status,,,,,,,,TRACKING,,
27.4839,target,1791286972193927936,-0.00385,0.84989,0.013524,626.1128,,,,,
27.5103,cmd,,,,,,0.00000,-0.40000,,,
27.5104,status,,,,,,,,TRACKING,,
27.5207,target,1791286972227285248,-0.00348,0.84920,0.013754,626.1162,,,,,
27.5544,target,1791286972260642560,-0.00521,0.84705,0.013893,626.1166,,,,,
27.5595,cmd,,,,,,0.00000,-0.40000,,,
27.5624,status,,,,,,,,TRACKING,,
27.5850,target,1791286972293999872,-0.00706,0.84534,0.014128,626.1138,,,,,
27.6115,cmd,,,,,,0.00000,-0.40000,,,
27.6116,status,,,,,,,,TRACKING,,
27.6199,target,1791286972327356928,-0.01080,0.84137,0.014468,626.1153,,,,,
27.6527,target,1791286972360713984,-0.01474,0.83881,0.014755,626.1148,,,,,
27.6593,cmd,,,,,,0.00000,-0.40000,,,
27.6595,status,,,,,,,,TRACKING,,
27.6867,target,1791286972394071296,-0.01997,0.83453,0.015041,626.1155,,,,,
27.7096,cmd,,,,,,0.00000,-0.40000,,,
27.7097,status,,,,,,,,TRACKING,,
27.7202,target,1791286972427428608,-0.02464,0.82998,0.015339,626.1156,,,,,
27.7572,target,1791286972460785920,-0.02996,0.82575,0.015582,626.1192,,,,,
27.7593,cmd,,,,,,0.00000,-0.40000,,,
27.7594,status,,,,,,,,TRACKING,,
27.7848,target,1791286972494142976,-0.03636,0.82173,0.015640,626.1135,,,,,
27.8099,cmd,,,,,,0.00000,-0.40000,,,
27.8100,status,,,,,,,,TRACKING,,
27.8201,target,1791286972527500288,-0.04167,0.81760,0.015842,626.1154,,,,,
27.8574,target,1791286972560857344,-0.04671,0.81604,0.015866,626.1194,,,,,
27.8594,cmd,,,,,,0.00000,-0.40000,,,
27.8617,status,,,,,,,,TRACKING,,
27.8843,target,1791286972594214656,-0.05185,0.81479,0.015996,626.1129,,,,,
27.9112,cmd,,,,,,0.07777,-0.40000,,,
27.9113,status,,,,,,,,TRACKING,,
27.9222,target,1791286972627571712,-0.05298,0.80705,0.016536,626.1175,,,,,
27.9325,joint,,,,,,,,,-0.09511,0.27152
27.9573,target,1791286972660929024,-0.05170,0.80100,0.016862,626.1192,,,,,
27.9598,cmd,,,,,,0.07755,-0.40000,,,
27.9599,status,,,,,,,,TRACKING,,
27.9847,target,1791286972694286080,-0.05126,0.78957,0.017496,626.1132,,,,,
28.0099,cmd,,,,,,0.07689,-0.40000,,,
28.0100,status,,,,,,,,TRACKING,,
28.0204,target,1791286972727643392,-0.05365,0.78502,0.017810,626.1156,,,,,
28.0539,target,1791286972761000448,-0.05523,0.77863,0.018136,626.1157,,,,,
28.0594,cmd,,,,,,0.08284,-0.40000,,,
28.0595,status,,,,,,,,TRACKING,,
28.0856,target,1791286972794357760,-0.05639,0.76766,0.018802,626.1141,,,,,
28.1103,cmd,,,,,,0.08459,-0.40000,,,
28.1104,status,,,,,,,,TRACKING,,
28.1196,target,1791286972827714816,-0.05729,0.75547,0.019735,626.1147,,,,,
28.1530,target,1791286972861072128,-0.05972,0.74499,0.020571,626.1148,,,,,
28.1597,cmd,,,,,,0.08958,-0.40000,,,
28.1598,status,,,,,,,,TRACKING,,
28.1855,target,1791286972894429184,-0.06094,0.72885,0.021573,626.1139,,,,,
28.2097,cmd,,,,,,0.09140,-0.40000,,,
28.2101,status,,,,,,,,TRACKING,,
28.2206,target,1791286972927786496,-0.06311,0.71479,0.022413,626.1156,,,,,
28.2525,target,1791286972961143552,-0.06316,0.69785,0.023637,626.1142,,,,,
28.2594,cmd,,,,,,0.09474,-0.40000,,,
28.2595,status,,,,,,,,TRACKING,,
28.2862,target,1791286972994500608,-0.05839,0.66952,0.024512,626.1145,,,,,
28.3114,cmd,,,,,,0.08758,-0.40000,,,
28.3115,status,,,,,,,,TRACKING,,
28.3203,target,1791286973027857920,-0.05403,0.62958,0.024399,626.1152,,,,,
28.3546,target,1791286973061214976,-0.04868,0.59415,0.024225,626.1161,,,,,
28.3593,cmd,,,,,,0.00000,-0.40000,,,
28.3594,status,,,,,,,,TRACKING,,
28.3850,target,1791286973094572288,-0.04670,0.57390,0.023431,626.1133,,,,,
28.4099,cmd,,,,,,0.00000,-0.40000,,,
28.4101,status,,,,,,,,TRACKING,,
28.4207,target,1791286973127929600,-0.04497,0.55033,0.022925,626.1156,,,,,
28.4325,joint,,,,,,,,,-0.07210,0.07977
28.4536,target,1791286973161287168,-0.04365,0.52831,0.022467,626.1151,,,,,
28.4593,cmd,,,,,,0.00000,-0.40000,,,
28.4594,status,,,,,,,,TRACKING,,
28.4863,target,1791286973194644736,-0.03526,0.50127,0.022316,626.1144,,,,,
28.5099,cmd,,,,,,0.00000,-0.40000,,,
28.5100,status,,,,,,,,TRACKING,,
28.5213,target,1791286973228002304,-0.02413,0.47242,0.022138,626.1161,,,,,
28.5571,target,1791286973261359616,-0.01380,0.43510,0.022457,626.1186,,,,,
28.5595,cmd,,,,,,0.00000,-0.34808,,,
28.5596,status,,,,,,,,TRACKING,,
28.5860,target,1791286973294716928,-0.00440,0.40123,0.022708,626.1141,,,,,
28.6114,cmd,,,,,,0.00000,-0.32098,,,
28.6115,status,,,,,,,,TRACKING,,
28.6213,target,1791286973328074496,0.00305,0.36969,0.022867,626.1160,,,,,
28.6579,target,1791286973361431808,0.00920,0.33792,0.022990,626.1193,,,,,
28.6599,cmd,,,,,,0.00000,-0.27034,,,
28.6600,status,,,,,,,,TRACKING,,
28.6856,target,1791286973394789376,0.01215,0.30547,0.023032,626.1136,,,,,
28.7099,cmd,,,,,,0.00000,-0.24437,,,
28.7101,status,,,,,,,,TRACKING,,
28.7215,target,1791286973428146944,0.01430,0.27391,0.023116,626.1162,,,,,
28.7570,target,1791286973461504512,0.01547,0.24423,0.023001,626.1183,,,,,
28.7596,cmd,,,,,,0.00000,-0.19538,,,
28.7598,status,,,,,,,,TRACKING,,
28.7848,target,1791286973494861824,0.01651,0.21257,0.022934,626.1127,,,,,
28.8100,cmd,,,,,,0.00000,-0.17006,,,
28.8101,status,,,,,,,,TRACKING,,
28.8223,target,1791286973528219136,0.01840,0.18200,0.022932,626.1168,,,,,
28.8555,target,1791286973561576704,0.02217,0.15044,0.022943,626.1168,,,,,
28.8593,cmd,,,,,,0.00000,-0.12035,,,
28.8594,status,,,,,,,,TRACKING,,
28.8858,target,1791286973594934016,0.02661,0.11747,0.023101,626.1136,,,,,
28.9100,cmd,,,,,,0.00000,-0.09397,,,
28.9101,status,,,,,,,,TRACKING,,
28.9221,target,1791286973628291584,0.03109,0.08744,0.023314,626.1166,,,,,
28.9513,joint,,,,,,,,,-0.06903,-0.11505
28.9558,target,1791286973661648896,0.03358,0.06438,0.023676,626.1170,,,,,
28.9593,cmd,,,,,,0.00000,-0.05151,,,
28.9594,status,,,,,,,,TRACKING,,
28.9851,target,1791286973695006464,0.03593,0.04363,0.023663,626.1129,,,,,
29.0114,cmd,,,,,,0.00000,0.00000,,,
29.0115,status,,,,,,,,CENTERED,,
29.0221,target,1791286973728363776,0.03848,0.02290,0.024032,626.1165,,,,,
29.0566,target,1791286973761721344,0.04078,0.00366,0.024484,626.1177,,,,,
29.0592,cmd,,,,,,0.00000,0.00000,,,
29.0593,status,,,,,,,,CENTERED,,
29.0871,target,1791286973795078912,0.04218,-0.00600,0.025187,626.1148,,,,,
29.1112,cmd,,,,,,0.00000,0.00000,,,
29.1113,status,,,,,,,,CENTERED,,
29.1216,target,1791286973828436224,0.04587,-0.00785,0.025777,626.1160,,,,,
29.1563,target,1791286973861793792,0.05136,-0.00097,0.026489,626.1173,,,,,
29.1592,cmd,,,,,,-0.07705,0.00000,,,
29.1593,status,,,,,,,,TRACKING,,
29.1859,target,1791286973895151104,0.05352,0.00689,0.027741,626.1136,,,,,
29.2112,cmd,,,,,,-0.08029,0.00000,,,
29.2113,status,,,,,,,,TRACKING,,
29.2217,target,1791286973928508672,0.05002,0.02273,0.028090,626.1160,,,,,
29.2554,target,1791286973961865984,0.04647,0.04972,0.028257,626.1164,,,,,
29.2592,cmd,,,,,,0.00000,0.00000,,,
29.2593,status,,,,,,,,CENTERED,,
29.2872,target,1791286973995223296,0.04375,0.07420,0.028092,626.1148,,,,,
29.3103,cmd,,,,,,0.00000,-0.05936,,,
29.3104,status,,,,,,,,TRACKING,,
29.3216,target,1791286974028580864,0.04113,0.10138,0.027613,626.1158,,,,,
29.3566,target,1791286974061938176,0.04133,0.12133,0.027190,626.1175,,,,,
29.3594,cmd,,,,,,0.00000,-0.09706,,,
29.3595,status,,,,,,,,TRACKING,,
29.3865,target,1791286974095295744,0.04490,0.13916,0.026849,626.1140,,,,,
29.4112,cmd,,,,,,0.00000,-0.11133,,,
29.4113,status,,,,,,,,TRACKING,,
29.4216,target,1791286974128653568,0.04787,0.15784,0.026569,626.1157,,,,,
29.4576,target,1791286974162011392,0.05049,0.17831,0.026319,626.1184,,,,,
29.4599,cmd,,,,,,-0.07573,-0.14265,,,
29.4600,status,,,,,,,,TRACKING,,
29.4719,joint,,,,,,,,,-0.06903,-0.16414
29.4876,target,1791286974195369472,0.05451,0.20154,0.025933,626.1150,,,,,
29.5100,cmd,,,,,,-0.08176,-0.16123,,,
29.5101,status,,,,,,,,TRACKING,,
29.5210,target,1791286974228727296,0.05790,0.22702,0.025614,626.1151,,,,,
29.5599,cmd,,,,,,-0.08686,-0.18162,,,
29.5600,status,,,,,,,,TRACKING,,
29.5610,target,1791286974262085376,0.05859,0.25359,0.025328,626.1217,,,,,
29.5858,target,1791286974295443456,0.05760,0.27975,0.024991,626.1131,,,,,
29.6097,cmd,,,,,,-0.08639,-0.22380,,,
29.6098,status,,,,,,,,TRACKING,,
29.6226,target,1791286974328801280,0.05733,0.30458,0.024653,626.1166,,,,,
29.6576,target,1791286974362159104,0.05629,0.32576,0.024399,626.1183,,,,,
29.6598,cmd,,,,,,-0.08444,-0.26061,,,
29.6599,status,,,,,,,,TRACKING,,
29.6876,target,1791286974395517184,0.05043,0.35435,0.024149,626.1149,,,,,
29.7101,cmd,,,,,,-0.07565,-0.28348,,,
29.7102,status,,,,,,,,TRACKING,,
29.7214,target,1791286974428875264,0.04404,0.37673,0.024013,626.1154,,,,,
29.7565,target,1791286974462233088,0.04039,0.39979,0.023741,626.1171,,,,,
29.7592,cmd,,,,,,0.00000,-0.31984,,,
29.7593,status,,,,,,,,TRACKING,,
29.7861,target,1791286974495591168,0.03646,0.42650,0.023518,626.1133,,,,,
29.8099,cmd,,,,,,0.00000,-0.34120,,,
29.8100,status,,,,,,,,TRACKING,,
29.8216,target,1791286974528948992,0.02982,0.45381,0.023494,626.1154,,,,,
29.8558,target,1791286974562307072,0.02223,0.47963,0.023394,626.1163,,,,,
29.8593,cmd,,,,,,0.00000,-0.38370,,,
29.8594,status,,,,,,,,TRACKING,,
29.8867,target,1791286974595665152,0.01419,0.50496,0.023316,626.1138,,,,,
29.9099,cmd,,,,,,0.00000,-0.40000,,,
29.9100,status,,,,,,,,TRACKING,,
29.9232,target,1791286974629022976,0.00616,0.52817,0.023127,626.1169,,,,,
29.9576,target,1791286974662380800,-0.00087,0.55133,0.023058,626.1180,,,,,
29.9598,cmd,,,,,,0.00000,-0.40000,,,
29.9600,status,,,,,,,,TRACKING,,
29.9872,target,1791286974695739136,-0.00957,0.57403,0.023051,626.1143,,,,,
29.9906,joint,,,,,,,,,-0.08437,-0.21476
30.0113,cmd,,,,,,0.00000,-0.40000,,,
30.0115,status,,,,,,,,TRACKING,,
30.0216,target,1791286974729096960,-0.01795,0.59371,0.022815,626.1153,,,,,
30.0553,target,1791286974762455040,-0.02338,0.60757,0.022465,626.1157,,,,,
30.0595,cmd,,,,,,0.00000,-0.40000,,,
30.0619,status,,,,,,,,TRACKING,,
30.0868,target,1791286974795812864,-0.02658,0.61708,0.022086,626.1138,,,,,
30.1114,cmd,,,,,,0.00000,-0.40000,,,
30.1115,status,,,,,,,,TRACKING,,
30.1207,target,1791286974829170944,-0.02782,0.62397,0.021868,626.1143,,,,,
30.1587,target,1791286974862529024,-0.03097,0.62873,0.021660,626.1190,,,,,
30.1596,cmd,,,,,,0.00000,-0.40000,,,
30.1597,status,,,,,,,,TRACKING,,
30.1868,target,1791286974895886848,-0.03550,0.62836,0.021380,626.1137,,,,,
30.2097,cmd,,,,,,0.00000,-0.40000,,,
30.2098,status,,,,,,,,TRACKING,,
30.2237,target,1791286974929244928,-0.04111,0.62597,0.021068,626.1173,,,,,
30.2566,target,1791286974962603008,-0.04879,0.61966,0.020816,626.1168,,,,,
30.2596,cmd,,,,,,0.00000,-0.40000,,,
30.2597,status,,,,,,,,TRACKING,,
30.2872,target,1791286974995960832,-0.05574,0.60930,0.020807,626.1140,,,,,
30.3106,cmd,,,,,,0.08360,-0.40000,,,
30.3107,status,,,,,,,,TRACKING,,
30.3212,target,1791286975029319168,-0.06086,0.59730,0.020740,626.1147,,,,,
30.3595,target,1791286975062676992,-0.06584,0.58249,0.020796,626.1196,,,,,
30.3596,cmd,,,,,,0.09129,-0.40000,,,
30.3599,status,,,,,,,,TRACKING,,
30.3872,target,1791286975096035072,-0.07103,0.56246,0.020961,626.1140,,,,,
30.4097,cmd,,,,,,0.10654,-0.40000,,,
30.4098,status,,,,,,,,TRACKING,,
30.4221,target,1791286975129392384,-0.07531,0.54587,0.021070,626.1155,,,,,
30.4593,target,1791286975162749696,-0.07967,0.52953,0.021079,626.1194,,,,,
30.4596,cmd,,,,,,0.11296,-0.40000,,,
30.4597,status,,,,,,,,TRACKING,,
30.4874,target,1791286975196107264,-0.08307,0.50908,0.021070,626.1141,,,,,
30.5099,cmd,,,,,,0.12460,-0.40000,,,
30.5100,status,,,,,,,,TRACKING,,
30.5108,joint,,,,,,,,,-0.08130,-0.39270
30.5223,target,1791286975229464320,-0.08199,0.48639,0.021189,626.1157,,,,,
30.5581,target,1791286975262821888,-0.07871,0.46477,0.021278,626.1181,,,,,
30.5603,cmd,,,,,,0.11806,-0.37181,,,
30.5605,status,,,,,,,,TRACKING,,
30.5871,target,1791286975296178944,-0.07476,0.44349,0.021432,626.1138,,,,,
30.6098,cmd,,,,,,0.11214,-0.35479,,,
30.6099,status,,,,,,,,TRACKING,,
30.6226,target,1791286975329536256,-0.06815,0.41758,0.021500,626.1159,,,,,
30.6567,target,1791286975362893824,-0.06070,0.39311,0.021500,626.1166,,,,,
30.6594,cmd,,,,,,0.09105,-0.31449,,,
30.6595,status,,,,,,,,TRACKING,,
30.6874,target,1791286975396250880,-0.05518,0.36776,0.021447,626.1140,,,,,
30.7097,cmd,,,,,,0.08277,-0.29421,,,
30.7098,status,,,,,,,,TRACKING,,
30.7224,target,1791286975429608448,-0.05042,0.33871,0.021280,626.1156,,,,,
30.7556,target,1791286975462965504,-0.04508,0.30775,0.021237,626.1155,,,,,
30.7595,cmd,,,,,,0.00000,-0.24620,,,
30.7596,status,,,,,,,,TRACKING,,
30.7874,target,1791286975496323072,-0.04140,0.27779,0.021139,626.1138,,,,,
30.8097,cmd,,,,,,0.00000,-0.22223,,,
30.8099,status,,,,,,,,TRACKING,,
30.8231,target,1791286975529680384,-0.03847,0.24342,0.020883,626.1162,,,,,
30.8580,target,1791286975563037696,-0.03483,0.20779,0.020929,626.1177,,,,,
30.8602,cmd,,,,,,0.00000,-0.16623,,,
30.8603,status,,,,,,,,TRACKING,,
30.8873,target,1791286975596395008,-0.03243,0.17273,0.020885,626.1137,,,,,
30.9113,cmd,,,,,,0.00000,-0.13818,,,
30.9114,status,,,,,,,,TRACKING,,
30.9238,target,1791286975629752320,-0.03434,0.13985,0.020914,626.1169,,,,,
30.9588,target,1791286975663109632,-0.03948,0.10768,0.021096,626.1185,,,,,
30.9596,cmd,,,,,,0.00000,-0.11188,,,
30.9597,status,,,,,,,,TRACKING,,
30.9877,target,1791286975696466944,-0.05004,0.07955,0.021317,626.1140,,,,,
31.0112,cmd,,,,,,0.07505,-0.06364,,,
31.0113,status,,,,,,,,TRACKING,,
31.0114,joint,,,,,,,,,-0.05062,-0.57371
31.0225,target,1791286975729824256,-0.06463,0.05799,0.021387,626.1155,,,,,
31.0606,target,1791286975763181568,-0.08099,0.03922,0.021547,626.1202,,,,,
31.0607,cmd,,,,,,0.09695,-0.04639,,,
31.0609,status,,,,,,,,TRACKING,,
31.0877,target,1791286975796538880,-0.09928,0.02542,0.021695,626.1139,,,,,
31.1111,cmd,,,,,,0.14892,0.00000,,,
31.1112,status,,,,,,,,TRACKING,,
31.1229,target,1791286975829896192,-0.12021,0.01208,0.021858,626.1158,,,,,
31.1586,target,1791286975863253504,-0.14042,0.00086,0.022079,626.1181,,,,,
31.1596,cmd,,,,,,0.18032,0.00000,,,
31.1597,status,,,,,,,,TRACKING,,
31.1876,target,1791286975896610816,-0.15929,-0.00984,0.022179,626.1137,,,,,
31.2098,cmd,,,,,,0.23894,0.00000,,,
31.2099,status,,,,,,,,TRACKING,,
31.2247,target,1791286975929968128,-0.17893,-0.01907,0.022448,626.1176,,,,,
31.2570,target,1791286975963325440,-0.19932,-0.02555,0.022836,626.1165,,,,,
31.2597,cmd,,,,,,0.29898,0.00000,,,
31.2598,status,,,,,,,,TRACKING,,
31.2880,target,1791286975996682752,-0.22120,-0.02726,0.023277,626.1141,,,,,
31.3099,cmd,,,,,,0.33180,0.00000,,,
31.3100,status,,,,,,,,TRACKING,,
31.3236,target,1791286976030040064,-0.24274,-0.02485,0.023509,626.1164,,,,,
31.3586,target,1791286976063397376,-0.26640,-0.02241,0.023930,626.1180,,,,,
31.3598,cmd,,,,,,0.36410,0.00000,,,
31.3613,status,,,,,,,,TRACKING,,
31.3871,target,1791286976096754688,-0.28891,-0.01745,0.023663,626.1132,,,,,
31.4100,cmd,,,,,,0.43337,0.00000,,,
31.4101,status,,,,,,,,TRACKING,,
31.4246,target,1791286976130112768,-0.30717,-0.02002,0.024112,626.1173,,,,,
31.4578,target,1791286976163470848,-0.32477,-0.02284,0.024540,626.1171,,,,,
31.4599,cmd,,,,,,0.48715,0.00000,,,
31.4600,status,,,,,,,,TRACKING,,
31.4878,target,1791286976196829184,-0.34169,-0.02316,0.024104,626.1138,,,,,
31.5113,cmd,,,,,,0.51254,0.00000,,,
31.5114,status,,,,,,,,TRACKING,,
31.5115,joint,,,,,,,,,-0.02915,-0.61666
31.5239,target,1791286976230187264,-0.35432,-0.02675,0.024388,626.1166,,,,,
31.5587,target,1791286976263545344,-0.36210,-0.03298,0.024750,626.1179,,,,,
31.5595,cmd,,,,,,0.53148,0.00000,,,
31.5596,status,,,,,,,,TRACKING,,
31.5876,target,1791286976296903424,-0.36794,-0.04458,0.025095,626.1135,,,,,
31.6097,cmd,,,,,,0.55191,0.00000,,,
31.6098,status,,,,,,,,TRACKING,,
31.6244,target,1791286976330261504,-0.37402,-0.05427,0.025883,626.1170,,,,,
31.6589,target,1791286976363619584,-0.37894,-0.06317,0.026235,626.1180,,,,,
31.6596,cmd,,,,,,0.56104,0.04342,,,
31.6597,status,,,,,,,,TRACKING,,
31.6879,target,1791286976396977664,-0.38232,-0.07460,0.026178,626.1137,,,,,
31.7103,cmd,,,,,,0.57349,0.05968,,,
31.7104,status,,,,,,,,TRACKING,,
31.7237,target,1791286976430336000,-0.38470,-0.08544,0.026849,626.1162,,,,,
31.7581,target,1791286976463694080,-0.38550,-0.09958,0.027036,626.1172,,,,,
31.7604,cmd,,,,,,0.57824,0.07967,,,
31.7605,status,,,,,,,,TRACKING,,
31.7885,target,1791286976497052416,-0.38431,-0.11527,0.027691,626.1143,,,,,
31.8101,cmd,,,,,,0.57647,0.09222,,,
31.8103,status,,,,,,,,TRACKING,,
31.8237,target,1791286976530410752,-0.38406,-0.13020,0.028108,626.1161,,,,,
31.8602,target,1791286976563768832,-0.38365,-0.14628,0.028424,626.1192,,,,,
31.8603,cmd,,,,,,0.57609,0.10416,,,
31.8603,status,,,,,,,,TRACKING,,
31.8883,target,1791286976597126912,-0.38369,-0.16377,0.028867,626.1140,,,,,
31.9099,cmd,,,,,,0.57553,0.13102,,,
31.9100,status,,,,,,,,TRACKING,,
31.9243,target,1791286976630484992,-0.38375,-0.18042,0.029609,626.1166,,,,,
31.9590,target,1791286976663843328,-0.38131,-0.19759,0.029358,626.1180,,,,,
31.9599,cmd,,,,,,0.57562,0.14434,,,
31.9600,status,,,,,,,,TRACKING,,
31.9876,target,1791286976697201408,-0.37826,-0.21276,0.030399,626.1132,,,,,
32.0103,cmd,,,,,,0.56740,0.17021,,,
32.0104,status,,,,,,,,TRACKING,,
32.0108,joint,,,,,,,,,0.15033,-0.61052
32.0229,target,1791286976730559744,-0.37525,-0.22845,0.030512,626.1152,,,,,
32.0600,cmd,,,,,,0.56287,0.18276,,,
32.0601,status,,,,,,,,TRACKING,,
32.0613,target,1791286976763918080,-0.37530,-0.23623,0.029959,626.1202,,,,,
32.0880,target,1791286976797276160,-0.36851,-0.25205,0.029635,626.1136,,,,,
32.1113,cmd,,,,,,0.55277,0.20164,,,
32.1114,status,,,,,,,,TRACKING,,
32.1236,target,1791286976830634240,-0.37034,-0.25089,0.027107,626.1158,,,,,
32.1580,target,1791286976863992576,-0.36204,-0.27192,0.027930,626.1169,,,,,
32.1605,cmd,,,,,,0.54307,0.21754,,,
32.1607,status,,,,,,,,TRACKING,,
32.1889,target,1791286976897350912,-0.35102,-0.28622,0.027884,626.1144,,,,,
32.2097,cmd,,,,,,0.52653,0.22898,,,
32.2106,status,,,,,,,,TRACKING,,
32.2240,target,1791286976930708992,-0.33803,-0.30134,0.027923,626.1161,,,,,
32.2613,target,1791286976964067072,-0.32796,-0.31340,0.027530,626.1200,,,,,
32.2614,cmd,,,,,,0.50705,0.24107,,,
32.2616,status,,,,,,,,TRACKING,,
32.2883,target,1791286976997425664,-0.31700,-0.33182,0.028108,626.1137,,,,,
32.3112,cmd,,,,,,0.47550,0.26545,,,
32.3113,status,,,,,,,,TRACKING,,
32.3226,target,1791286977030783744,-0.29887,-0.36445,0.031107,626.1147,,,,,
32.3602,target,1791286977064142080,-0.28714,-0.38700,0.032452,626.1189,,,,,
32.3603,cmd,,,,,,0.44830,0.29156,,,
32.3621,status,,,,,,,,TRACKING,,
32.3888,target,1791286977097500160,-0.27587,-0.39310,0.023939,626.1141,,,,,
32.4101,cmd,,,,,,0.41381,0.31448,,,
32.4102,status,,,,,,,,TRACKING,,
32.4237,target,1791286977130858752,-0.26508,-0.43350,0.035230,626.1157,,,,,
32.4584,target,1791286977164217088,-0.25341,-0.45211,0.035914,626.1170,,,,,
32.4596,cmd,,,,,,0.39763,0.34680,,,
32.4597,status,,,,,,,,TRACKING,,
32.4921,target,1791286977197575424,-0.20730,-0.49483,0.022101,626.1174,,,,,
32.5096,cmd,,,,,,0.31096,0.39586,,,
32.5097,status,,,,,,,,TRACKING,,
32.5260,target,1791286977230933760,-0.17423,-0.50489,0.019327,626.1179,,,,,
32.5517,joint,,,,,,,,,0.43412,-0.54303
32.5600,cmd,,,,,,0.26135,0.40000,,,
32.5601,status,,,,,,,,TRACKING,,
32.5610,target,1791286977264292352,-0.17631,-0.54098,0.022422,626.1195,,,,,
32.5887,target,1791286977297650688,-0.15452,-0.56511,0.022750,626.1138,,,,,
32.6102,cmd,,,,,,0.23178,0.40000,,,
32.6103,status,,,,,,,,TRACKING,,
32.6265,target,1791286977331009280,-0.14029,-0.59170,0.023598,626.1183,,,,,
32.6586,target,1791286977364367616,-0.14779,-0.62896,0.032454,626.1170,,,,,
32.6597,cmd,,,,,,0.21044,0.40000,,,
32.6598,status,,,,,,,,TRACKING,,
32.6888,target,1791286977397725952,-0.13693,-0.64210,0.032856,626.1139,,,,,
32.7101,cmd,,,,,,0.20539,0.40000,,,
32.7102,status,,,,,,,,TRACKING,,
32.7236,target,1791286977431084544,-0.10629,-0.66580,0.028377,626.1153,,,,,
32.7580,target,1791286977464443136,-0.08714,-0.66426,0.026159,626.1164,,,,,
32.7599,cmd,,,,,,0.13072,0.40000,,,
32.7602,status,,,,,,,,TRACKING,,
32.7882,target,1791286977497801472,-0.08972,-0.66759,0.028496,626.1132,,,,,
32.8101,cmd,,,,,,0.13458,0.40000,,,
32.8103,status,,,,,,,,TRACKING,,
32.8261,target,1791286977531159808,-0.08978,-0.66990,0.029581,626.1177,,,,,
32.8595,target,1791286977564518656,-0.08465,-0.66954,0.028785,626.1178,,,,,
32.8596,cmd,,,,,,0.13468,0.40000,,,
32.8597,status,,,,,,,,TRACKING,,
32.8915,target,1791286977597876992,-0.07516,-0.67716,0.028112,626.1164,,,,,
32.9098,cmd,,,,,,0.11273,0.40000,,,
32.9099,status,,,,,,,,TRACKING,,
32.9246,target,1791286977631235584,-0.07058,-0.68235,0.028153,626.1162,,,,,
32.9595,target,1791286977664593920,-0.06693,-0.68618,0.029078,626.1177,,,,,
32.9597,cmd,,,,,,0.10588,0.40000,,,
32.9598,status,,,,,,,,TRACKING,,
32.9889,target,1791286977697952512,-0.06408,-0.68556,0.029763,626.1137,,,,,
33.0098,cmd,,,,,,0.09612,0.40000,,,
33.0099,status,,,,,,,,TRACKING,,
33.0235,target,1791286977731311104,-0.06361,-0.68664,0.030456,626.1150,,,,,
33.0306,joint,,,,,,,,,0.60285,-0.39423
33.0606,cmd,,,,,,0.09541,0.40000,,,
33.0614,target,1791286977764669696,-0.06505,-0.68582,0.031000,626.1195,,,,,
33.0615,status,,,,,,,,TRACKING,,
33.0885,target,1791286977798028032,-0.07084,-0.68692,0.031656,626.1133,,,,,
33.1098,cmd,,,,,,0.10625,0.40000,,,
33.1099,status,,,,,,,,TRACKING,,
33.1239,target,1791286977831386624,-0.07979,-0.69030,0.032118,626.1154,,,,,
33.1570,target,1791286977864745472,-0.08701,-0.69175,0.032715,626.1150,,,,,
33.1596,cmd,,,,,,0.13052,0.40000,,,
33.1597,status,,,,,,,,TRACKING,,
33.1919,target,1791286977898103808,-0.09598,-0.69259,0.033255,626.1166,,,,,
33.2097,cmd,,,,,,0.14396,0.40000,,,
33.2098,status,,,,,,,,TRACKING,,
33.2229,target,1791286977931462400,-0.10693,-0.69197,0.033876,626.1143,,,,,
33.2586,target,1791286977964820992,-0.11717,-0.69204,0.034646,626.1166,,,,,
33.2595,cmd,,,,,,0.16039,0.40000,,,
33.2596,status,,,,,,,,TRACKING,,
33.2889,target,1791286977998179328,-0.12691,-0.69233,0.035230,626.1135,,,,,
33.3098,cmd,,,,,,0.19037,0.40000,,,
33.3101,status,,,,,,,,TRACKING,,
33.3239,target,1791286978031538176,-0.13724,-0.69077,0.035898,626.1151,,,,,
33.3600,cmd,,,,,,0.20585,0.40000,,,
33.3603,target,1791286978064896768,-0.14984,-0.69245,0.036439,626.1182,,,,,
33.3603,status,,,,,,,,TRACKING,,
33.3917,target,1791286978098255360,-0.16314,-0.69234,0.036855,626.1163,,,,,
33.4099,cmd,,,,,,0.24470,0.40000,,,
33.4100,status,,,,,,,,TRACKING,,
33.4244,target,1791286978131612928,-0.17517,-0.69250,0.037398,626.1156,,,,,
33.4588,target,1791286978164970496,-0.18884,-0.69249,0.038019,626.1167,,,,,
33.4595,cmd,,,,,,0.26275,0.40000,,,
33.4613,status,,,,,,,,TRACKING,,
33.4908,target,1791286978198328064,-0.20034,-0.69271,0.038485,626.1153,,,,,
33.5105,cmd,,,,,,0.30052,0.40000,,,
33.5106,status,,,,,,,,TRACKING,,
33.5240,target,1791286978231685888,-0.20979,-0.69248,0.038947,626.1151,,,,,
33.5507,joint,,,,,,,,,0.66268,-0.19175
33.5598,cmd,,,,,,0.31468,0.40000,,,
33.5599,status,,,,,,,,TRACKING,,
33.5623,target,1791286978265043456,-0.22088,-0.69618,0.038911,626.1200,,,,,
33.5920,target,1791286978298401024,-0.23005,-0.70097,0.038895,626.1164,,,,,
33.6113,cmd,,,,,,0.34507,0.40000,,,
33.6114,status,,,,,,,,TRACKING,,
33.6240,target,1791286978331758592,-0.23697,-0.70626,0.038646,626.1150,,,,,
33.6597,target,1791286978365116160,-0.24469,-0.70895,0.038418,626.1174,,,,,
33.6598,cmd,,,,,,0.35546,0.40000,,,
33.6599,status,,,,,,,,TRACKING,,
33.6935,target,1791286978398473984,-0.25332,-0.71302,0.038346,626.1178,,,,,
33.7100,cmd,,,,,,0.37999,0.40000,,,
33.7101,status,,,,,,,,TRACKING,,
33.7250,target,1791286978431831552,-0.26103,-0.71799,0.037626,626.1160,,,,,
33.7588,target,1791286978465189120,-0.26565,-0.72215,0.037431,626.1165,,,,,
33.7597,cmd,,,,,,0.39154,0.40000,,,
33.7598,status,,,,,,,,TRACKING,,
33.7919,target,1791286978498546688,-0.27094,-0.72790,0.037005,626.1161,,,,,
33.8097,cmd,,,,,,0.40641,0.40000,,,
33.8098,status,,,,,,,,TRACKING,,
33.8241,target,1791286978531904256,-0.27159,-0.72894,0.037079,626.1150,,,,,
33.8593,target,1791286978565262080,-0.26848,-0.72927,0.036899,626.1168,,,,,
33.8595,cmd,,,,,,0.40738,0.40000,,,
33.8596,status,,,,,,,,TRACKING,,
33.8932,target,1791286978598619648,-0.26107,-0.73139,0.036734,626.1174,,,,,
33.9112,cmd,,,,,,0.39161,0.40000,,,
33.9113,status,,,,,,,,TRACKING,,
33.9241,target,1791286978631976960,-0.25311,-0.73166,0.036556,626.1149,,,,,
33.9590,target,1791286978665334784,-0.24230,-0.73058,0.036270,626.1165,,,,,
33.9597,cmd,,,,,,0.37966,0.40000,,,
33.9598,status,,,,,,,,TRACKING,,
33.9919,target,1791286978698692352,-0.22927,-0.73042,0.036773,626.1160,,,,,
34.0104,cmd,,,,,,0.34391,0.40000,,,
34.0105,status,,,,,,,,TRACKING,,
34.0232,target,1791286978732050176,-0.21833,-0.73189,0.036274,626.1139,,,,,
34.0521,joint,,,,,,,,,0.78233,0.00307
34.0599,cmd,,,,,,0.32750,0.40000,,,
34.0615,target,1791286978765407744,-0.20702,-0.73186,0.035592,626.1189,,,,,
34.0616,status,,,,,,,,TRACKING,,
34.0931,target,1791286978798765056,-0.19427,-0.73134,0.034727,626.1171,,,,,
34.1099,cmd,,,,,,0.29140,0.40000,,,
34.1100,status,,,,,,,,TRACKING,,
34.1239,target,1791286978832122880,-0.18499,-0.73480,0.033930,626.1146,,,,,
34.1595,target,1791286978865480448,-0.17461,-0.73638,0.032109,626.1168,,,,,
34.1596,cmd,,,,,,0.27748,0.40000,,,
34.1596,status,,,,,,,,TRACKING,,
34.1930,target,1791286978898838016,-0.16816,-0.73930,0.030677,626.1169,,,,,
34.2103,cmd,,,,,,0.25224,0.40000,,,
34.2105,status,,,,,,,,TRACKING,,
34.2253,target,1791286978932195584,-0.16242,-0.73426,0.027919,626.1160,,,,,
34.2600,cmd,,,,,,0.24364,0.40000,,,
34.2601,status,,,,,,,,TRACKING,,
34.2604,target,1791286978965553152,-0.16043,-0.74047,0.026714,626.1177,,,,,
34.2928,target,1791286978998910976,-0.16547,-0.71893,0.022424,626.1167,,,,,
34.3114,cmd,,,,,,0.24820,0.40000,,,
34.3115,status,,,,,,,,TRACKING,,
34.3252,target,1791286979032268544,-0.16529,-0.73659,0.022808,626.1157,,,,,
34.3599,target,1791286979065625856,-0.17689,-0.72389,0.019750,626.1171,,,,,
34.3600,cmd,,,,,,0.24794,0.40000,,,
34.3601,status,,,,,,,,TRACKING,,
34.3926,target,1791286979098983680,-0.18848,-0.71260,0.017305,626.1165,,,,,
34.4099,cmd,,,,,,0.28272,0.40000,,,
34.4100,status,,,,,,,,TRACKING,,
34.4249,target,1791286979132341248,-0.19561,-0.72364,0.016591,626.1153,,,,,
34.4598,target,1791286979165698816,-0.19670,-0.75790,0.018522,626.1169,,,,,
34.4599,cmd,,,,,,0.29341,0.40000,,,
34.4599,status,,,,,,,,TRACKING,,
34.4932,target,1791286979199056128,-0.20407,-0.78629,0.019826,626.1170,,,,,
34.5113,cmd,,,,,,0.30611,0.40000,,,
34.5114,status,,,,,,,,TRACKING,,
34.5250,target,1791286979232413696,-0.22061,-0.81440,0.022676,626.1154,,,,,
34.5599,cmd,,,,,,0.33091,0.40000,,,
34.5600,status,,,,,,,,TRACKING,,
34.5604,target,1791286979265771264,-0.23033,-0.82230,0.021821,626.1175,,,,,
34.5723,joint,,,,,,,,,0.94340,0.20248
34.5933,target,1791286979299128576,-0.23620,-0.82545,0.021476,626.1169,,,,,
34.6098,cmd,,,,,,0.35429,0.40000,,,
34.6099,status,,,,,,,,TRACKING,,
34.6246,target,1791286979332486144,-0.24085,-0.82571,0.021554,626.1149,,,,,
34.6599,cmd,,,,,,0.36128,0.40000,,,
34.6600,status,,,,,,,,TRACKING,,
34.6609,target,1791286979365843712,-0.24296,-0.82368,0.021719,626.1178,,,,,
34.6929,target,1791286979399201280,-0.24265,-0.81827,0.021788,626.1165,,,,,
34.7108,cmd,,,,,,0.36398,0.40000,,,
34.7110,status,,,,,,,,TRACKING,,
34.7266,target,1791286979432558592,-0.24751,-0.80543,0.020866,626.1169,,,,,
34.7596,cmd,,,,,,0.37127,0.40000,,,
34.7604,target,1791286979465915904,-0.25419,-0.79162,0.019308,626.1173,,,,,
34.7606,status,,,,,,,,TRACKING,,
34.7930,target,1791286979499273728,-0.25929,-0.78369,0.017170,626.1165,,,,,
34.8114,cmd,,,,,,0.38893,0.40000,,,
34.8115,status,,,,,,,,TRACKING,,
34.8242,target,1791286979532631040,-0.25812,-0.77451,0.016530,626.1144,,,,,
34.8603,cmd,,,,,,0.38718,0.40000,,,
34.8611,target,1791286979565988608,-0.25370,-0.76782,0.016654,626.1179,,,,,
34.8611,status,,,,,,,,TRACKING,,
34.8927,target,1791286979599346176,-0.25366,-0.76392,0.015339,626.1161,,,,,
34.9101,cmd,,,,,,0.38049,0.40000,,,
34.9102,status,,,,,,,,TRACKING,,
34.9241,target,1791286979632703488,-0.24573,-0.76633,0.015920,626.1142,,,,,
34.9600,cmd,,,,,,0.36860,0.40000,,,
34.9601,status,,,,,,,,TRACKING,,
34.9604,target,1791286979666061056,-0.22954,-0.76812,0.018136,626.1171,,,,,
34.9929,target,1791286979699418368,-0.21333,-0.76982,0.020017,626.1162,,,,,
35.0102,cmd,,,,,,0.31999,0.40000,,,
35.0104,status,,,,,,,,TRACKING,,
35.0244,target,1791286979732776192,-0.19320,-0.77305,0.022880,626.1144,,,,,
35.0600,cmd,,,,,,0.28980,0.40000,,,
35.0609,status,,,,,,,,TRACKING,,
35.0623,target,1791286979766133504,-0.18108,-0.76765,0.024809,626.1190,,,,,
35.0743,joint,,,,,,,,,1.09219,0.40344
35.0920,target,1791286979799491072,-0.17359,-0.76043,0.025443,626.1153,,,,,
35.1113,cmd,,,,,,0.26039,0.40000,,,
35.1114,status,,,,,,,,TRACKING,,
35.1258,target,1791286979832848384,-0.16735,-0.75160,0.025768,626.1157,,,,,
35.1604,cmd,,,,,,0.25102,0.40000,,,
35.1605,status,,,,,,,,TRACKING,,
35.1609,target,1791286979866205696,-0.16075,-0.74013,0.026070,626.1175,,,,,
35.1932,target,1791286979899563520,-0.15467,-0.72805,0.026113,626.1164,,,,,
35.2110,cmd,,,,,,0.23201,0.40000,,,
35.2117,status,,,,,,,,TRACKING,,
35.2261,target,1791286979932920832,-0.14904,-0.71866,0.025959,626.1160,,,,,
35.2603,cmd,,,,,,0.22356,0.40000,,,
35.2604,status,,,,,,,,TRACKING,,
35.2618,target,1791286979966278400,-0.14383,-0.70640,0.025575,626.1183,,,,,
35.2930,target,1791286979999635712,-0.13941,-0.69506,0.025211,626.1162,,,,,
35.3114,cmd,,,,,,0.20911,0.40000,,,
35.3115,status,,,,,,,,TRACKING,,
35.3262,target,1791286980032993536,-0.13491,-0.68185,0.024820,626.1160,,,,,
35.3598,cmd,,,,,,0.20236,0.40000,,,
35.3599,status,,,,,,,,TRACKING,,
35.3613,target,1791286980066350848,-0.13043,-0.66814,0.024180,626.1178,,,,,
35.3932,target,1791286980099708160,-0.12760,-0.64841,0.023481,626.1163,,,,,
35.4113,cmd,,,,,,0.19140,0.40000,,,
35.4114,status,,,,,,,,TRACKING,,
35.4269,target,1791286980133065472,-0.12388,-0.62793,0.022925,626.1166,,,,,
35.4598,cmd,,,,,,0.18582,0.40000,,,
35.4613,target,1791286980166422528,-0.12026,-0.60272,0.022348,626.1177,,,,,
35.4614,status,,,,,,,,TRACKING,,
35.4931,target,1791286980199779840,-0.11508,-0.57258,0.021921,626.1161,,,,,
35.5121,cmd,,,,,,0.17262,0.40000,,,
35.5122,status,,,,,,,,TRACKING,,
35.5273,target,1791286980233136896,-0.10899,-0.54545,0.021615,626.1170,,,,,
35.5597,cmd,,,,,,0.16348,0.40000,,,
35.5598,status,,,,,,,,TRACKING,,
35.5636,target,1791286980266494208,-0.10147,-0.51745,0.021293,626.1199,,,,,
35.5931,target,1791286980299851264,-0.09397,-0.48576,0.020966,626.1160,,,,,
35.6109,cmd,,,,,,0.14095,0.38861,,,
35.6110,status,,,,,,,,TRACKING,,
35.6113,joint,,,,,,,,,1.24252,0.60746
35.6260,target,1791286980333208576,-0.08669,-0.45817,0.020727,626.1156,,,,,
35.6599,target,1791286980366565632,-0.08163,-0.43313,0.020417,626.1161,,,,,
35.6609,cmd,,,,,,0.13004,0.36654,,,
35.6610,status,,,,,,,,TRACKING,,
35.6932,target,1791286980399922944,-0.07698,-0.40845,0.019948,626.1160,,,,,
35.7113,cmd,,,,,,0.11548,0.32676,,,
35.7114,status,,,,,,,,TRACKING,,
35.7263,target,1791286980433280000,-0.07101,-0.38127,0.019559,626.1159,,,,,
35.7601,target,1791286980466637312,-0.06354,-0.34783,0.019132,626.1163,,,,,
35.7602,cmd,,,,,,0.10651,0.30502,,,
35.7603,status,,,,,,,,TRACKING,,
35.7931,target,1791286980499994368,-0.05458,-0.30472,0.018746,626.1160,,,,,
35.8113,cmd,,,,,,0.08187,0.24377,,,
35.8114,status,,,,,,,,TRACKING,,
35.8253,target,1791286980533351680,-0.04423,-0.25492,0.018403,626.1148,,,,,
35.8600,cmd,,,,,,0.00000,0.20394,,,
35.8613,target,1791286980566708736,-0.03372,-0.20026,0.018056,626.1174,,,,,
35.8614,status,,,,,,,,TRACKING,,
35.8930,target,1791286980600065792,-0.02269,-0.14348,0.017973,626.1157,,,,,
35.9101,cmd,,,,,,0.00000,0.11478,,,
35.9113,status,,,,,,,,TRACKING,,
35.9245,target,1791286980633423104,-0.01031,-0.09083,0.017891,626.1139,,,,,
35.9601,cmd,,,,,,0.00000,0.07267,,,
35.9604,status,,,,,,,,TRACKING,,
35.9617,target,1791286980666780160,0.00123,-0.04815,0.017969,626.1177,,,,,
35.9930,target,1791286980700137216,0.01036,-0.01129,0.017938,626.1157,,,,,
36.0115,cmd,,,,,,0.00000,0.00000,,,
36.0116,status,,,,,,,,CENTERED,,
36.0264,target,1791286980733494272,0.01815,0.01940,0.017841,626.1158,,,,,
36.0613,target,1791286980766851584,0.02569,0.04427,0.017791,626.1173,,,,,
36.0614,cmd,,,,,,0.00000,0.00000,,,
36.0615,status,,,,,,,,CENTERED,,
36.0933,target,1791286980800208640,0.03115,0.06881,0.017680,626.1159,,,,,
36.1113,cmd,,,,,,0.00000,-0.05505,,,
36.1119,status,,,,,,,,TRACKING,,
36.1121,joint,,,,,,,,,1.31002,0.78693
36.1267,target,1791286980833565696,0.03498,0.09259,0.017684,626.1159,,,,,
36.1600,cmd,,,,,,0.00000,-0.07407,,,
36.1602,status,,,,,,,,TRACKING,,
36.1605,target,1791286980866922752,0.03893,0.11848,0.017541,626.1164,,,,,
36.1930,target,1791286980900280064,0.04404,0.13717,0.017695,626.1156,,,,,
36.2107,cmd,,,,,,0.00000,-0.10973,,,
36.2109,status,,,,,,,,TRACKING,,
36.2255,target,1791286980933637120,0.04890,0.14898,0.017745,626.1147,,,,,
36.2599,cmd,,,,,,0.00000,-0.11918,,,
36.2612,target,1791286980966994176,0.05472,0.15015,0.017680,626.1170,,,,,
36.2613,status,,,,,,,,TRACKING,,
36.2931,target,1791286981000351232,0.06386,0.14527,0.017569,626.1155,,,,,
36.3113,cmd,,,,,,-0.09579,-0.11622,,,
36.3120,status,,,,,,,,TRACKING,,
36.3268,target,1791286981033708544,0.07570,0.14397,0.017448,626.1159,,,,,
36.3600,cmd,,,,,,-0.11355,-0.11517,,,
36.3612,target,1791286981067065344,0.08919,0.14873,0.017346,626.1170,,,,,
36.3613,status,,,,,,,,TRACKING,,
36.3932,target,1791286981100422656,0.10402,0.15733,0.017298,626.1156,,,,,
36.4120,cmd,,,,,,-0.15603,-0.12587,,,
36.4128,status,,,,,,,,TRACKING,,
36.4273,target,1791286981133780480,0.11928,0.16894,0.017391,626.1163,,,,,
36.4608,target,1791286981167138304,0.13602,0.17533,0.017368,626.1164,,,,,
36.4615,cmd,,,,,,-0.17892,-0.13515,,,
36.4616,status,,,,,,,,TRACKING,,
36.4931,target,1791286981200496384,0.15496,0.17046,0.017585,626.1154,,,,,
36.5111,cmd,,,,,,-0.23244,-0.13636,,,
36.5114,status,,,,,,,,TRACKING,,
36.5261,target,1791286981233854208,0.17285,0.16503,0.017791,626.1151,,,,,
36.5604,cmd,,,,,,-0.25927,-0.13202,,,
36.5605,status,,,,,,,,TRACKING,,
36.5627,target,1791286981267212032,0.19137,0.15577,0.017908,626.1183,,,,,
36.5931,target,1791286981300570112,0.21129,0.14729,0.017930,626.1154,,,,,
36.6120,cmd,,,,,,-0.31693,-0.11783,,,
36.6122,status,,,,,,,,TRACKING,,
36.6133,joint,,,,,,,,,1.30082,0.79307
36.6274,target,1791286981333927936,0.23237,0.13790,0.018626,626.1163,,,,,
36.6601,cmd,,,,,,-0.34856,-0.11032,,,
36.6604,status,,,,,,,,TRACKING,,
36.6616,target,1791286981367286016,0.25143,0.12438,0.018774,626.1171,,,,,
36.6931,target,1791286981400643840,0.26846,0.10728,0.018785,626.1153,,,,,
36.7114,cmd,,,,,,-0.40270,-0.08582,,,
36.7115,status,,,,,,,,TRACKING,,
36.7262,target,1791286981434001664,0.28097,0.07852,0.018123,626.1150,,,,,
36.7602,target,1791286981467359744,0.29155,0.04594,0.017168,626.1156,,,,,
36.7603,cmd,,,,,,-0.42145,-0.06282,,,
36.7604,status,,,,,,,,TRACKING,,
36.7949,target,1791286981500717568,0.30223,0.01127,0.016315,626.1170,,,,,
36.8115,cmd,,,,,,-0.45334,0.00000,,,
36.8117,status,,,,,,,,TRACKING,,
36.8265,target,1791286981534075648,0.31161,-0.02092,0.015690,626.1152,,,,,
36.8599,cmd,,,,,,-0.46741,0.00000,,,
36.8600,status,,,,,,,,TRACKING,,
36.8608,target,1791286981567433472,0.31861,-0.05173,0.015610,626.1161,,,,,
36.8962,target,1791286981600791552,0.32851,-0.08468,0.015206,626.1182,,,,,
36.9116,cmd,,,,,,-0.49276,0.06774,,,
36.9119,status,,,,,,,,TRACKING,,
36.9268,target,1791286981634149376,0.33982,-0.11661,0.015139,626.1155,,,,,
36.9599,cmd,,,,,,-0.50972,0.09329,,,
36.9601,status,,,,,,,,TRACKING,,
36.9603,target,1791286981667507200,0.35075,-0.14621,0.015054,626.1156,,,,,
36.9962,target,1791286981700865280,0.36590,-0.17642,0.014863,626.1182,,,,,
37.0130,cmd,,,,,,-0.54885,0.14114,,,
37.0131,status,,,,,,,,TRACKING,,
37.0260,target,1791286981734223360,0.38268,-0.19154,0.015247,626.1146,,,,,
37.0615,cmd,,,,,,-0.57401,0.15323,,,
37.0616,status,,,,,,,,TRACKING,,
37.0619,target,1791286981767581184,0.39300,-0.16871,0.018639,626.1171,,,,,
37.0957,target,1791286981800939264,0.40723,-0.15323,0.019755,626.1176,,,,,
37.1124,cmd,,,,,,-0.60000,0.12258,,,
37.1125,status,,,,,,,,TRACKING,,
37.1274,target,1791286981834297088,0.42110,-0.15808,0.019401,626.1159,,,,,
37.1613,cmd,,,,,,-0.60000,0.12646,,,
37.1614,status,,,,,,,,TRACKING,,
37.1626,target,1791286981867654912,0.43136,-0.14999,0.021024,626.1177,,,,,
37.1729,joint,,,,,,,,,1.17349,0.75472
37.1931,target,1791286981901013248,0.44287,-0.16005,0.021400,626.1149,,,,,
37.2114,cmd,,,,,,-0.60000,0.12804,,,
37.2115,status,,,,,,,,TRACKING,,
37.2249,target,1791286981934371072,0.45507,-0.17553,0.021712,626.1133,,,,,
37.2614,cmd,,,,,,-0.60000,0.14042,,,
37.2615,status,,,,,,,,TRACKING,,
37.2628,target,1791286981967728896,0.46199,-0.18268,0.021936,626.1178,,,,,
37.2952,target,1791286982001086976,0.46609,-0.18346,0.021786,626.1169,,,,,
37.3100,cmd,,,,,,-0.60000,0.14677,,,
37.3101,status,,,,,,,,TRACKING,,
37.3250,target,1791286982034445056,0.46746,-0.18552,0.021871,626.1133,,,,,
37.3600,cmd,,,,,,-0.60000,0.14842,,,
37.3601,status,,,,,,,,TRACKING,,
37.3643,target,1791286982067802880,0.46766,-0.18530,0.021717,626.1193,,,,,
37.3929,target,1791286982101160960,0.46779,-0.18421,0.021810,626.1145,,,,,
37.4113,cmd,,,,,,-0.60000,0.14737,,,
37.4117,status,,,,,,,,TRACKING,,
37.4285,target,1791286982134518784,0.47139,-0.17581,0.022205,626.1167,,,,,
37.4614,cmd,,,,,,-0.60000,0.14065,,,
37.4615,status,,,,,,,,TRACKING,,
37.4639,target,1791286982167876864,0.47554,-0.16615,0.022561,626.1188,,,,,
37.4929,target,1791286982201234944,0.47842,-0.15285,0.022836,626.1145,,,,,
37.5129,cmd,,,,,,-0.60000,0.12228,,,
37.5130,status,,,,,,,,TRACKING,,
37.5283,target,1791286982234592768,0.48058,-0.13706,0.023461,626.1165,,,,,
37.5599,cmd,,,,,,-0.60000,0.10965,,,
37.5600,status,,,,,,,,TRACKING,,
37.5638,target,1791286982267950592,0.48055,-0.12155,0.024034,626.1186,,,,,
37.5951,target,1791286982301308928,0.48021,-0.10961,0.024677,626.1166,,,,,
37.6135,cmd,,,,,,-0.60000,0.08769,,,
37.6136,status,,,,,,,,TRACKING,,
37.6263,target,1791286982334666752,0.47688,-0.09890,0.025471,626.1144,,,,,
37.6599,cmd,,,,,,-0.60000,0.07912,,,
37.6622,status,,,,,,,,TRACKING,,
37.6631,target,1791286982368024576,0.47144,-0.09426,0.026411,626.1178,,,,,
37.6715,joint,,,,,,,,,0.92039,0.80841
37.6963,target,1791286982401382656,0.46774,-0.09320,0.026890,626.1178,,,,,
37.7118,cmd,,,,,,-0.60000,0.07456,,,
37.7121,status,,,,,,,,TRACKING,,
37.7263,target,1791286982434740736,0.46272,-0.09093,0.027109,626.1144,,,,,
37.7599,cmd,,,,,,-0.60000,0.07274,,,
37.7623,status,,,,,,,,TRACKING,,
37.7637,target,1791286982468098560,0.45743,-0.09410,0.027320,626.1184,,,,,
37.7933,target,1791286982501456640,0.45339,-0.09230,0.027476,626.1147,,,,,
37.8130,cmd,,,,,,-0.60000,0.07384,,,
37.8131,status,,,,,,,,TRACKING,,
37.8291,target,1791286982534814720,0.44918,-0.09170,0.027166,626.1171,,,,,
37.8600,cmd,,,,,,-0.60000,0.07336,,,
37.8603,status,,,,,,,,TRACKING,,
37.8612,target,1791286982568172544,0.44357,-0.09077,0.027105,626.1159,,,,,
37.8936,target,1791286982601530624,0.43612,-0.08642,0.026625,626.1148,,,,,
37.9130,cmd,,,,,,-0.60000,0.06913,,,
37.9131,status,,,,,,,,TRACKING,,
37.9278,target,1791286982634888704,0.42815,-0.07981,0.026135,626.1157,,,,,
37.9621,target,1791286982668246528,0.42004,-0.07525,0.025486,626.1166,,,,,
37.9622,cmd,,,,,,-0.60000,0.06385,,,
37.9624,status,,,,,,,,TRACKING,,
37.9951,target,1791286982701604608,0.40982,-0.07842,0.025171,626.1162,,,,,
38.0119,cmd,,,,,,-0.60000,0.06274,,,
38.0121,status,,,,,,,,TRACKING,,
38.0266,target,1791286982734962688,0.40029,-0.06666,0.024887,626.1144,,,,,
38.0610,cmd,,,,,,-0.60000,0.05333,,,
38.0611,status,,,,,,,,TRACKING,,
38.0640,target,1791286982768320512,0.39684,-0.04769,0.024668,626.1185,,,,,
38.0962,target,1791286982801678592,0.39725,-0.04464,0.024807,626.1173,,,,,
38.1140,cmd,,,,,,-0.59588,0.00000,,,
38.1141,status,,,,,,,,TRACKING,,
38.1272,target,1791286982835036672,0.39466,-0.02453,0.024295,626.1150,,,,,
38.1614,cmd,,,,,,-0.59199,0.00000,,,
38.1615,status,,,,,,,,TRACKING,,
38.1619,target,1791286982868394496,0.39012,-0.00688,0.023891,626.1163,,,,,
38.1911,joint,,,,,,,,,0.61513,0.85443
38.1967,target,1791286982901752576,0.39019,0.01028,0.023160,626.1177,,,,,
38.2134,cmd,,,,,,-0.58528,0.00000,,,
38.2135,status,,,,,,,,TRACKING,,
38.2272,target,1791286982935110656,0.39161,0.03472,0.022743,626.1149,,,,,
38.2615,cmd,,,,,,-0.58742,0.00000,,,
38.2616,status,,,,,,,,TRACKING,,
38.2646,target,1791286982968468736,0.39673,0.04690,0.022229,626.1189,,,,,
38.2932,target,1791286983001826560,0.39876,0.06060,0.021686,626.1142,,,,,
38.3135,cmd,,,,,,-0.59814,-0.04848,,,
38.3136,status,,,,,,,,TRACKING,,
38.3285,target,1791286983035184640,0.39990,0.06558,0.021111,626.1161,,,,,
38.3599,cmd,,,,,,-0.59985,-0.05246,,,
38.3600,status,,,,,,,,TRACKING,,
38.3637,target,1791286983068542720,0.39773,0.07147,0.020317,626.1180,,,,,
38.3948,target,1791286983101900544,0.39250,0.07262,0.019084,626.1157,,,,,
38.4116,cmd,,,,,,-0.58875,-0.05809,,,
38.4116,status,,,,,,,,TRACKING,,
38.4264,target,1791286983135258112,0.38577,0.07159,0.017602,626.1139,,,,,
38.4614,target,1791286983168615424,0.37946,0.07060,0.016484,626.1156,,,,,
38.4615,cmd,,,,,,-0.57866,-0.05727,,,
38.4616,status,,,,,,,,TRACKING,,
38.4958,target,1791286983201973248,0.37396,0.06577,0.015089,626.1166,,,,,
38.5134,cmd,,,,,,-0.56093,-0.05262,,,
38.5135,status,,,,,,,,TRACKING,,
38.5284,target,1791286983235330560,0.36374,0.06378,0.013828,626.1159,,,,,
38.5599,cmd,,,,,,-0.54561,-0.05102,,,
38.5624,status,,,,,,,,TRACKING,,
38.5636,target,1791286983268687872,0.35453,0.06372,0.012289,626.1177,,,,,
38.5950,target,1791286983302045440,0.34836,0.05843,0.011356,626.1158,,,,,
38.6117,cmd,,,,,,-0.52253,-0.04674,,,
38.6118,status,,,,,,,,TRACKING,,
38.6266,target,1791286983335402752,0.34246,0.06236,0.010085,626.1140,,,,,
38.6602,cmd,,,,,,-0.51368,-0.04989,,,
38.6604,status,,,,,,,,TRACKING,,
38.6646,target,1791286983368760320,0.33901,0.05170,0.008876,626.1186,,,,,
38.6952,target,1791286983402117632,0.33810,0.05668,0.008023,626.1159,,,,,
38.7116,cmd,,,,,,-0.50715,-0.04534,,,
38.7118,status,,,,,,,,TRACKING,,
38.7120,joint,,,,,,,,,0.30219,0.84522
38.7271,target,1791286983435475200,0.33945,0.05219,0.006829,626.1144,,,,,
38.7615,cmd,,,,,,-0.50918,-0.04175,,,
38.7616,status,,,,,,,,TRACKING,,
38.7620,target,1791286983468832512,0.34039,0.05513,0.005252,626.1160,,,,,
38.7982,target,1791286983502189824,0.00000,0.00000,0.000000,626.1188,,,,,
38.8117,cmd,,,,,,0.00000,0.00000,,,
38.8118,status,,,,,,,,LOST,,
38.8274,target,1791286983535547392,0.00000,0.00000,0.000000,626.1147,,,,,
38.8597,cmd,,,,,,0.00000,0.00000,,,
38.8598,status,,,,,,,,LOST,,
38.8611,target,1791286983568904704,0.00000,0.00000,0.000000,626.1150,,,,,
38.8959,target,1791286983602262272,0.00000,0.00000,0.000000,626.1165,,,,,
38.9114,cmd,,,,,,0.00000,0.00000,,,
38.9115,status,,,,,,,,LOST,,
38.9277,target,1791286983635619584,0.00000,0.00000,0.000000,626.1149,,,,,
38.9601,cmd,,,,,,0.00000,0.00000,,,
38.9609,target,1791286983668977152,0.00000,0.00000,0.000000,626.1147,,,,,
38.9610,status,,,,,,,,LOST,,
38.9943,target,1791286983702334464,0.00000,0.00000,0.000000,626.1147,,,,,
39.0134,cmd,,,,,,0.00000,0.00000,,,
39.0136,status,,,,,,,,LOST,,
39.0269,target,1791286983735691776,0.00000,0.00000,0.000000,626.1140,,,,,
39.0598,cmd,,,,,,0.00000,0.00000,,,
39.0599,status,,,,,,,,LOST,,
39.0622,target,1791286983769049344,0.00000,0.00000,0.000000,626.1159,,,,,
39.0961,target,1791286983802406656,0.00000,0.00000,0.000000,626.1165,,,,,
39.1121,cmd,,,,,,0.00000,0.00000,,,
39.1124,status,,,,,,,,LOST,,
39.1301,target,1791286983835764224,0.00000,0.00000,0.000000,626.1171,,,,,
39.1600,cmd,,,,,,0.00000,0.00000,,,
39.1603,status,,,,,,,,LOST,,
39.1643,target,1791286983869121536,0.00000,0.00000,0.000000,626.1179,,,,,
39.1965,target,1791286983902479104,0.00000,0.00000,0.000000,626.1168,,,,,
39.2111,cmd,,,,,,0.00000,0.00000,,,
39.2118,status,,,,,,,,LOST,,
39.2311,joint,,,,,,,,,0.20095,0.83755
39.2315,target,1791286983935836416,0.00000,0.00000,0.000000,626.1185,,,,,
39.2599,cmd,,,,,,0.00000,0.00000,,,
39.2600,status,,,,,,,,LOST,,
39.2640,target,1791286983969193728,0.62622,-0.09326,0.005135,626.1176,,,,,
39.2960,target,1791286984002551296,0.64630,-0.11152,0.006697,626.1162,,,,,
39.3123,cmd,,,,,,0.00000,0.00000,,,
39.3125,status,,,,,,,,LOST,,
39.3283,target,1791286984035908608,0.65350,-0.13107,0.007617,626.1152,,,,,
39.3601,cmd,,,,,,-0.60000,0.10485,,,
39.3602,status,,,,,,,,TRACKING,,
39.3657,target,1791286984069266176,0.64504,-0.14887,0.007804,626.1192,,,,,
39.3955,target,1791286984102623232,0.62431,-0.16110,0.007559,626.1157,,,,,
39.4113,cmd,,,,,,-0.60000,0.12888,,,
39.4138,status,,,,,,,,TRACKING,,
39.4297,target,1791286984135981824,0.59789,-0.16628,0.007580,626.1166,,,,,
39.4598,cmd,,,,,,-0.60000,0.13303,,,
39.4622,status,,,,,,,,TRACKING,,
39.4628,target,1791286984169340416,0.57059,-0.16866,0.007789,626.1162,,,,,
39.4955,target,1791286984202698752,0.54347,-0.17445,0.008064,626.1156,,,,,
39.5116,cmd,,,,,,-0.60000,0.13956,,,
39.5118,status,,,,,,,,TRACKING,,
39.5274,target,1791286984236057344,0.52030,-0.17572,0.008205,626.1141,,,,,
39.5603,cmd,,,,,,-0.60000,0.14057,,,
39.5604,status,,,,,,,,TRACKING,,
39.5662,target,1791286984269415680,0.49848,-0.17681,0.008184,626.1196,,,,,
39.5949,target,1791286984302774272,0.47640,-0.17673,0.008470,626.1149,,,,,
39.6141,cmd,,,,,,-0.60000,0.14138,,,
39.6142,status,,,,,,,,TRACKING,,
39.6297,target,1791286984336132864,0.45520,-0.18107,0.008587,626.1164,,,,,
39.6600,cmd,,,,,,-0.60000,0.14485,,,
39.6606,status,,,,,,,,TRACKING,,
39.6643,target,1791286984369491200,0.43730,-0.16883,0.008832,626.1176,,,,,
39.6969,target,1791286984402849536,0.41547,-0.15420,0.008581,626.1169,,,,,
39.7139,cmd,,,,,,-0.60000,0.12336,,,
39.7141,status,,,,,,,,TRACKING,,
39.7291,target,1791286984436208128,0.39636,-0.13866,0.008624,626.1157,,,,,
39.7507,joint,,,,,,,,,0.15647,0.85136
39.7615,cmd,,,,,,-0.59453,0.11093,,,
39.7616,status,,,,,,,,TRACKING,,
39.7630,target,1791286984469566720,0.37573,-0.11487,0.008861,626.1163,,,,,
39.7959,target,1791286984502925312,0.34996,-0.10191,0.008674,626.1158,,,,,
39.8131,cmd,,,,,,-0.52494,0.08153,,,
39.8132,status,,,,,,,,TRACKING,,
39.8283,target,1791286984536283648,0.32601,-0.08589,0.008628,626.1149,,,,,
39.8601,cmd,,,,,,-0.48901,0.06872,,,
39.8608,status,,,,,,,,TRACKING,,
39.8657,target,1791286984569642240,0.30605,-0.07586,0.009221,626.1188,,,,,
39.8966,target,1791286984603000832,0.28500,-0.06986,0.008785,626.1164,,,,,
39.9126,cmd,,,,,,-0.42750,0.05589,,,
39.9130,status,,,,,,,,TRACKING,,
39.9297,target,1791286984636359424,0.26501,-0.06811,0.008490,626.1161,,,,,
39.9600,cmd,,,,,,-0.39751,0.05449,,,
39.9606,status,,,,,,,,TRACKING,,
39.9660,target,1791286984669717760,0.24391,-0.06369,0.008092,626.1191,,,,,
39.9949,target,1791286984703076352,0.22493,-0.05607,0.008251,626.1147,,,,,
40.0143,cmd,,,,,,-0.33740,0.04485,,,
40.0144,status,,,,,,,,TRACKING,,
40.0305,target,1791286984736434944,0.20361,-0.05781,0.007954,626.1169,,,,,
40.0602,cmd,,,,,,-0.30541,0.04625,,,
40.0609,status,,,,,,,,TRACKING,,
40.0652,target,1791286984769793536,0.18257,-0.06506,0.007174,626.1183,,,,,
40.0953,target,1791286984803152128,0.16439,-0.07226,0.006814,626.1149,,,,,
40.1144,cmd,,,,,,-0.24658,0.05781,,,
40.1145,status,,,,,,,,TRACKING,,
40.1296,target,1791286984836510464,0.14739,-0.07594,0.006615,626.1159,,,,,
40.1601,cmd,,,,,,-0.22109,0.06075,,,
40.1602,status,,,,,,,,TRACKING,,
40.1652,target,1791286984869869056,0.13379,-0.07856,0.006543,626.1181,,,,,
40.1989,target,1791286984903227904,0.12356,-0.08570,0.006285,626.1185,,,,,
40.2112,cmd,,,,,,-0.18534,0.06856,,,
40.2141,status,,,,,,,,TRACKING,,
40.2286,target,1791286984936586496,0.11077,-0.08439,0.005987,626.1149,,,,,
40.2600,cmd,,,,,,-0.16615,0.06751,,,
40.2601,status,,,,,,,,TRACKING,,
40.2649,target,1791286984969944832,0.10235,-0.08172,0.005996,626.1178,,,,,
40.2714,joint,,,,,,,,,-0.12732,0.89738
40.2963,target,1791286985003303424,0.09210,-0.05602,0.005792,626.1158,,,,,
40.3113,cmd,,,,,,-0.13815,0.04482,,,
40.3138,status,,,,,,,,TRACKING,,
40.3313,target,1791286985036662016,0.07354,-0.03130,0.005760,626.1175,,,,,
40.3599,cmd,,,,,,-0.11031,0.00000,,,
40.3609,status,,,,,,,,TRACKING,,
40.3667,target,1791286985070020864,0.04460,0.02805,0.006372,626.1195,,,,,
40.3960,target,1791286985103379200,0.01841,0.08968,0.006816,626.1154,,,,,
40.4127,cmd,,,,,,0.00000,-0.07175,,,
40.4128,status,,,,,,,,TRACKING,,
40.4289,target,1791286985136737024,-0.01493,0.15521,0.005241,626.1150,,,,,
40.4604,cmd,,,,,,0.00000,-0.12417,,,
40.4615,status,,,,,,,,TRACKING,,
40.4675,target,1791286985170094848,0.00000,0.00000,0.000000,626.1202,,,,,
40.4960,target,1791286985203452672,0.00000,0.00000,0.000000,626.1153,,,,,
40.5122,cmd,,,,,,0.00000,0.00000,,,
40.5129,status,,,,,,,,LOST,,
40.5281,target,1791286985236810496,0.00000,0.00000,0.000000,626.1141,,,,,
40.5606,cmd,,,,,,0.00000,0.00000,,,
40.5609,status,,,,,,,,LOST,,
40.5681,target,1791286985270168576,0.00000,0.00000,0.000000,626.1208,,,,,
40.5970,target,1791286985303526400,-0.18218,0.49585,0.003498,626.1163,,,,,
40.6117,cmd,,,,,,0.00000,0.00000,,,
40.6135,status,,,,,,,,LOST,,
40.6315,target,1791286985336883968,-0.23929,0.57824,0.004501,626.1174,,,,,
40.6602,cmd,,,,,,0.00000,0.00000,,,
40.6625,status,,,,,,,,LOST,,
40.6662,target,1791286985370242048,-0.29281,0.67790,0.005263,626.1187,,,,,
40.6974,target,1791286985403599872,-0.35089,0.79763,0.006354,626.1166,,,,,
40.7111,cmd,,,,,,0.52633,-0.40000,,,
40.7135,status,,,,,,,,TRACKING,,
40.7328,target,1791286985436957696,-0.40107,0.89329,0.005655,626.1186,,,,,
40.7598,cmd,,,,,,0.60000,-0.40000,,,
40.7599,status,,,,,,,,TRACKING,,
40.7647,target,1791286985470315520,-0.44446,0.94623,0.002335,626.1172,,,,,
40.7713,joint,,,,,,,,,-0.22703,0.90505
40.7974,target,1791286985503673344,0.00000,0.00000,0.000000,626.1165,,,,,
40.8112,cmd,,,,,,0.00000,0.00000,,,
40.8125,status,,,,,,,,LOST,,
40.8311,target,1791286985537031168,0.00000,0.00000,0.000000,626.1168,,,,,
40.8600,cmd,,,,,,0.00000,0.00000,,,
40.8601,status,,,,,,,,LOST,,
40.8642,target,1791286985570389248,0.00000,0.00000,0.000000,626.1166,,,,,
40.8959,target,1791286985603746816,0.00000,0.00000,0.000000,626.1149,,,,,
40.9126,cmd,,,,,,0.00000,0.00000,,,
40.9129,status,,,,,,,,LOST,,
40.9275,target,1791286985637104640,0.00000,0.00000,0.000000,626.1132,,,,,
40.9603,cmd,,,,,,0.00000,0.00000,,,
40.9604,status,,,,,,,,LOST,,
40.9637,target,1791286985670462720,0.00000,0.00000,0.000000,626.1161,,,,,
40.9969,target,1791286985703820544,0.00000,0.00000,0.000000,626.1158,,,,,
41.0111,cmd,,,,,,0.00000,0.00000,,,
41.0128,status,,,,,,,,LOST,,
41.0278,target,1791286985737178368,0.00000,0.00000,0.000000,626.1134,,,,,
41.0600,cmd,,,,,,0.00000,0.00000,,,
41.0609,status,,,,,,,,LOST,,
41.0640,target,1791286985770536192,0.00000,0.00000,0.000000,626.1163,,,,,
41.0968,target,1791286985803894016,0.00000,0.00000,0.000000,626.1157,,,,,
41.1136,cmd,,,,,,0.00000,0.00000,,,
41.1138,status,,,,,,,,LOST,,
41.1308,target,1791286985837251840,0.00000,0.00000,0.000000,626.1163,,,,,
41.1602,cmd,,,,,,0.00000,0.00000,,,
41.1604,status,,,,,,,,LOST,,
41.1649,target,1791286985870609920,0.00000,0.00000,0.000000,626.1171,,,,,
41.1956,target,1791286985903967744,0.00000,0.00000,0.000000,626.1145,,,,,
41.2104,cmd,,,,,,0.00000,0.00000,,,
41.2105,status,,,,,,,,LOST,,
41.2317,target,1791286985937325312,0.00000,0.00000,0.000000,626.1171,,,,,
41.2598,cmd,,,,,,0.00000,0.00000,,,
41.2634,target,1791286985970683392,0.00000,0.00000,0.000000,626.1155,,,,,
41.2635,status,,,,,,,,LOST,,
41.2908,joint,,,,,,,,,-0.22089,0.90505
41.2997,target,1791286986004041216,0.00000,0.00000,0.000000,626.1184,,,,,
41.3137,cmd,,,,,,0.00000,0.00000,,,
41.3138,status,,,,,,,,LOST,,
41.3306,target,1791286986037399296,0.00000,0.00000,0.000000,626.1160,,,,,
41.3604,cmd,,,,,,0.00000,0.00000,,,
41.3605,status,,,,,,,,LOST,,
41.3663,target,1791286986070757120,0.00000,0.00000,0.000000,626.1183,,,,,
41.3990,target,1791286986104114688,0.00000,0.00000,0.000000,626.1177,,,,,
41.4124,cmd,,,,,,0.00000,0.00000,,,
41.4125,status,,,,,,,,LOST,,
41.4306,target,1791286986137473024,0.00000,0.00000,0.000000,626.1159,,,,,
41.4598,cmd,,,,,,0.00000,0.00000,,,
41.4599,status,,,,,,,,LOST,,
41.4660,target,1791286986170830848,0.00000,0.00000,0.000000,626.1180,,,,,
41.4980,target,1791286986204188928,0.00000,0.00000,0.000000,626.1166,,,,,
41.5110,cmd,,,,,,0.00000,0.00000,,,
41.5119,status,,,,,,,,LOST,,
41.5314,target,1791286986237546752,-0.96625,0.93792,0.002014,626.1167,,,,,
41.5601,cmd,,,,,,0.00000,0.00000,,,
41.5615,status,,,,,,,,LOST,,
41.5662,target,1791286986270905088,-0.95694,0.90271,0.003275,626.1181,,,,,
41.5973,target,1791286986304262912,-0.95212,0.87925,0.003483,626.1159,,,,,
41.6117,cmd,,,,,,0.60000,-0.40000,,,
41.6135,status,,,,,,,,TRACKING,,
41.6316,target,1791286986337620992,-0.95303,0.89514,0.003707,626.1168,,,,,
41.6599,cmd,,,,,,0.60000,-0.40000,,,
41.6600,status,,,,,,,,TRACKING,,
41.6653,target,1791286986370979328,-0.95257,0.95096,0.002062,626.1171,,,,,
41.6970,target,1791286986404337152,0.00000,0.00000,0.000000,626.1155,,,,,
41.7115,cmd,,,,,,0.00000,0.00000,,,
41.7116,status,,,,,,,,LOST,,
41.7299,target,1791286986437695232,0.00000,0.00000,0.000000,626.1150,,,,,
41.7607,cmd,,,,,,0.00000,0.00000,,,
41.7633,status,,,,,,,,LOST,,
41.7664,target,1791286986471053568,0.00000,0.00000,0.000000,626.1182,,,,,
41.7907,joint,,,,,,,,,-0.22089,0.90505
41.7969,target,1791286986504411392,0.00000,0.00000,0.000000,626.1153,,,,,
41.8111,cmd,,,,,,0.00000,0.00000,,,
41.8122,status,,,,,,,,LOST,,
41.8320,target,1791286986537769472,0.00000,0.00000,0.000000,626.1171,,,,,
41.8606,cmd,,,,,,0.00000,0.00000,,,
41.8623,status,,,,,,,,LOST,,
41.8652,target,1791286986571127808,0.00000,0.00000,0.000000,626.1169,,,,,
41.8962,target,1791286986604485632,0.00000,0.00000,0.000000,626.1146,,,,,
41.9115,cmd,,,,,,0.00000,0.00000,,,
41.9116,status,,,,,,,,LOST,,
41.9325,target,1791286986637843712,0.00000,0.00000,0.000000,626.1174,,,,,
41.9603,cmd,,,,,,0.00000,0.00000,,,
41.9606,status,,,,,,,,LOST,,
41.9645,target,1791286986671201792,0.00000,0.00000,0.000000,626.1161,,,,,
41.9964,target,1791286986704560128,0.00000,0.00000,0.000000,626.1147,,,,,
42.0111,cmd,,,,,,0.00000,0.00000,,,
42.0121,status,,,,,,,,LOST,,
42.0318,target,1791286986737917952,0.00000,0.00000,0.000000,626.1166,,,,,
42.0607,cmd,,,,,,0.00000,0.00000,,,
42.0608,status,,,,,,,,LOST,,
42.0666,target,1791286986771276032,0.00000,0.00000,0.000000,626.1181,,,,,
42.0967,target,1791286986804634368,0.00000,0.00000,0.000000,626.1149,,,,,
42.1111,cmd,,,,,,0.00000,0.00000,,,
42.1118,status,,,,,,,,LOST,,
42.1309,target,1791286986837992448,0.00000,0.00000,0.000000,626.1157,,,,,
42.1607,cmd,,,,,,0.00000,0.00000,,,
42.1608,status,,,,,,,,LOST,,
42.1664,target,1791286986871350528,0.00000,0.00000,0.000000,626.1178,,,,,
42.1958,target,1791286986904708864,0.00000,0.00000,0.000000,626.1139,,,,,
42.2136,cmd,,,,,,0.00000,0.00000,,,
42.2169,status,,,,,,,,LOST,,
42.2302,target,1791286986938066944,0.00000,0.00000,0.000000,626.1150,,,,,
42.2607,cmd,,,,,,0.00000,0.00000,,,
42.2610,status,,,,,,,,LOST,,
42.2650,target,1791286986971424768,0.00000,0.00000,0.000000,626.1164,,,,,
42.2980,target,1791286987004782848,0.00000,0.00000,0.000000,626.1160,,,,,
42.3126,cmd,,,,,,0.00000,0.00000,,,
42.3129,joint,,,,,,,,,-0.22089,0.90505
42.3148,status,,,,,,,,LOST,,
42.3310,target,1791286987038141184,0.00000,0.00000,0.000000,626.1157,,,,,
42.3604,cmd,,,,,,0.00000,0.00000,,,
42.3605,status,,,,,,,,LOST,,
42.3647,target,1791286987071499264,0.00000,0.00000,0.000000,626.1160,,,,,
42.3984,target,1791286987104857344,0.00000,0.00000,0.000000,626.1164,,,,,
42.4114,cmd,,,,,,0.00000,0.00000,,,
42.4117,status,,,,,,,,LOST,,
42.4300,target,1791286987138214912,0.00000,0.00000,0.000000,626.1146,,,,,
42.4609,cmd,,,,,,0.00000,0.00000,,,
42.4610,status,,,,,,,,LOST,,
42.4655,target,1791286987171572224,0.00000,0.00000,0.000000,626.1168,,,,,
42.4974,target,1791286987204929792,0.00000,0.00000,0.000000,626.1153,,,,,
42.5116,cmd,,,,,,0.00000,0.00000,,,
42.5121,status,,,,,,,,LOST,,
42.5309,target,1791286987238286848,0.00000,0.00000,0.000000,626.1154,,,,,
42.5606,cmd,,,,,,0.00000,0.00000,,,
42.5607,status,,,,,,,,LOST,,
42.5663,target,1791286987271644160,0.00000,0.00000,0.000000,626.1174,,,,,
42.5971,target,1791286987305001728,0.00000,0.00000,0.000000,626.1149,,,,,
42.6113,cmd,,,,,,0.00000,0.00000,,,
42.6132,status,,,,,,,,LOST,,
42.6314,target,1791286987338358784,0.00000,0.00000,0.000000,626.1159,,,,,
42.6599,cmd,,,,,,0.00000,0.00000,,,
42.6601,status,,,,,,,,LOST,,
42.6676,target,1791286987371716352,0.00000,0.00000,0.000000,626.1187,,,,,
42.6965,target,1791286987405073408,0.00000,0.00000,0.000000,626.1142,,,,,
42.7124,cmd,,,,,,0.00000,0.00000,,,
42.7125,status,,,,,,,,LOST,,
42.7283,target,1791286987438430976,0.00000,0.00000,0.000000,626.1126,,,,,
42.7604,cmd,,,,,,0.00000,0.00000,,,
42.7605,status,,,,,,,,LOST,,
42.7662,target,1791286987471788032,0.00000,0.00000,0.000000,626.1172,,,,,
42.7976,target,1791286987505145600,0.00000,0.00000,0.000000,626.1152,,,,,
42.8114,cmd,,,,,,0.00000,0.00000,,,
42.8117,status,,,,,,,,LOST,,
42.8167,joint,,,,,,,,,-0.22089,0.90505
42.8311,target,1791286987538502656,0.00000,0.00000,0.000000,626.1154,,,,,
42.8604,cmd,,,,,,0.00000,0.00000,,,
42.8612,status,,,,,,,,LOST,,
42.8660,target,1791286987571860224,0.00000,0.00000,0.000000,626.1169,,,,,
42.8980,target,1791286987605217280,0.00000,0.00000,0.000000,626.1156,,,,,
42.9114,cmd,,,,,,0.00000,0.00000,,,
42.9116,status,,,,,,,,LOST,,
42.9309,target,1791286987638574592,0.00000,0.00000,0.000000,626.1152,,,,,
42.9601,cmd,,,,,,0.00000,0.00000,,,
42.9620,status,,,,,,,,LOST,,
42.9646,target,1791286987671931904,0.00000,0.00000,0.000000,626.1155,,,,,
42.9963,target,1791286987705289216,0.00000,0.00000,0.000000,626.1139,,,,,
43.0110,cmd,,,,,,0.00000,0.00000,,,
43.0122,status,,,,,,,,LOST,,
43.0320,target,1791286987738646528,0.00000,0.00000,0.000000,626.1161,,,,,
43.0609,cmd,,,,,,0.00000,0.00000,,,
43.0611,status,,,,,,,,LOST,,
43.0657,target,1791286987772003584,0.00000,0.00000,0.000000,626.1165,,,,,
43.0979,target,1791286987805361152,0.00000,0.00000,0.000000,626.1153,,,,,
43.1119,cmd,,,,,,0.00000,0.00000,,,
43.1127,status,,,,,,,,LOST,,
43.1313,target,1791286987838718208,0.00000,0.00000,0.000000,626.1154,,,,,
43.1599,cmd,,,,,,0.00000,0.00000,,,
43.1602,status,,,,,,,,LOST,,
43.1652,target,1791286987872075520,0.00000,0.00000,0.000000,626.1159,,,,,
43.1985,target,1791286987905432832,0.00000,0.00000,0.000000,626.1159,,,,,
43.2125,cmd,,,,,,0.00000,0.00000,,,
43.2138,status,,,,,,,,LOST,,
43.2309,target,1791286987938790144,0.00000,0.00000,0.000000,626.1149,,,,,
43.2598,cmd,,,,,,0.00000,0.00000,,,
43.2601,status,,,,,,,,LOST,,
43.2630,target,1791286987972147200,0.00000,0.00000,0.000000,626.1136,,,,,
43.2966,target,1791286988005504512,0.00000,0.00000,0.000000,626.1139,,,,,
43.3108,cmd,,,,,,0.00000,0.00000,,,
43.3122,status,,,,,,,,LOST,,
43.3308,joint,,,,,,,,,-0.22089,0.90505
43.3317,target,1791286988038861824,0.00000,0.00000,0.000000,626.1156,,,,,
43.3604,cmd,,,,,,0.00000,0.00000,,,
43.3605,status,,,,,,,,LOST,,
43.3662,target,1791286988072218880,0.00000,0.00000,0.000000,626.1168,,,,,
43.3975,target,1791286988105576192,0.00000,0.00000,0.000000,626.1147,,,,,
43.4106,cmd,,,,,,0.00000,0.00000,,,
43.4114,status,,,,,,,,LOST,,
43.4320,target,1791286988138934016,0.00000,0.00000,0.000000,626.1159,,,,,
43.4609,cmd,,,,,,0.00000,0.00000,,,
43.4615,status,,,,,,,,LOST,,
43.4653,target,1791286988172292096,0.00000,0.00000,0.000000,626.1158,,,,,
43.4980,target,1791286988205650176,0.00000,0.00000,0.000000,626.1151,,,,,
43.5114,cmd,,,,,,0.00000,0.00000,,,
43.5115,status,,,,,,,,LOST,,
43.5318,target,1791286988239008000,0.00000,0.00000,0.000000,626.1156,,,,,
43.5625,cmd,,,,,,0.00000,0.00000,,,
43.5626,status,,,,,,,,LOST,,
43.5677,target,1791286988272366080,0.00000,0.00000,0.000000,626.1182,,,,,
43.5970,target,1791286988305723904,0.00000,0.00000,0.000000,626.1141,,,,,
43.6117,cmd,,,,,,0.00000,0.00000,,,
43.6129,status,,,,,,,,LOST,,
43.6290,target,1791286988339081728,0.00000,0.00000,0.000000,626.1127,,,,,
43.6610,cmd,,,,,,0.00000,0.00000,,,
43.6626,status,,,,,,,,LOST,,
43.6661,target,1791286988372440064,0.00000,0.00000,0.000000,626.1165,,,,,
43.6973,target,1791286988405797888,0.00000,0.00000,0.000000,626.1143,,,,,
43.7115,cmd,,,,,,0.00000,0.00000,,,
43.7122,status,,,,,,,,LOST,,
43.7301,target,1791286988439155712,0.00000,0.00000,0.000000,626.1138,,,,,
43.7599,cmd,,,,,,0.00000,0.00000,,,
43.7600,status,,,,,,,,LOST,,
43.7629,target,1791286988472513792,0.00000,0.00000,0.000000,626.1132,,,,,
43.7972,target,1791286988505871616,0.00000,0.00000,0.000000,626.1142,,,,,
43.8115,cmd,,,,,,0.00000,0.00000,,,
43.8117,status,,,,,,,,LOST,,
43.8309,joint,,,,,,,,,-0.22089,0.90505
43.8314,target,1791286988539229696,0.00000,0.00000,0.000000,626.1150,,,,,
43.8612,cmd,,,,,,0.00000,0.00000,,,
43.8621,status,,,,,,,,LOST,,
43.8658,target,1791286988572587520,0.00000,0.00000,0.000000,626.1160,,,,,
43.8979,target,1791286988605945600,0.00000,0.00000,0.000000,626.1147,,,,,
43.9110,cmd,,,,,,0.00000,0.00000,,,
43.9128,status,,,,,,,,LOST,,
43.9327,target,1791286988639303424,0.00000,0.00000,0.000000,626.1162,,,,,
43.9604,cmd,,,,,,0.00000,0.00000,,,
43.9607,status,,,,,,,,LOST,,
43.9641,target,1791286988672661504,0.00000,0.00000,0.000000,626.1142,,,,,
43.9968,target,1791286988706019584,0.00000,0.00000,0.000000,626.1136,,,,,
44.0161,cmd,,,,,,0.00000,0.00000,,,
44.0162,status,,,,,,,,LOST,,
44.0300,target,1791286988739377408,0.00000,0.00000,0.000000,626.1135,,,,,
44.0603,cmd,,,,,,0.00000,0.00000,,,
44.0604,status,,,,,,,,LOST,,
44.0657,target,1791286988772735232,0.00000,0.00000,0.000000,626.1158,,,,,
44.0987,target,1791286988806093568,0.00000,0.00000,0.000000,626.1154,,,,,
44.1108,cmd,,,,,,0.00000,0.00000,,,
44.1113,status,,,,,,,,LOST,,
44.1326,target,1791286988839451392,0.00000,0.00000,0.000000,626.1160,,,,,
44.1609,cmd,,,,,,0.00000,0.00000,,,
44.1611,status,,,,,,,,LOST,,
44.1650,target,1791286988872809216,0.00000,0.00000,0.000000,626.1150,,,,,
44.1980,target,1791286988906167552,0.00000,0.00000,0.000000,626.1147,,,,,
44.2119,cmd,,,,,,0.00000,0.00000,,,
44.2127,status,,,,,,,,LOST,,
44.2299,target,1791286988939525376,0.00000,0.00000,0.000000,626.1131,,,,,
44.2608,cmd,,,,,,0.00000,0.00000,,,
44.2625,status,,,,,,,,LOST,,
44.2648,target,1791286988972883200,0.00000,0.00000,0.000000,626.1147,,,,,
44.2980,target,1791286989006241280,0.00000,0.00000,0.000000,626.1146,,,,,
44.3142,cmd,,,,,,0.00000,0.00000,,,
44.3149,status,,,,,,,,LOST,,
44.3299,target,1791286989039599360,0.00000,0.00000,0.000000,626.1131,,,,,
44.3511,joint,,,,,,,,,-0.22089,0.90505
44.3604,cmd,,,,,,0.00000,0.00000,,,
44.3607,status,,,,,,,,LOST,,
44.3650,target,1791286989072957184,0.00000,0.00000,0.000000,626.1148,,,,,
44.3982,target,1791286989106315264,0.00000,0.00000,0.000000,626.1147,,,,,
44.4115,cmd,,,,,,0.00000,0.00000,,,
44.4125,status,,,,,,,,LOST,,
44.4330,target,1791286989139673600,0.00000,0.00000,0.000000,626.1161,,,,,
44.4603,cmd,,,,,,0.00000,0.00000,,,
44.4605,status,,,,,,,,LOST,,
44.4648,target,1791286989173031936,0.00000,0.00000,0.000000,626.1145,,,,,
44.4976,target,1791286989206390016,0.00000,0.00000,0.000000,626.1140,,,,,
44.5112,cmd,,,,,,0.00000,0.00000,,,
44.5119,status,,,,,,,,LOST,,
44.5321,target,1791286989239748608,0.00000,0.00000,0.000000,626.1151,,,,,
44.5615,cmd,,,,,,0.00000,0.00000,,,
44.5616,status,,,,,,,,LOST,,
44.5662,target,1791286989273106944,0.00000,0.00000,0.000000,626.1159,,,,,
44.5975,target,1791286989306465280,0.00000,0.00000,0.000000,626.1138,,,,,
44.6114,cmd,,,,,,0.00000,0.00000,,,
44.6115,status,,,,,,,,LOST,,
44.6317,target,1791286989339823360,0.00000,0.00000,0.000000,626.1147,,,,,
44.6615,cmd,,,,,,0.00000,0.00000,,,
44.6616,status,,,,,,,,LOST,,
44.6665,target,1791286989373181952,0.00000,0.00000,0.000000,626.1161,,,,,
44.6972,target,1791286989406540288,0.00000,0.00000,0.000000,626.1135,,,,,
44.7110,cmd,,,,,,0.00000,0.00000,,,
44.7134,status,,,,,,,,LOST,,
44.7301,target,1791286989439898624,0.00000,0.00000,0.000000,626.1130,,,,,
44.7606,cmd,,,,,,0.00000,0.00000,,,
44.7607,status,,,,,,,,LOST,,
44.7654,target,1791286989473256960,0.00000,0.00000,0.000000,626.1149,,,,,
44.7977,target,1791286989506615552,0.00000,0.00000,0.000000,626.1139,,,,,
44.8117,cmd,,,,,,0.00000,0.00000,,,
44.8120,status,,,,,,,,LOST,,
44.8310,target,1791286989539973888,0.00000,0.00000,0.000000,626.1138,,,,,
44.8613,cmd,,,,,,0.00000,0.00000,,,
44.8614,status,,,,,,,,LOST,,
44.8651,target,1791286989573331968,0.00000,0.00000,0.000000,626.1146,,,,,
44.8707,joint,,,,,,,,,-0.22089,0.90505
44.8984,target,1791286989606690304,0.00000,0.00000,0.000000,626.1145,,,,,
44.9119,cmd,,,,,,0.00000,0.00000,,,
44.9157,status,,,,,,,,LOST,,
44.9321,target,1791286989640048896,0.00000,0.00000,0.000000,626.1149,,,,,
44.9603,cmd,,,,,,0.00000,0.00000,,,
44.9615,status,,,,,,,,LOST,,
44.9649,target,1791286989673407232,0.00000,0.00000,0.000000,626.1143,,,,,
44.9979,target,1791286989706765568,0.00000,0.00000,0.000000,626.1140,,,,,
45.0109,cmd,,,,,,0.00000,0.00000,,,
45.0129,status,,,,,,,,LOST,,
